PatientID,Age,Income,Cholesterol,BloodPressure,HeartDisease
849f20b9-62fd-4853-bb93-27402c55a9b1,24,53744,181,87,0
15fbe9e4-19a2-48be-8b2f-a09db88746a5,74,34065,159,130,1
1612b110-c0ac-47b6-8321-4da69b51bd98,65,105277,214,137,0
f6de5867-3a24-4333-854e-2bddc378d038,50,111962,239,153,1
9644234e-75f0-427a-939a-32f5d4e2ea2b,49,122714,167,137,1
32a6422d-e726-4224-8fe6-d469847c596e,80,144060,258,99,0
15d1b380-6dd4-457e-bf6c-9c6fcdece5b1,24,89683,235,117,0
306ab2c6-c068-4ec5-9cb8-42049a4301ff,68,129498,150,124,0
ba48cec8-88f3-401b-bfb1-41b62b465529,32,115955,289,179,1
86c1d455-f695-4b4d-8ad5-9a9ddb459ef2,24,63264,127,133,0
8068f11c-2852-4ab2-84cb-ebc96f37d851,56,131415,238,144,0
2af4a985-ed4e-4753-b16e-06965422adaa,89,36399,199,154,0
64013e58-3a50-4b02-87e9-47b644f04fcc,71,101867,238,116,0
ce840a5a-f8d7-4bf7-b831-da7143fdd4e8,73,142843,260,177,0
5c90110f-a345-42df-b2f3-3f7570cef82e,70,109076,244,148,0
e8ef1d6a-b92e-43b4-b503-5ae68cab8236,75,142448,237,165,1
963be015-d088-4c21-b7e7-f1a98cbe2c57,55,36739,272,155,0
2b94debc-a913-44a6-9b55-dadfbd0618b5,27,93890,247,142,0
e6c4f079-7c71-4588-aaac-aa09d5371945,79,123674,267,83,1
8f37945b-1a69-4f6d-8990-919daa0f171e,50,107078,192,138,0
12c576a8-c3ae-43b7-80a7-9e404ce5d0cc,54,135665,156,93,0
29f8fdf9-90c9-4cad-9ae8-3d551b5b1870,45,85512,162,140,1
48b0164f-2564-4f0f-885f-1a8e7e37c76d,31,111913,230,150,0
928f9bc1-a57a-477c-9fd2-7573cf6a3f8d,85,80372,216,135,1
cdb2a05d-0d1f-4194-bb3c-7ff4d73e4375,75,134655,133,111,0
e7611a68-fe89-43f0-b9a4-9b6ee7a223eb,65,44333,156,85,0
8c816114-4a8b-4bb4-accc-bf2dd9858fb0,47,60494,295,147,0
71c0d346-8b37-4faa-83bc-a87201dff38a,78,41610,251,150,0
d12aeddf-236c-40d4-8123-125e5d6110cc,57,114252,256,128,0
a01e6bfc-22ce-40e4-a433-8cbfb351677c,50,57928,155,152,1
44d3e579-988b-4d46-904a-e0e8c7d6762c,50,68056,131,158,1
c5676665-9438-4a96-a5e3-e391e4b46666,34,130397,172,131,0
6905c3db-e208-48bc-9b5d-be1b4651052f,24,73222,275,84,1
17148c44-3508-4ba9-9251-421cf818ee3b,58,47500,211,167,1
6553d551-409e-4825-9475-36f951ae99fc,82,32516,262,127,1
431fd0a9-aa81-492c-8c3f-e74e30106d15,22,57204,208,147,1
120cc9f3-7118-4b31-9e45-ecf10fffe303,80,139763,208,172,0
2d138eb6-70dd-4f5a-960c-cf526039dac6,78,95834,228,116,0
cd85cc38-a77a-4783-ae7f-82ded622e0b6,38,149380,293,142,1
32ae839c-19d9-4cd4-b5c7-7e51d8c396ac,64,55815,199,81,1
2350ea6f-e5f8-4f68-be30-45e17269a2bd,30,72177,227,169,1
2fdb4cd9-bee4-4e93-840e-8a2a650ec899,73,49584,286,85,0
cf9cf456-ee4b-4b06-886c-faca8a468ec0,69,77805,187,134,1
282ebf68-bf5d-43c0-9bdb-736c042171ea,43,97598,272,115,0
02222c3d-24c0-44f0-a1a8-e0be337e5247,22,126976,216,83,1
12ee8840-6d08-4f3a-8c43-5e1d3c80192b,88,74171,279,126,0
8a8029b2-d3d0-49b7-a4f2-e8b4c00f296a,50,122584,204,174,0
b83e5236-8a0b-4387-a150-93abb2db32eb,83,105139,233,96,1
9fad60f1-6a1c-48ee-86ea-e2d26f7c9ffd,67,65017,178,109,1
f97919c0-3a4a-4b43-93ef-4cb07a0d60ee,74,139465,234,99,0
e5a86dc3-b1ad-4771-97e0-8bc2d82499f6,73,82109,179,92,0
f5f5d66f-640f-4af4-bd10-a49a457f09eb,32,48119,230,103,0
086ae7aa-6d39-4c90-ad91-187b097f92c7,44,145524,262,137,0
f145d08c-720e-451c-bd1c-42841e05b3fb,52,139612,198,158,1
7315e742-20fb-4629-b9ef-00ed4fbb3d4e,54,35945,197,149,0
a8d3acef-bd0e-46e2-b2ee-5862cda8b2d5,21,138299,178,157,0
16cbc416-6c12-4f9b-a6e9-0bd31da59320,57,143686,252,152,1
b0b0e5c1-fe2a-41dc-8b2b-acc97cad36d0,29,129491,227,118,1
7bed87a2-22b4-4a15-9a83-4be27057d22e,72,60599,213,170,0
e4b19132-d3e3-4222-a8e3-cedaeddd0b8e,67,105754,124,97,1
23c68ae9-1a13-4474-b9a8-4fde0b347016,85,94589,139,150,1
338aca58-7b21-40db-ab94-62e79715b08b,72,104418,121,91,1
23dafca8-77ff-4a38-a1f4-c02b1de55a06,44,103973,273,157,0
f69c8a75-6674-4d6f-b5c6-a7092aabf6a6,88,106706,274,88,1
8925c185-c6ee-4390-81a1-8eae351f276b,47,91680,132,101,1
9c1d72a3-0bff-47b9-bf76-2d637969299a,41,112860,128,119,1
66a39dca-37bd-46ff-80a0-3fbc491278d8,84,93193,261,150,1
0e17ea2d-b469-44d0-aaa3-667256a72396,45,31977,214,84,0
97efa018-93e2-4e20-949f-d6634d1f5e99,23,34233,175,105,1
ef6fac8a-13b5-460a-8c8f-d059b0f0baa5,52,144972,231,113,1
5e2427e2-3c1c-4147-8469-386ce24fd517,76,139110,162,153,1
0e2faac0-4b16-4ef7-848d-2b0e03cbded6,31,100273,155,177,1
59e75ac0-31fe-41a4-806a-287e369aad1e,51,50950,186,142,0
23679568-6e61-4b72-8b4e-8112cf355ac6,27,123776,282,131,1
126e31e1-465a-4a6d-9a8c-241a6b743d9a,68,47194,258,113,1
42c2c531-6b52-4761-9683-a9690bc38280,52,75274,154,163,1
139ca9b1-3e8f-4fc8-aab6-ccd42b57352d,42,69583,221,90,1
6c7e3c3f-d353-4898-b6d4-dd1c5055bd25,34,31487,280,93,1
2e66dc1a-e876-41a5-87c8-c0479d37bb41,59,126842,292,100,0
d1627353-706d-47b9-bbe2-b45b39a0a5c4,66,91168,258,107,1
f290b35d-48aa-44cb-bb3d-a6abcf284f40,86,67950,143,126,1
670f0659-efcc-42ef-ac77-c1b338105795,49,90863,163,175,0
38c1a8d0-3489-490d-93fb-9dcd329e45e2,29,30000,159,145,0
f07a9838-1c8e-42f7-bb78-086919d25742,78,82439,147,118,0
364e493c-1c1d-4436-942b-75a314e89eac,63,92350,151,101,0
ec0a6802-74a3-437c-9f87-25d8f8fc6d3c,69,70766,177,145,1
581543b7-8be4-47bc-b084-8063dc1909f8,25,129646,220,105,0
1f1ce87e-c83b-4700-b88f-4579c849be37,40,59979,192,178,1
9a1b0291-daf3-4a69-af1c-5be1d6a5bfdb,74,46539,196,128,0
9ec7401c-ee7c-4e88-9315-a4c388ff07a0,78,93305,164,135,0
b95d2982-1671-4a62-8a64-e7ce306b5ffd,49,136474,147,171,1
4cca4420-c52b-4093-bf8e-d466dfcac33f,76,75033,300,110,0
b935cac5-c994-4adc-bd8a-c8bfcf511344,79,35595,228,127,1
5f4ce4db-a441-4174-b142-bcf91644b3ec,46,146392,161,133,1
0a2d2932-4007-45b8-97de-6cdf819b5234,83,83316,266,107,0
8e949077-70bf-4e4b-9da8-d4afb6ef59ba,39,50751,270,85,0
8d2e2124-d1e5-4090-b510-d03c5579c60a,35,103874,294,108,1
c5fa5e60-76d8-4034-83de-a517a911b46a,67,68360,148,91,1
9690c9f3-811e-4261-9c5c-67f56b44a386,64,142535,235,148,0
c12d6695-7a29-405f-a92e-3fb8473d30f0,28,65275,297,80,1
e05bb3fd-8d4f-49a2-ba2b-c477bf1ee9d9,78,96016,266,111,0
306be25e-3985-4605-bd98-9ea9cf2b48bf,32,95197,160,169,0
35c5c0eb-307a-40c0-889e-7765da08e7ff,76,59093,281,137,1
57e80216-25f6-4e6a-bf63-a7fd4bd590a9,18,89914,196,147,0
1bd173fb-3324-4988-b5c7-55cba72f9439,76,43088,208,147,0
7e018f2a-3c5a-4c47-b3aa-d736e7068866,75,107249,221,110,1
3b028cd4-0c7a-4b6d-af43-d8fb7fe0031a,74,120998,259,143,1
5b9ccc12-ac82-4d1d-98e0-99de26a4ebe2,66,144001,141,102,0
49832133-33c6-43e4-aba6-cd1fb799955d,52,69093,217,144,1
0e97c86e-a747-4bf3-bfc1-2e50a00906a7,69,64226,267,148,1
fa155f2a-9df3-433a-9aef-f44b7173c02c,38,95857,219,168,0
ae058ba0-2dc3-47a1-92cf-85f83d485c8a,74,113133,169,172,0
6e41d7ae-49b6-4acd-a180-a7720d98947d,58,149096,130,82,1
0c48588f-8369-47ff-919a-e2da85e42ab2,51,33004,219,110,0
b9ad61da-71ed-4132-ae8e-eb7d571fe76e,54,58596,247,135,1
fcab34c2-a34f-4515-83bd-3c8ed73c2f2e,59,61486,219,112,0
a6b6019c-e827-4e20-b03e-1468ffca1004,20,60646,297,142,1
a540a52e-574e-4064-afac-dbec0c70a28b,28,85646,229,166,1
0bab50d7-4161-471a-b04b-079382de1af1,35,134750,211,106,0
329831d4-86fe-4c5e-aac6-38ebab834599,26,33719,130,170,1
509cf253-3167-43f5-9214-f6ba544a0451,50,127901,221,169,1
66dcf518-4b25-417e-b9da-fbebef19b272,66,104120,150,172,1
4feaad04-cd4f-4c53-801f-6e01f93cdb5c,65,103824,251,87,0
6c5c97c1-ace8-484d-a04d-8f29ba54e648,52,111397,149,109,0
26078007-6bbe-4e00-b9bf-6fca88715f1b,80,43849,284,92,1
d656863f-bc4a-4c26-b297-b6ec475124e4,59,119608,174,92,1
e48853b4-82c5-4e47-8f23-084321b77c2e,23,59776,198,85,0
1e0ea221-8dc9-4ec4-9cd1-e7221be91c15,73,91989,146,124,0
7eab69ec-a041-4a51-8e57-5f4938218d06,59,111226,158,88,0
61bc9183-409e-498b-b684-39553a5ee796,64,102473,286,109,1
b17150b2-1d02-4838-86a1-68fb8071c3cb,59,68775,171,179,1
c002b108-e2b5-4803-b12e-451d5bf044ff,58,77528,212,169,1
3e2223f4-d45c-4181-80c1-e061944291df,24,87181,297,174,0
01ab6201-4af1-43f6-b7f6-b939c31ed3af,58,34950,232,83,0
bd92e096-7ade-4fba-870f-c020321fef3d,76,117125,127,146,0
1ad442cd-6f8b-4177-a00c-3e564a6e409f,40,41994,184,144,1
09f4a035-98ee-4ffd-8ae4-097ba32c866d,62,85030,190,93,0
6d90a5db-2108-4fb1-8d8b-4208c74c5167,20,108600,170,171,0
d5e71808-4628-442a-ad8f-4bb5597bd0b3,43,39647,163,120,0
1d255476-f09a-46d6-9983-4b814b321f38,49,149467,211,178,0
cd3e1e56-9742-45d2-b2f8-7ffe7a6165d6,89,75267,188,91,1
8c460d07-2463-40c4-9090-84ed133f9fc5,33,31896,173,145,1
1d6a9855-6543-4ef8-b8b2-a95655ab6668,38,109036,194,93,1
809186a3-5223-434a-a7a4-800b7bdf18f2,47,96910,182,175,1
59228eb9-3e4f-447e-a882-5096c650808e,90,106840,161,141,0
0d46bb3a-0072-4c55-8912-8423667e4ea2,80,120121,201,87,0
aafffe0d-9f2d-408d-9428-87e106a030c5,20,87076,290,101,0
ede4a0b6-87f8-42ae-823d-af343f16fa4e,35,129213,211,116,1
1d9d0118-071a-4ffe-b5b3-ec30c9abbae0,77,74418,228,81,1
36b46faa-d366-42e7-8877-b85c9dd229ad,22,95425,298,80,0
86795d99-8244-45a6-bd4a-abb6d01962a3,80,49022,231,173,1
bd41a475-939c-42a3-ba19-3fc8b48205a7,38,104390,160,179,1
b4bed292-4b25-4f41-93a9-0a3bb2053e6c,84,61391,192,134,0
6b2fd1f4-cd2f-4aac-aa27-e56200430fce,39,113607,208,171,1
f34e3e62-04c3-4f04-b7ce-b239f0eec397,49,126127,205,146,1
d6fc4a3c-6b55-4a54-a997-454181afba25,66,133076,147,82,0
88e6d123-79d8-4eff-b22e-414fb1b28486,27,141490,139,152,0
42213636-a2f0-40ee-8678-e9a0a83f78df,58,44674,183,81,1
ddc23147-d6db-43eb-a986-afdb2560cf68,54,46559,285,162,1
1d3a4bdc-3bd7-4ce1-9d1a-6c91a99050ad,75,141142,249,117,1
f1f193f1-0b8f-4042-b843-cb01315e82e3,90,75699,272,94,0
80a14ff6-adf7-4f70-8a57-914087f55ffc,66,33122,151,106,1
4c201935-fc3d-4ee1-bb0b-e36b81916af5,47,64439,194,149,1
37595437-559e-4777-9e79-6d6eb04e515f,47,130344,225,165,0
d5e336f2-9ad3-4c74-aeea-4d860ae08b44,48,72599,198,137,1
9dacf1c6-e73b-4b74-9a99-df481641ff99,77,39208,195,96,0
f94eb90a-ed52-45bb-b201-b5ba3701a0ca,41,116653,185,170,0
3b57712f-6fe8-4d58-8908-3070201076dd,30,53355,129,159,1
0d3b403e-a1ff-406f-a167-9a890bf05758,42,72336,275,121,0
9cbc5ebd-078b-4fd2-a92b-1704084f1405,19,30467,288,136,1
3cc25252-dd02-4150-a278-09a292b9f98b,25,102240,134,177,1
3c1a9c0a-2d87-4fa8-9abd-bdd93711d13c,24,83431,194,118,1
e8a45499-5096-43a1-ab2e-812634eda76b,74,134046,213,82,1
dfa88b97-67ce-4743-af63-1c7f73756a1b,70,70123,261,94,1
5dc1cc6e-a763-4935-974d-0ab78b1b91fa,68,54552,298,140,1
887204c1-6836-4900-b300-e430e4410f52,51,49919,195,180,1
aee18318-196b-459c-b242-26e32812bb9b,70,54019,255,154,1
bf1b6284-63f1-40c0-9ee1-c9899f8ae7e1,29,84131,289,142,0
417234c4-6d65-4418-beba-56c40ab0a7a8,83,40460,270,112,0
8607a665-afc0-4274-9cd2-dc8d487716ad,54,78284,172,124,0
6df599b0-44cf-4443-b55e-31b56a737032,86,132562,267,83,1
2b198ef3-8193-4750-a2a1-c6470e9b85e3,29,122120,194,117,1
3c0beda5-14f8-4c68-9f35-e012c8e6dc05,54,106471,123,142,1
32949e6c-7e15-4348-a37f-6f14606fede3,68,137176,257,171,0
60f36a0c-8a81-4bcc-9a64-708d16145e9e,54,123626,271,173,0
d628703f-8f1d-4425-ad24-e65b2084ade1,50,108308,182,162,0
1f81e57d-f4a7-4219-becd-c206653d924e,30,133568,201,82,1
0d80343e-0353-4cec-86d1-4b962305f406,45,44929,185,161,1
7b81c927-47e4-4133-996b-96712cd56d2c,35,128191,141,102,0
25e31b39-283e-4df6-a28a-cd81dacc30ca,40,65447,300,142,1
8cf0f20b-880d-4794-8a44-cd6cfc7862d8,67,117968,124,175,0
b6e86acf-2259-4ae8-beee-97a655f0a663,64,139599,220,169,1
69662cf8-322f-425e-8492-3057038b362c,62,89523,122,147,1
1527d386-99e4-4323-a8fb-b6cc088fbf2d,44,40648,244,110,0
5d79a293-8d88-42d3-869d-2c8bc300e6cc,88,74427,283,132,1
59b24980-15db-478a-a2f2-bdb6021ed15f,24,78823,236,151,1
fd38e794-7c32-4592-8f91-cfe98eafd01c,43,142409,229,131,1
82b901ca-d0fd-414c-a8eb-a37b3c96e35b,26,143101,269,120,0
cd693f3d-bceb-43e7-a6b0-ef3aee7130d9,42,98216,296,120,0
97581963-b990-4214-8a2d-155f7164636d,88,144080,275,140,0
67ba0686-3686-4c14-879e-1a73c3c9e5e6,44,82355,161,83,0
a021ffc0-ec0f-4ff9-8279-a97e0fde987c,84,79344,221,180,1
13d1c32f-8370-4f40-89e9-e38130e356ed,54,130381,268,90,1
e3e1d013-1c2e-4a34-8b16-ebefd2b5c430,69,110088,173,179,1
4065508e-7501-4c28-865c-091519392a89,51,92685,242,83,0
225907d5-723b-43f2-83e1-1fadd7d80e0b,37,84809,124,131,1
acc9c751-24df-41c6-b6a4-c3de48ccc178,73,114673,278,122,1
b61c54cb-9ba1-4854-8698-5ccddf5dc13d,88,120416,231,137,1
90b759b4-d733-42d6-a13f-f913fddd99ea,37,88871,254,123,1
b752136e-557d-4499-b65a-71a79067d576,74,33789,269,170,1
d4639609-e9c8-4edb-8bcf-a53608516bd9,37,42220,159,81,0
dd4a7246-a055-4ee1-a8af-6acc1f8321c5,70,47299,201,179,0
cfd2b4bf-8bbc-4f86-babc-958be9bebc46,75,85451,275,149,1
d751634e-b687-4a46-9037-f34a927bd5fe,50,103704,149,158,0
c58047a6-a509-4c71-8f34-4d68d96f6cd7,71,126452,268,94,0
8c7fc50b-fa81-4cf0-8409-1bdc0807f6de,37,57906,172,86,1
ecb95fe2-d1c6-4511-8093-be9b32b93b79,23,124392,224,120,0
7ce8ec43-3c42-4214-a90c-8ce5075df0b3,25,109926,212,112,1
7b9a4118-dc4b-42e8-af41-d2dded06a2a5,50,36198,244,159,0
687299db-e9ec-4032-8575-fabb049ba538,83,72147,271,170,0
75edc1e8-0f07-477e-b296-58f895cce29e,27,66319,183,123,0
5e31fa24-aece-4b14-b91c-c4a113fc8225,51,136398,151,157,0
4549f23d-159f-4b73-8e63-d3f83e911cb1,69,140544,196,86,0
84c3662a-3f74-4e31-bf45-d9e4cc22d603,32,128311,230,154,0
9e8a674d-1aa0-4a06-afca-adeb077a3cef,70,93361,255,90,1
7112162c-c32f-4c16-a16e-6939d7ad0a01,40,89141,256,147,0
9c2e1b9b-2cdd-44ed-bdfc-09820297e41f,77,67378,181,118,0
913ac83a-82c8-42e8-a496-0c98ac6b51e0,60,122748,289,121,1
e620cf2a-612e-4578-9765-ad089435dfa9,57,40353,135,107,0
2a6793ad-cc37-4873-8c0b-466dc6dfc3a4,30,62536,141,120,0
7162666b-2662-49d8-b7d4-707cc9561041,51,46225,124,168,0
a654f609-51dc-4b3a-8e0c-c13a2eef97c4,80,89311,287,161,0
152181d5-bd04-4806-bd81-67bad1fd25d1,19,65971,152,114,1
44c9dfdc-ef6c-4a1c-9121-58aa45679e93,73,53698,228,109,1
28a702c2-a197-4755-9c3a-427d77f10ea0,53,75170,267,131,0
a1d32923-b5d2-4e06-9f60-adc2a140942c,70,133307,258,149,1
f773a460-3816-4350-9610-29671c630866,66,96961,291,98,0
8678536a-bdd7-4698-9bcc-ce9bac7dbf11,49,128768,129,153,0
0e3cdf32-0719-4854-b00d-4485caee94fb,40,139669,193,175,0
84f81c72-c06a-416c-ab50-fe76883affb3,63,138258,211,165,0
09912c50-8160-468f-a2f1-022abf3226e7,28,72120,246,135,0
a955bdad-907f-4e40-875c-3071f8e3cd5f,60,135298,232,112,0
ae9c06fb-633a-49e3-99e0-1f6b0e2000d0,24,139126,221,112,1
d051f54a-e7f7-4990-9bd1-3f361f752779,65,145152,175,154,0
b71ac0e9-768e-4f43-b8fa-394abf423a02,63,72120,139,125,0
63d3e6ee-184c-4fac-9103-897de71bf0cc,24,57400,198,90,0
8b90f0ba-258d-4864-9ea7-3aa5fa621139,73,100113,166,148,0
a597df94-3da7-48c6-a825-11bbf669822a,48,141819,220,93,0
516e809b-a4dc-4d4f-a241-25c11d9e0ab7,75,138075,264,179,0
27dcc205-664f-4382-a900-c789f7ace311,21,98546,220,122,0
d0b32e7d-1b8f-4b85-be5e-85609e68d4b9,31,47908,225,114,0
0eb76284-0c2a-452f-b808-1c1b388241ad,54,80699,127,85,0
c4c73b01-207a-41c6-ad51-b2d5fa8bf052,31,115695,236,96,0
3e8fbc8d-7025-4752-b323-d74139fd1ddf,42,97245,199,175,0
b74157c0-b782-4ab0-90b7-917db64dbc08,66,71456,142,134,0
2c5ae0a0-bc42-4751-96ff-345b5e81489b,28,71112,158,171,1
74664569-5bbc-449f-8a5e-b9cf60afd99c,67,37170,261,176,1
ca9bc8f0-41ad-421f-a219-1e6e33f4f0d2,25,64626,285,84,0
c9cae1b5-ffb8-41c4-b219-9e7aa5dc29b8,30,110325,211,118,0
c5a52490-9bcc-4a86-a007-a92082de6566,60,58957,296,164,0
7abc4939-ba72-44d8-992f-fa48fa60687e,75,149208,152,130,1
b3457b98-c416-4b6d-b340-1fae0f8021d2,30,39891,174,131,1
9f30c9aa-35db-4525-bac5-d09c4ddfccc6,39,100653,288,137,1
3b59e375-0187-4506-ba53-f526c64a9979,85,89588,151,150,0
ff467564-f5e3-4180-b895-94a44abb85ef,90,129997,239,174,0
8848f1b4-cbc0-45a4-8536-8d6a27f70503,60,136532,159,169,0
a035dc76-20e2-415d-b9fd-80c66be8c33b,50,95218,179,143,1
56dca462-9eb6-48ed-accd-9cbaf50ecd5d,43,105618,206,138,1
9cbc06df-8c95-4903-9644-e67cb30b7c94,62,113875,185,116,0
a6a09667-49b3-4d47-9a0c-5c6ed8f6d4e6,61,92517,278,91,1
3a5b03af-c752-450b-a3da-4d279b96255b,39,52186,296,151,0
6303c91c-0c10-442e-af84-a5ea696f60ed,19,81431,210,80,0
9706d9e3-515f-47ae-9f8a-0adbf9e79422,29,58986,215,150,0
f4f30c60-7db3-4447-9901-ffb81baeaea3,87,85728,130,130,1
73c0edfc-bf33-4fe4-871f-5c19aedbe074,48,103819,162,159,0
7ce8efa6-3c25-4e00-9428-53f752c6a7d6,53,55113,127,175,1
d7969642-5593-49e5-9b34-0abda1bc6883,52,59931,275,135,1
490c3196-0b69-4b92-83cd-fcd1d48578da,75,128753,161,137,0
f8eade19-7db5-4e89-9b37-ed38c6ceae86,22,75328,181,129,1
1307f3fb-b70c-4b5d-9159-d8046b66e611,24,53806,272,117,0
1e9cc582-fea4-47d5-89ff-feeb0047590a,38,115581,249,88,1
9f92f3b9-5dbb-4ac6-b06f-8ae8383fa712,53,115995,232,83,0
6de55d48-589e-4c76-beb3-2be355cd2e81,66,129139,126,153,0
e6f90a28-8824-44f9-9c08-fc92ea6a219c,53,121198,221,172,1
e1be5c9c-8c82-4291-83c9-a55cf15a8716,50,149037,221,85,1
df7deb3c-e987-4697-9ffa-c9dd68f1e80e,86,98984,177,113,0
6f5370a0-050b-4a92-b3df-2524300f11ed,29,64418,254,141,1
e2bf1cd7-290d-481f-9e9f-a537ffa8a09c,59,133552,288,151,0
d77d193f-ae4c-4161-b552-a28e834272e0,57,61778,166,154,1
3c571663-7da5-4290-b73b-06f1c016233e,52,64926,179,150,1
980ac170-d3d8-4d92-a048-222c5d5ca785,76,129420,178,88,0
7324ffe2-9025-44f3-9614-3bedc8c14332,37,135794,271,105,1
11f9d6bb-ecd4-4943-8424-8fadd15d07fe,87,70721,134,127,1
7a68e7cd-02ea-4567-a0c1-dd045387e63f,42,117529,282,86,0
0de4c080-1d35-4d98-9660-ec0c5e2dd95c,57,140688,260,114,0
cf4b0ff5-f380-432e-8e35-0d3e35396f50,56,125850,207,118,0
46701e31-5f2f-41c4-b307-8746bc36d17a,80,30599,225,178,0
22be3015-bbb5-40c5-8b7c-8cebfc11bef9,50,109750,281,112,0
44babc7f-c88d-49d9-88ef-eff2e72d2396,38,50387,259,178,1
2ccac392-d082-4111-8e08-319170eaae56,19,131562,170,150,1
cb7f27cd-90a2-4373-bede-14f2502c10c9,44,38044,129,149,0
2a16da70-01aa-4df6-ac4b-b8b51b81ccd4,78,149172,239,162,0
96dd1914-80eb-421b-954b-ff64cf8fe8da,18,51279,146,165,1
94e8de05-d424-4507-b726-d5028cea8744,83,80419,135,102,1
e63342ba-d8da-45f9-8b10-b1191d18e803,57,58090,297,122,0
0500b77c-7d02-4cfc-abec-964458534018,28,127670,205,133,0
bab6308a-09b4-435c-9ee4-f6b18bd7d547,40,77220,237,178,0
e371c60b-6d96-44a1-ae85-1e7fd0aeccb6,58,119350,159,84,0
63d3e668-446d-4879-aea9-6624124675c4,41,38066,138,128,0
dd043e1e-b9a4-4f9f-b6bc-a106cf2805e3,25,84344,131,101,0
465218b1-f350-4316-9ac9-6de10cb19860,66,139327,184,100,0
f7350130-dea1-4c4a-88ad-f80baf333da6,67,141234,120,156,0
a7a5edbd-38aa-4cc5-bdfd-aca3f308b28b,26,55043,196,100,0
86212548-00a4-499b-8c7a-46c635d10989,38,77331,178,160,0
70c457f0-0aef-4c90-bb29-ae249d80fb10,35,79094,215,180,0
192645be-5380-4a8a-aadc-6340a0baf5f3,66,97856,226,158,1
b69ccf74-ed25-4918-8cf8-631e9872f0c0,71,94480,175,97,0
8f343935-b2b8-484c-b212-48cb48f969ab,71,42713,202,94,0
b17bd32e-0a5e-4124-a56c-a92477ee737e,86,121520,134,124,1
3e3aea6e-0879-43d8-9023-652a44448635,74,57093,174,135,1
7b10dd86-c815-427a-bdb3-3342063b7544,41,67793,297,158,0
833c27d8-b2c4-4aa0-80b8-81de2353616d,25,130884,299,122,0
d250cd28-77ae-4a4f-bd56-e44165d15823,62,112758,207,96,0
1291f961-367d-40e9-b30c-7a97e36a3886,84,77586,290,180,1
056932db-f584-4f5f-96f3-63fdaf6d690d,89,139497,210,171,0
42d2a46d-33ea-4358-9bf0-1cfbc663edd1,34,77290,142,146,0
a6ea9dc8-312c-456a-ad4a-eb6fafbb54bd,35,97860,277,150,1
13039c82-1ac3-4f20-8439-9f8f09804872,20,59517,195,174,1
4859e94d-41bd-47b2-9591-503a43721f87,28,51983,230,127,0
970535e8-3f9b-4d17-a51f-9a42095738cf,58,88993,237,94,0
5c10ca5a-c665-49af-866d-be64fb857798,57,97562,175,141,1
af53db67-b542-426d-b127-445ce9d5000a,45,126698,252,125,1
7011c5bf-3905-4bb9-b824-00d6cb402bb6,40,76908,210,160,1
746b49ef-3951-4c10-a8fc-feb23e1ebed7,78,137420,186,157,1
b3ec8198-a1f5-4a63-913d-f8299c5b2a7e,51,102886,173,127,0
3dc6a63b-8ce0-4350-83f4-f7912f8a5cbd,77,38413,255,117,1
34083f7e-f2e4-4a72-a67a-457e9a9fc1bf,88,118692,165,122,1
17a22b57-f239-4d31-949e-2cd0fc921d04,41,98979,142,143,1
320c0fac-f21a-4d87-97cd-caa78865bb01,32,76722,279,144,0
c0202126-fe12-4af3-8b0f-35369f2ec5f1,87,86073,180,131,0
426a2f6c-e641-4bbb-b07d-3084319f1a37,64,66215,236,133,0
1d8325af-6215-4544-bf67-fdf634d94af1,39,103714,249,180,1
0666b78b-20c4-4d4a-a7a6-2a59ed6f9c7f,63,98034,271,105,1
e57e98f2-e9b2-4be0-8092-8679106abef1,55,83673,233,97,0
b5a055ac-c9eb-43d2-8394-68d4d514638a,84,64223,248,160,1
aaa1c15c-947f-4042-809f-20d05d1f22a7,36,77837,271,174,1
04432f7d-5abb-4312-a7cb-b2401a4627a5,90,89741,290,141,1
c861405d-600b-441f-8fcd-bf6ba1705d11,86,86626,128,120,0
53542dbb-8d7e-42ac-b6eb-e46197a9eb38,31,67115,254,115,0
6e5f9acb-3f4c-44be-b423-4f62ed00f595,30,99840,151,127,0
29142a44-eeee-43c9-be2c-6bd8e7f4176b,56,57185,281,85,1
975585b0-0022-4606-b5fa-0de36b32739a,21,90118,128,133,1
0944d753-5ec9-430d-a12d-31fbd8463532,39,44586,164,107,0
dc3fc23d-1b06-4437-8b2a-300e515188e4,49,86657,154,106,0
52e6a9d9-7924-48bf-b4ec-40831445f2c7,88,124078,229,136,1
e73f8e58-2f1b-4a3d-b5dd-c85a70a20835,90,128141,120,177,1
79bd68a3-5775-4f00-b989-262b443b592e,29,113363,123,100,0
c54e3f2d-0136-40f8-9c30-b1f19c403ae9,83,119478,211,172,0
88d7d100-a7af-4011-8793-49acf825ade2,24,37914,295,132,1
1c5c544a-18d5-4581-a5c5-afcfc8f98932,72,70965,215,178,1
251771b6-654e-42e6-ae30-3a0efda1f69d,79,108510,200,118,1
8b366a74-f6a0-4762-9da4-36fa38f82bb5,83,126070,239,180,1
f645362a-db44-4008-9e7d-a2c618468c5c,34,99942,219,146,0
9faad048-7e07-40f5-8e6c-e58124625404,83,132438,189,147,1
4ee3d196-191d-453c-b72c-cf55d21c07a3,26,62767,226,136,1
dc41cef7-04b5-4b99-8187-2f800b977602,55,48419,120,125,0
d915b1e3-953b-45e4-b780-f459f5fe70b1,52,40365,164,133,0
7064f546-4571-45bb-a719-7495106e7fa7,41,99922,241,165,0
e95fd99c-d83e-4134-bd52-ba35a99d53ed,19,109822,181,160,0
0cfc87ac-365b-430f-824c-c5a8313e6003,74,64237,129,82,0
3921aaec-f5ed-4358-a638-6b3f79baec62,42,124039,142,150,1
665ca21e-3de6-4867-94b6-200a68d5c98e,66,118701,276,164,0
31201c77-1a38-445a-a7a6-e77be9a19710,47,73216,179,155,1
4ac08ac6-9dd0-4c92-9612-749b62cbd4ee,45,58654,124,130,1
18376663-4c40-44d7-a8eb-f41c2d4c80a0,82,119078,251,113,1
8410e128-5b5b-4d08-8b21-fcee0bd1bf40,24,110569,216,147,0
e88914bf-41e4-413c-b5e5-40650b714f7f,71,50494,201,147,0
90206a78-d227-408c-ba8d-018719114599,72,60615,281,117,0
8a02690a-a577-4bd7-8d35-8db1abd5897e,45,88316,176,121,1
ca011c01-c5b5-4110-a3ea-627570c17439,37,91337,223,117,0
267b13e5-5a6e-4b3f-ac89-2599e484a0ba,18,49915,254,84,0
1850b508-ede3-45af-b5d9-f7d93ed098e5,86,143838,230,83,1
44992691-4e3d-4474-850a-a4fe8be74a8e,87,76638,157,88,1
a5af7b8c-6548-469d-95f2-72cd85e76508,35,75757,243,122,0
54cd1163-5f18-4d8c-9fcc-ec78f812e698,20,37263,254,131,1
1f4d0cab-48d2-443e-855d-212c11f1d5c7,26,135089,142,121,0
36309b27-af0c-4b7f-bda1-8be405ae6b85,22,58217,149,176,0
40e63c33-c765-4ecd-bf73-333f662f3751,78,148434,242,102,0
3599fc8e-61f9-4024-8dcf-424851d04ee1,83,89522,141,119,1
25c33805-6513-4f54-a6c3-27ed915c14e1,29,134982,279,104,0
df0fd681-f8f8-4f7f-bfd1-d0b18f753266,72,51494,139,110,0
73b287ec-c474-411a-ad1d-adba427c3714,31,49904,296,138,1
d58cb52c-4743-459e-9297-d8d7d5c94697,44,126134,241,111,0
90787781-779d-40b3-82bf-5f8c6fc22385,61,128359,200,112,0
415094f7-4d0e-4e3c-b101-25917f7252b8,70,95171,168,147,0
ad5a4fad-16ec-4db8-aa5e-b9921035133f,81,33857,182,163,1
f8e11812-6319-4acc-9f32-ebc95350d28f,21,143247,255,101,1
f94cb89b-4c18-4743-960c-ba6783b19f91,32,77196,256,91,1
39356a46-da93-4a0f-bf10-567347af1366,38,142319,157,104,0
47fe91e8-8710-41b0-8979-0493340563ea,40,134488,218,138,1
2ca36704-347b-45d2-9f9b-9f33c839b373,90,132179,299,176,1
947884ed-b51f-48b4-ade4-18169adfe943,74,112650,166,96,1
5c937cff-6256-4e06-a248-e853859a5db9,41,110790,245,84,1
5d4eeaa8-37ef-4111-a7fe-fb448e624d53,88,93929,151,133,1
dbebded7-ceff-4662-8103-2296bfe74e9d,54,32973,270,180,0
1856b6fe-b3ff-4dd0-879c-1a6d0fb9a0bc,54,76544,150,135,0
6e1736d9-b136-4f9b-aeb1-55773c710fa4,49,117665,173,173,1
dada77c8-f7b5-4415-9a2a-5db82251778a,28,127476,203,144,0
19019ad9-dde4-4e5b-9a00-41acc8b6ac54,86,97148,187,83,1
a652e78b-542a-4504-a6f6-97c405dc06b1,19,115147,150,123,1
21670f4e-5a0d-4415-a11c-1d53a2074daf,30,32609,236,157,0
b47afb52-f9ea-4656-9203-83dbeba5d935,34,86209,123,131,1
d14c4f9c-1ded-465b-b928-e73d626acfd1,38,90927,298,99,0
fd16296b-8e41-4814-80a4-a5bd079814b0,27,137099,129,98,1
be5c5734-c991-4f97-9fac-6673b36854b2,19,67326,180,147,0
43f8a625-0267-44ee-90e1-efb6b88a51cc,67,57593,288,126,0
8410ff85-b78c-4e8e-92b0-fcda42c32590,88,72285,148,137,1
c6f573af-cec1-4391-b078-655172fc4d8e,26,50447,133,117,0
653e881e-82b1-4756-b4d7-86146ef2f11d,39,97011,254,114,0
86b89cbf-4369-44e0-a9dd-ad7826c11b31,54,107137,133,147,0
1f57ee57-a862-4bc4-8022-336745d0dcf6,85,126135,282,80,1
b8276b11-87ca-474c-b042-541e8f6f3416,68,146640,201,123,0
ac00fbac-c5e4-4cfb-a233-61463f75bfb6,73,38832,277,117,0
f349e234-dbef-4602-abee-293a41464ca1,60,59671,164,158,0
63df460c-0839-47e6-a3ee-ad57fcee2060,48,66085,145,153,1
ce84f4a5-f44f-4dc9-8a28-08c3a1dd00dc,32,59960,294,123,0
27d9579a-70d1-4b8c-8201-48c12db1e559,81,129274,257,106,0
f25266ca-83ea-4ad4-a3ab-88a9e62e40f6,76,46740,284,103,1
3deb97db-23f1-48d0-8254-243da72a28eb,19,33568,177,101,0
f7b0fbff-8698-4b22-b921-fa8ad1225c9a,70,133268,193,107,1
9908e7ae-2393-4c1c-9c5b-c4ae2ddd4e09,24,145383,224,156,0
c50493d7-7052-4516-881b-f83b68b7c08f,71,57167,201,84,1
292ae161-f4ad-42e4-8ea1-04746aa33d48,78,69942,163,82,0
08722d19-7ace-4278-829b-87edc98b05ef,27,90381,187,134,1
ba911fa6-aa54-41f5-8ce7-eeb303f5a019,49,93114,230,102,1
cb5c7471-c606-42a7-9662-f1576df2138b,27,148905,126,163,0
bde5b262-7197-4fb0-afe9-cf4c0e2674a2,59,78498,180,155,0
dd761736-948e-4bf4-933e-43373d659a67,85,31456,173,157,0
5e635950-5216-4d6c-b7e5-f9a3b9afca44,23,80731,132,126,0
f65b5bad-05e2-42cb-96d0-c7cc0ae7179c,47,96778,142,124,1
6c27e503-aa2b-457b-ad02-d768bd50d3dc,89,92027,209,122,0
ab6f64ed-e112-4d24-9434-3d0a9319c713,39,91475,138,99,1
8292e2c9-0cfe-4d57-9f74-097ed8c3663d,27,140714,182,137,0
d904f450-360f-4974-b7e6-49bbbcc68251,53,126894,221,167,1
f3db9e79-a039-400a-b5b6-1425cc9c5d35,55,60205,278,105,1
a78ad4f4-7e97-4861-a72c-561d7cc17897,66,72634,137,85,1
f727c7ed-a4a5-4092-aa32-6089e253d96c,40,110110,198,137,1
4a0196bb-4c69-4123-a8e4-51b6beddac88,87,79241,138,120,1
f79b9d7d-a663-401b-b6a8-3b59b76f975c,56,81408,197,160,1
4f9c6cbe-bdec-4400-a0db-fafd304644d0,38,50152,206,166,1
22f531a8-3573-43ec-985c-e353d5d42c9f,88,60524,264,176,0
00de796c-d814-4632-84b3-2b6deba468b7,85,118898,200,119,1
2df40c0d-6292-4120-aaf1-5f9fa8f3584d,54,131152,289,171,1
6ca56baf-5432-40be-a409-3f892534b57f,19,124165,144,91,1
a909b712-b3f5-480f-b945-b9b407bf5367,61,66940,129,117,1
f1dee651-386a-4455-ba88-800af794a1f7,58,46399,120,106,0
e587ff37-d5d1-49e4-8c7f-5e890fe9b882,28,49163,184,173,0
6164d944-10be-4933-8c09-fb9f2664c7ad,64,77215,154,140,0
91205f7e-dce0-4a27-8dad-b850fc1208ab,79,92131,136,116,0
07068a26-21f3-49ab-8e2c-2c0c90522336,25,137149,162,95,0
cdc71145-a801-411c-85cc-5e61fee0cd87,70,137860,296,159,0
de9437da-cad8-47e8-98d3-ffa9d74fe93f,28,30324,264,146,1
9e0a44f0-000a-408b-9c69-b5db633732ab,72,114907,123,166,1
2a15de20-2d97-4e50-a26a-e6e29c98c6d7,48,65851,285,124,1
32d29ff6-4b2f-48bc-89ab-e4527919f849,18,53736,157,95,0
28e965dd-e4cb-4d77-904d-fa69979a6878,88,96605,193,113,0
bc7a3ba7-abd2-4468-bb24-b75a9b0c35bd,30,34069,179,142,1
d00464eb-3d61-49f4-8acb-e801adb4230b,61,70091,193,104,0
65c64f93-1c8b-44fc-b8f5-6b4ec46b4da8,31,96267,257,87,1
01222475-0a0d-4a91-8bc7-9a033da42b9f,86,62645,248,163,1
2fdb4b4c-248e-4be7-b24f-d7978c5dc696,71,101207,227,133,1
df3c1843-3451-45bc-bb03-46f4a1505cdc,76,85204,233,120,0
b7c4f1fa-afb2-476b-b5ef-fb569341ff35,49,125929,251,135,1
e553e466-3a43-4bd0-8761-a5b54d00e3c9,52,51782,153,154,1
e18b334f-112c-4b35-a1e1-996bfd68907f,64,36852,191,80,0
197e91b5-16a8-4766-b779-3ef8446c472b,75,93555,139,124,0
86ebc9aa-5afd-4f9c-9eae-95a3988b4bf1,79,60827,247,105,1
726fd6ee-a087-46ab-ae37-a5b06900fe2a,19,114804,199,89,0
7435c556-01ed-436c-a932-83eb0405c122,66,41194,235,83,1
90d9a550-8289-4ecd-9323-57297d66317b,25,99035,222,124,0
0ea75b0e-20ef-4d55-afed-1ed228854751,39,148781,169,134,1
c33f9712-33b1-444c-929a-ca86cd5a72f2,78,41173,145,131,0
e5d32dc9-94d3-4215-a4b9-d8bbe5666b85,36,66218,296,159,0
24545029-604a-4430-a1bb-57bd5cee7e57,76,131329,173,126,0
43002076-fec9-4488-8b4c-09b524afd95b,51,94028,139,139,0
dc487087-62f1-4ac4-90f6-1e308529a275,34,50997,175,162,0
947cee6d-8855-4886-923c-34a1b0993731,42,55575,283,146,1
d43cc181-e959-4e0e-a7fa-7ab3cb4e0f68,56,121778,167,171,0
e88e31b4-b744-41bb-9e92-9e9fb1c1797c,73,133308,298,102,0
2fc77e36-fd60-443f-8da9-15fdf6ef9393,62,73268,203,159,0
a78aa48e-2889-40e4-a98d-30b84219c7eb,86,86860,275,150,1
8113841e-469e-4675-9378-d3f0aa04b4e3,81,123932,238,138,1
61e49887-42f4-49fa-9151-af7fcdf2ab4a,72,51231,127,80,1
b24a0b3e-ac92-4e81-8f05-cf35816ef2d7,62,54752,212,134,0
f3b3d1c1-0353-4bb4-9316-f2c2e5fff70e,39,122932,195,166,1
4a4befd0-b455-47f8-906c-df2e3fb151fc,48,52399,156,145,0
e606edd5-8e63-402b-b83f-2bc8f661ef1d,26,122498,219,80,1
16be8d74-9b9b-4579-adfd-2da0e0cc3a65,45,89643,138,109,0
1c7da881-63a5-49ad-8b76-fedcb4e590b6,85,148805,246,137,1
1d47c77a-6de2-4ec1-bbcf-b35154d65f8c,49,33952,268,161,1
ee412c5f-e9f2-4f53-88ec-3d2de7196f7d,26,143515,136,124,0
e0bfd67a-a63b-4780-946d-42b4e04ba1da,65,57035,206,166,1
4b302c64-f2d9-4130-8e60-5c2bacf0a703,88,34209,238,160,0
760a52c3-3b29-4f1b-8ff8-794ba504e4ab,81,116882,131,106,1
81153c12-ca19-4a7a-aafd-8e5ab73266fb,38,93903,190,99,1
07e6bf16-2587-4c55-9a3e-210cad1f50e7,51,130486,166,171,1
4fdce3e8-77f0-4052-8e56-79c075a82f36,56,43002,127,139,1
54f465aa-59ed-4ec4-b2c1-027ef8d8d899,36,39694,265,165,0
5622867f-7f3b-4593-8af1-b3d3abddc4b2,37,98070,200,173,0
d22d3788-752b-4c87-b754-c45553d57a0e,35,135850,256,122,1
9a56e054-84b7-48db-a4c5-5c30b5ae0283,90,78691,226,84,0
9f0e953b-0966-4a78-8b1a-f6b73c599511,72,125702,278,171,0
4de18225-4715-473c-b42a-eaa917f4ceb3,79,138746,300,138,0
b505f869-b4a9-4ec5-a6f8-ab0ed1ab11cc,77,134362,228,92,1
d22321e2-80e7-40d4-8cbd-20c4caf82a3e,88,91040,183,133,0
a398aefb-8250-4080-86e1-b7ec8e282a95,25,113812,196,82,0
4038fc9e-c644-4db6-b58f-81b3e84c3932,82,93080,269,109,0
a2e46870-2b6c-45fb-b19d-25c529cc6909,22,110899,197,115,0
107b8efc-34bd-4a9d-a249-0b6328c8bc30,52,98051,214,125,1
16648ce0-9ee3-48d7-a3e3-22a05b6defe6,61,93011,155,137,1
7b05af0e-edc0-492f-8b02-be52dfef03d4,44,82417,299,164,1
2d32f1fb-20d6-4a56-944d-1df72b40caf7,28,108335,237,115,1
bc282e7e-c9bb-4968-9fa0-5a79a843c379,32,120132,179,154,0
17018749-298a-408f-9938-2a126a789e43,78,140294,225,175,1
04dd9ff1-c01a-4af6-a64a-e408df47df64,41,103588,192,155,0
ad0ad7b1-4a20-4e89-b9ba-714fd78f2ccd,40,42062,148,105,0
066aeed7-79d4-48a6-b486-3e5016c52500,85,100498,278,148,0
b4c5dbd8-b755-4c04-ba9a-2a8cb9391de5,28,67892,280,108,0
eceafde9-27eb-40b8-a38e-beeedf9f4e64,84,33217,271,128,1
12beb551-25e3-43bf-b043-801c22319d50,85,38694,186,144,0
a1d27ad0-83f5-46d9-966a-80573fdbeb31,61,100956,166,109,1
03da6727-bb61-40af-89ed-058966c3ce6d,30,143377,129,80,0
4f497d17-cbf0-4cd0-9512-ddd835b551e0,29,90669,252,164,0
9baf4a90-ecd9-40f3-bf61-02701efa8ed4,38,83432,179,153,0
f074c043-777f-41e9-9b47-fb6e2d856402,60,40639,281,92,0
05d73e42-cc4c-4d38-9d95-0bf7d7f1a5c8,29,111042,277,118,0
ede471ac-14c0-4748-b3b4-3c79efb1ad75,51,36656,143,106,1
ddfbba4d-88fe-46d3-a44b-cc64541ab0a7,26,130935,285,178,1
d087a967-e9b7-46fd-8812-161ed7fc83e4,57,127969,145,175,1
df3c424d-dc3f-4370-bd4b-af877373cb96,19,148921,208,149,0
540e6946-d4b8-4644-aa7b-cddc89a992d7,69,64114,205,124,1
343fe9e0-bfc2-48df-8bd2-055dda9ebab4,22,49414,293,85,1
18b548a5-b4f1-4bcf-8270-2a7fac6d6e50,32,65944,238,104,0
eea95fdd-f335-46d3-bdf5-a9100667ddd1,30,125942,278,89,1
2083871c-be89-4e41-825d-6023a8eee501,78,56258,227,159,1
9e7c8c34-d164-4408-8bf1-221f59f4dea7,21,136491,269,88,1
8faccdf6-2383-498f-9eab-565cb0634135,49,48502,274,148,0
cc4bba41-be55-4574-9fb2-616a56a809b8,61,35865,275,176,0
52afaa51-dff2-42c8-be0a-7a696df76b23,55,56323,194,111,0
4e2aa640-c5a1-4e1a-9e4b-1c6aaa98c9a3,67,120491,189,149,0
264795f1-5b23-4ed6-b935-db08f06afd41,76,102274,298,168,0
f5f9cf02-c10b-41d2-b2c4-904a095a0eba,46,72567,256,123,0
5fdf66a5-103a-46cb-89fa-8ef0bbdc4158,78,108725,286,125,0
28f26421-eb36-44e0-91a6-b0b0abc90517,41,107832,224,100,1
4439f558-cb95-4d19-8af6-877afdd86218,89,96567,288,123,0
fe4656f8-3dfb-4f3b-9983-0598de574cdc,54,91686,250,168,0
6518db8f-044f-4d5d-a759-da09661d9cbc,71,42179,254,146,0
fccd9023-a68f-4489-9b87-a2a75c7b9b71,81,61169,152,100,0
275119de-46ff-4422-8ab2-1986237fdbde,75,93324,222,133,1
24dbf9b4-b7e2-484f-b923-1e53b1180c58,80,46226,252,151,1
be81e819-1be2-41a9-b70e-90d77e966ea7,57,87101,257,87,1
d3806ac1-69b7-4493-8bef-bc05783a537f,21,44033,293,157,1
3100ba81-1f9e-41c9-8059-9ea8b0a8b873,53,124468,179,100,0
619a29e7-eee8-4ec9-9152-979359581848,31,42398,174,109,1
4fa26728-9e3a-4a82-a248-607428f388f0,82,41104,295,122,1
32c8b34a-65dd-4e96-b20a-932aee3d23ce,35,106535,298,130,0
5cf2021f-7bab-4773-8b8c-9300c286c797,34,56464,152,172,1
a9366d1f-ae5b-4216-9743-20d711a4e867,36,72169,188,102,1
433f5b01-a2c3-4f6e-bb50-62f4283c5c6d,64,67711,291,105,1
035f55d5-4d89-4c16-b95b-e0f5c9436a09,59,55996,156,118,0
461c49b0-9edf-4575-91bc-3f2b0dd3d69a,87,121414,261,166,0
ef10c875-4185-4f3d-96fc-2afd9262484d,48,113026,140,177,0
f639621e-fdea-4226-a011-bac001c788a3,38,58653,152,125,0
62866eb1-0770-429b-bc96-7e6f8b4dc9aa,21,112422,262,150,1
87c2a69b-4efd-405c-8d67-16151fd7f63d,18,115617,229,172,0
2df0fd48-0dfb-4570-b25a-6da8eb0a62bb,45,94700,220,165,1
1afad887-f4be-4f52-bcf2-23ad5a248a80,85,99407,275,148,0
d82c7a46-009a-4d0c-bf07-fd34a94d332a,56,142195,175,134,0
280f8f65-86f6-45ec-a500-67f38546c14c,83,84465,211,179,1
39be5be4-9611-4fef-99e5-547f57083a2e,25,76250,230,104,0
75a67f03-c447-4ca7-8e34-a0c2f069d674,24,94680,253,116,0
ca045e07-5dd9-4406-bb22-d211853f735f,78,130304,180,152,0
09a7c075-c2d4-4479-8a0f-412c672ace6d,25,115151,234,82,0
ea67ebdf-4acc-4a77-817e-a734d748284a,21,39016,201,130,1
5dd912e8-bb7b-4c8a-85f9-87047108b941,47,85113,218,166,1
5c0316b5-16ea-458b-b092-b225c740defd,85,118780,276,97,1
c5d05d06-324b-40f3-9870-ff5309b3c24b,68,56870,191,161,1
a061d152-9640-4029-98d3-34f96674d17a,25,148614,240,121,0
729d862a-627d-4e8d-ac9a-dfd4013b888b,79,126973,290,166,1
01dc843e-60a6-4a9c-bddc-3d424102a821,79,131592,257,144,0
91609439-f346-4e3e-b342-1864494cb6d7,76,39807,298,95,0
a354d488-f52e-40c2-a17f-560aed784151,83,99560,225,154,1
9f2989b5-6128-407d-99ed-1157f5ba49b4,35,93335,171,85,0
88834a44-4bbe-4953-b931-5266a58ed812,89,105212,299,104,1
c3c3bf27-0de4-44f4-859e-474f68ba415c,41,132032,236,169,1
25c75f26-4664-45a4-87e3-62e31821089f,76,72395,163,168,0
b6be8a19-ab0d-45da-9c0a-84cbf1730852,60,94077,177,84,0
4189a1d1-20b2-4feb-9cd0-be726f85648b,74,111538,167,118,1
07f96271-8282-4dea-8db1-5a6d6dc56757,63,120383,270,89,1
9f15fa50-505b-4462-aeae-bee1443a8df9,64,122448,136,107,1
ff0e1edd-8e65-471e-b2fd-fc5369a65b72,62,70432,253,177,1
a7285b17-4953-48af-9663-688d370dd54c,74,149788,220,99,0
9c5260cd-84b1-431c-a8a5-90b98d9d4275,71,31154,133,144,0
6e9a2b14-df9b-44bd-b36e-874a610817a9,27,89096,231,161,1
a85a5d5f-77b7-4e73-a695-e00449c4564e,78,103052,256,168,0
ebff41ff-5c24-47fa-a805-afcfc1490b01,57,37356,251,115,1
989fb353-4fb9-409b-8407-4d84c4ad5658,41,84139,215,150,1
9799ef19-0760-41da-8129-0fd7eb8ea7b1,55,101503,180,128,1
e9b6219a-de63-4236-a0cd-338cb6b75bff,88,102914,149,90,0
00b3cad5-4a1a-45dc-81fc-bc540a694e5d,80,44283,122,102,1
551acf52-54dc-49d7-ac7a-540bf896c094,78,63301,185,155,0
581837a3-14cc-4a26-888a-7d2ff7d66909,51,59372,234,149,1
70d2f592-203c-4225-bd2a-62c7f70e0b18,75,106791,126,132,0
80260a93-745f-44da-990a-5e1864ba7caf,46,69453,300,158,1
87c8b36f-8266-4b7c-a409-2a58283157ab,68,98574,226,149,0
d35f79af-f1aa-49b7-bbc3-d89ac5200782,64,117724,173,114,0
ad9470a8-ad7f-42cc-828a-ad77054b3f8d,36,125673,294,109,0
da543dda-54af-4c21-bb52-a0deac98d60e,37,52057,153,175,1
898af7f6-a2c9-4e98-8530-616343ed37a7,22,138424,293,178,0
6bfbe6fe-d7c7-4b19-bf48-6e7764bc6349,28,49890,170,83,0
151390d1-ecbd-4c6c-b55e-606e262e3bf5,49,32625,188,159,0
49ee938c-2128-47cb-80a2-1f2912b5e569,52,35395,197,93,0
38dc2f41-5ace-4d2a-8d80-458bf03feab5,30,54124,300,166,0
fb483eac-d003-4d37-babc-6539195f2869,48,134789,165,139,0
7413e426-0e36-4609-b5f4-b0d7dc237738,62,54946,296,149,1
2ed4797e-02f3-46e1-b3af-1c7cf8096b73,34,113221,182,150,1
7e01680c-3cb4-4455-86ec-36c71e4f3bf8,42,80219,171,141,1
4e8a9522-e7c5-4061-bdb0-aae61099a449,44,34793,235,105,1
32aef870-7d1b-45c5-a71b-d7b0ce8dbd3e,54,83297,245,161,0
5b06467d-4752-4054-b325-ba0cb388ac95,44,33395,182,135,1
602f452a-f4ab-4a29-99e8-b7b1e644aaeb,71,87141,144,135,0
c7ffb935-07cd-4329-8b8d-4dd464695000,41,97041,191,112,1
2db54aa3-27c0-48df-a134-7a1ff024eee2,49,92564,217,81,0
62612201-6722-4e24-9c5d-ecc14c42082d,45,63904,127,135,0
f1a344dc-5e27-493e-a0f1-48857b6ecb3c,31,121989,134,114,0
4e401c66-d631-4030-acce-4808bb8a9a06,68,101607,286,146,1
0aef40d7-f277-4807-b245-419ff570bd7f,35,60574,126,116,0
e0f08a02-747d-49b7-997e-cb91b811ba35,39,82152,193,178,1
bc5bd5e6-2af4-41f5-acb1-625a6568d0a0,75,43020,258,148,0
0b419ee4-7023-45a2-b741-18cc354b1536,87,140798,179,126,0
25d9eb25-8d98-4d10-b05e-a6e8d9104244,66,120366,209,151,1
5bb69b65-bdbe-4730-b690-f13d3d671cdc,84,64537,135,145,1
391cc4e6-94dd-4e99-84db-4b3961c6e043,80,110990,263,142,1
2d5184d1-6b58-429b-a547-4c67bc015e87,53,111498,234,138,1
a28b7c03-b491-4c4a-80b9-c89f51d45bd3,74,103161,274,174,1
03f93ca9-7454-47a0-bead-0bd78c9cca6e,41,36486,276,112,0
0e020b71-5b89-4ade-86f0-18acc1ab02bd,51,135423,183,123,1
af657d0f-c92f-4d61-a4a1-cc7b8be4a03b,57,144704,127,105,1
1ae1fdaf-d27a-4b0a-920e-3f138581ce62,88,146898,182,137,0
2a63b0c3-0711-47f8-9c34-a951aca6cc6d,79,147691,146,179,0
e1eb54be-3e7a-4e71-bb3d-abc2f32ba4e6,53,141459,216,141,1
a9e187cb-2236-4349-be15-2fabad7a16c6,65,118689,146,100,0
19662969-1b12-4d3b-9643-21a5b80a6d87,32,36825,286,173,1
a9a20845-d483-40b3-aec6-846c8dcc7094,76,85825,229,159,0
def08a21-9c17-496c-ab96-ca6c14ddb0bd,58,59418,165,124,0
215cba71-d962-4c53-86c3-cbcee19daca8,56,56399,286,94,0
8bfb7a6b-b7d0-41d3-99b1-8e6ed6e70a6f,73,129674,259,120,0
67da7f04-4f54-4299-b702-3b1ca1b6d240,64,127502,199,161,0
79686bdb-7938-4077-821b-e9668be9d2f0,23,92648,146,138,0
cadd1282-947a-48c3-aeec-2789755388e3,39,118363,182,98,1
6dee9819-5bed-41b7-a81f-4843e78fae48,30,45524,225,96,1
459025ef-e17c-4ba8-94ac-6b5ab3a8871f,71,56634,258,177,0
4f3c39fd-1612-4fbe-9694-360b59f6cd0b,20,133258,167,125,0
5960cf58-33f5-4279-950a-c4bf2994d3a7,32,84146,254,149,1
25b46727-1cf5-41b5-88ec-42e768c58236,61,95596,171,116,1
f6881e2a-ed5d-4538-aa86-3af10c48705c,68,85536,164,89,1
b64b2a2c-1992-4b7d-9332-5c29090ebac6,54,54259,200,121,1
0cab0b1c-e848-4b2b-9204-b07ce49a92d1,80,129170,149,150,0
d533257a-dc44-4b4b-9a74-c472ea7062ac,85,120997,193,113,0
5b26537d-a992-4ea3-8c80-a34c1c74cc9e,27,112062,184,140,0
f6ff674a-a0de-4779-8162-ed525527ef8a,87,72383,170,124,1
db351d11-cb30-4dbf-9df6-fd0d9aa53273,62,107180,260,114,1
b3d6d479-a52a-4c65-b4a9-36e5b18ac2fe,64,144391,180,105,1
96b28df5-9ebd-4ec2-8da9-8193a63f457c,24,107979,245,106,1
5cbd44a3-bdb3-401d-ae75-3b02c683447f,63,89313,250,105,1
ad840f78-a66f-4f2e-93a6-4549acd769f1,70,62456,240,152,1
87c7407b-20e1-4fab-bb60-80a3c318e743,60,92737,168,114,0
0ac68cb7-76db-4b01-8342-810752087ec1,24,74605,270,154,0
2e302a71-4009-41ed-bcd9-47d9bf6281d6,56,103353,162,111,0
b2143e4b-1ed5-4c39-829b-d9d1432860eb,86,35479,170,113,1
7e84d5d5-9046-428d-a247-33e1bfc906ed,70,52820,278,173,0
879ef921-fccb-401c-9ad0-0fdd9b87ffcb,28,124433,181,168,1
62e531a7-8f94-4448-b052-1476e59f224f,88,75687,246,120,0
929153c8-ff9b-4895-b895-f0d829f00d8d,87,81960,127,107,1
220fbf90-142c-427e-8510-c3991346c5ef,30,95268,231,152,1
d89e17e4-c7e8-4fbb-b65f-8ba0f8dcfa6e,76,82589,277,87,0
7a361c06-1aae-43db-b7d5-0c5c2e9c7340,47,121037,248,126,1
22756752-3e3d-4a5a-81b2-6a85d73c3c47,61,59442,225,140,1
4a95c128-9daf-42cc-9d8f-141285b4db53,50,121012,273,148,0
158aac06-6cbc-4af6-b114-395649e5fae5,75,55131,173,90,0
12efb1fb-c44a-419d-aff0-73c098331d92,90,74471,188,80,1
dfc59e2e-9488-41a7-bd9e-a58110c6bebf,76,100539,132,107,1
d0bfed89-325b-4d61-9919-62a0ea89e722,85,136318,246,92,0
b2e38bc5-ff47-4293-8852-b5f6ac4f4031,87,57906,250,131,1
1bf30f7b-8ccd-49bf-b547-3f5357ec2c20,24,100487,255,172,0
93eb612e-60db-4f9b-a90a-0f8b51b98fab,36,37705,255,108,1
db1977ca-b095-4fda-94fb-a87abb582708,70,39051,143,125,1
d5b72d44-e3f7-40be-bdce-f22593f59454,61,122101,240,101,0
8647c23c-5977-4460-a628-b078ef95e344,21,116275,258,84,0
d9f48de3-6100-4c28-88f0-968fc72e7309,24,75176,156,151,1
6e7353c0-b3f3-415a-b0de-e5305bb595fb,55,104757,206,105,0
a81ac8ad-7cb3-4b24-a58a-f47d048fe3ba,62,75628,285,135,0
aa2cd661-3b2c-4af2-863e-2b3126124f1c,30,63269,195,148,0
e9638224-9ced-4ebe-aa7b-e3e086de78cf,30,81758,256,164,0
9ed81abe-9d49-4c18-a9da-334e57360003,27,67423,215,98,0
c8870555-f79a-457b-8878-f43f1a0cdb1b,59,127806,239,138,1
0e5b912e-cf65-4652-a1cf-fe34b07e46ec,18,79400,233,171,1
aca6494c-fcd5-436d-866b-642cc8cbb6ea,59,68500,237,128,1
07a42458-edbe-42f4-b219-2f82dc030c4e,52,94338,261,84,0
bebfbded-7d05-4734-b895-8ffd24bd5d2b,52,120965,283,106,0
e7e3fdb7-cd25-42b1-88e3-6f4c6a6bd286,67,62840,173,160,1
ea669d11-0481-4c85-aa8c-74380752a9d1,56,142746,288,159,1
291eb18a-e3b9-412f-a61a-a7d4b5db4a82,71,85624,233,111,1
ce3de9f2-f057-49af-baef-49aa508f9a48,73,109304,227,99,0
d3418596-6292-487f-a185-0fe8f03f5d17,85,144870,179,109,0
85014e90-7cf4-463b-b5f0-15c441ac8cbd,76,81802,195,104,1
b2086e79-7127-4c3f-84a4-57128855c79c,55,53978,237,154,0
6ad02825-e482-4a78-8748-7b04594ad2b3,53,119735,185,165,1
ee271154-2a13-4b10-b1e6-cf561ead764a,35,30794,171,84,1
34708d55-340f-4358-9e35-98eeb54223bc,61,84948,268,154,1
01186bbb-69ab-47d6-9e3a-b7029475bbc2,28,147599,195,155,0
800e3309-d103-4bbf-bda2-368b8fe5b268,85,79731,236,141,1
e7241ecc-29fd-4f51-b245-54a895d4e6fe,79,112091,125,168,1
8543a474-3d9b-44c1-b1e3-719bd872cd1a,26,93034,133,83,1
7679750a-abb9-4c28-9789-55c2292b816b,75,55761,273,150,1
c45cdb74-8f09-4160-932c-e3d8b1adbbee,26,68126,145,92,0
5690c0dd-5881-41f5-91cc-90bc295395e7,70,92824,264,170,1
fd5d8414-1345-44d0-8e9f-0463eb2b1105,24,42510,282,130,1
5e4e2757-55a1-4963-84a9-e466d2891607,53,79787,207,89,1
a8ef878d-b4b5-4d42-824d-17abc35b5d2e,66,79782,280,155,0
3e508f60-05c0-440c-a793-1471d8291ad9,71,130190,197,155,1
b31b3e1b-00bf-41e0-beea-e524af73b0b8,48,44862,292,126,0
1248bdd8-3205-43b0-80bc-53bf817c2dd9,85,131123,162,111,1
fd6e3562-099c-4488-8663-5fdfaf0cc1d4,74,79253,197,81,1
ed13a597-1aaf-4756-ad4e-8aadec269192,33,108162,190,171,0
e78557d1-45e9-4dfd-9db4-d9957159e45a,66,96832,261,98,0
958e9a1a-e94e-4f29-b031-053eb0befa7d,71,65974,127,165,0
60b4c2e1-817a-4334-b83e-58f8c288ef7e,42,141686,269,139,0
487f2cf4-8256-4787-8844-fd5155b87f59,71,56935,124,149,0
906abcc8-c7ae-442b-a1e0-92f3050a0482,83,34346,177,150,1
f86b751e-f566-4372-96f4-cb8d3f2840bf,77,120015,227,166,1
e61d3a97-efeb-4df6-a2c4-cc56e04ce2ae,73,104575,146,83,0
45883700-da2c-4172-bd66-b40d13f21ae2,64,136865,208,180,1
203a2fe9-cbde-4b1c-8d11-393e6db24cce,37,84928,300,84,0
bdf91c85-d7c7-4fcc-9320-835acc18000c,76,32020,269,180,1
fce22019-42e2-4920-b196-2aaa68d0bcbc,44,32431,125,106,0
182ddc27-39a9-4ded-8afa-1736dd5dec8c,56,81991,227,165,0
cfb41f2d-952a-4801-b561-1b907f855846,40,59946,228,88,0
cb5f1370-166f-47b7-89cd-5ab5e4471ca2,40,140662,132,126,0
e3a3e6a5-5696-4ff5-a0a5-70e302c0e70d,29,44218,237,134,1
e0578839-e870-4089-b6bd-92221d94ff10,88,135698,214,176,1
72c88457-4568-4916-8690-b92498c7a001,28,56015,243,92,1
3156a356-9bcf-4dbd-8c99-6e5aed4f200a,24,44328,173,83,1
ec9322c0-6d02-488c-ab21-6df00c647f1d,86,62948,166,145,1
95c1583b-5420-4304-99b2-1b792bcf548c,58,47297,253,84,0
cb170cc3-01d5-4ecb-8dbc-bf9f8f254c13,49,78157,250,158,0
a464500b-ca35-4842-a2bb-9e6ff74c6d3c,71,69655,149,83,1
7024c629-ad68-412a-931b-f84703d85b50,45,93485,159,178,1
4af0433c-2af4-4324-b745-b4458ef9a529,27,94448,226,133,1
95ef9ab6-9876-44c3-8a77-dbbc0de82b63,71,30118,270,175,0
77e8d891-5da7-4582-97e9-2fddcf415256,30,44984,156,92,0
ae35b109-8dc9-49f9-ab97-90d0bddb29cb,58,49424,159,107,1
c5186c85-8629-4cf8-81d1-e96c5897e024,87,53367,266,125,0
908d9fc1-ceb5-49ad-bfc2-368f09486290,86,41228,246,82,1
0b08c455-f7d6-476c-a494-a5886979e667,44,67756,283,90,1
10839dee-37e6-45d8-9132-c8f73d9593ba,74,95961,261,113,0
3558f44a-73c3-4281-abb7-8a4b8b122605,62,67067,292,154,1
c0dfa64b-c9dc-4344-a647-df91f0984288,52,69489,154,151,1
d5b5e069-3356-414e-9b51-bba5c877d04d,28,86347,169,88,0
4eff145d-eb8d-4ff1-bfb6-51b3e4e06969,45,95808,163,86,1
42b5dd99-84fd-45a1-b566-2bdbd7e94a69,65,69716,130,146,0
05ce475e-68d9-478b-8881-35a6d3c526c8,90,56619,261,116,0
ed37cd02-b492-4cd5-9328-948d507d3b6b,18,79126,239,160,0
8ef478e6-3cc1-4bbf-bc77-efd835f380ab,70,32907,135,110,1
7a22a8ff-2442-42ea-9afc-8fa9a0f08da5,79,89109,155,116,1
5dbaf9cf-03f7-4516-aa99-aff938936720,87,142964,154,102,1
1d57fb46-c8f9-4220-a453-f7a79f14a944,48,77752,192,106,1
9c4d2982-aaff-4d72-bc10-22da19dcc258,26,42997,202,151,0
6f22e0de-b9fc-488d-afdf-24e9c76f4bda,37,114850,172,127,1
c116d47d-486a-40ce-9886-03e35f1b893c,80,45223,288,146,0
5c6fd8a8-6ded-4986-9011-55fd1d243871,82,53236,158,87,1
652263ad-6161-462d-a2bc-df73fb3f98a7,64,47585,221,134,1
e19d4b50-f65a-441c-952f-1c594ea5c133,26,136040,199,126,1
33a6f7f1-f4c2-49c1-803c-ff00ff2cd504,26,147754,190,171,1
b2bcc95e-22a8-442f-8b1e-3aab1b13fa7f,52,98357,269,122,1
fa3e7207-c802-4ba5-b42e-960ea997e54f,60,104119,297,90,1
6a0d500f-026b-4d4b-99e3-66447e97f64f,20,107455,121,150,0
f0b6e092-34a8-4f3f-bd97-5fe5de4a1a45,68,103235,203,95,1
08bf1ab0-53d7-4bef-984a-9a7755be56c8,57,95292,141,171,1
c2bf2ba1-9049-477b-b7e1-87ebb430ac8e,18,148404,198,118,1
88efe454-ba44-43cd-9234-8ffc7d041d40,24,117976,231,159,1
1b1eedde-47cb-4ba9-b21c-a1a1d3be44ca,51,40612,194,146,0
40fcd6f7-a837-48fe-9080-97dbcaa6dfc3,70,77033,175,126,0
b61881ba-1696-4afb-9d94-959687eeaf19,78,146941,176,138,0
74479433-b237-4638-bd5e-17b78074af8e,49,78439,174,98,0
5718b5f6-45d0-416c-a693-eb1544b10ee2,39,54481,178,87,0
ab18f26c-9341-4a3a-a765-dc8ee841dc44,88,134219,187,157,1
0d1a4fe3-6ccf-4f2f-8ff1-510ccf6338dd,51,104769,244,176,1
3fdbf31e-0501-4214-b3c8-ceb89cee3844,41,97509,137,167,1
34fc5d86-b3a1-4cab-9158-c121bd0e88d6,50,80410,127,110,1
ee09781b-f7b3-47f5-bb97-c5be9c98323c,18,44924,213,116,1
c9d8ebda-9b19-4c6a-91e7-613c7577aa11,40,76074,243,116,1
fb6e2648-221f-41c0-b8c0-06d9b591da96,55,82497,166,150,1
0569a404-2221-4c17-8d77-68319c7c9511,85,141750,156,142,0
e993e732-a5ab-46ba-9049-180eea06f7a8,71,66872,233,160,1
d198da1a-7252-40d4-b017-15d96c01c963,75,47907,189,175,1
0882ff9c-e85b-4f60-a662-5f3559324029,57,81303,253,119,1
0b002b02-dda5-4775-a218-b697f9552c58,26,149649,146,146,1
db6979cb-4530-480c-97d3-cc96322e2f9b,46,87864,141,130,0
15077ad9-0715-40c6-9a23-44fb1ff50297,90,75495,220,176,0
a568ac2c-9e22-4519-92a6-34e57c3d24ca,21,110026,191,115,0
4a7a6d57-6b23-49c8-8702-1bbf721c6525,82,107853,252,98,0
bdaa788e-63b7-4e9b-9cbf-82a5e23131db,67,65914,211,118,0
7da9d62c-019c-4f87-b26a-0c5bd449319b,38,146149,184,142,1
8411fce4-5821-4ada-8ed4-9a75798c9daf,74,101154,148,176,0
4e9ecb63-fedf-4c8b-a514-a325d0d3515a,79,36912,149,163,1
551dd4f8-d737-4dc0-b42b-670d8815f495,21,78908,256,81,1
77c18845-f4df-4a39-ab08-01f45cdb5c55,25,140744,160,131,1
ee1a4451-855a-4f8e-aa87-26f763a2522c,66,77203,210,96,0
d3ee6cde-ccfe-4ebb-804f-3fa155e5e3fd,90,98137,268,116,0
528f14e6-2f87-4db7-bfc6-ebc4b9f0351a,19,103515,282,175,1
c4683a3e-ba7c-410f-baea-eb3e8b1faa18,66,114528,168,179,1
159dbbfa-6d00-440d-bea7-590be156e5a7,27,134678,139,95,1
2ab1874d-5800-48ad-baea-7be850d31a6b,65,47902,260,94,0
43981324-f028-4b47-9480-eb37742fb614,63,92010,244,150,0
b0cbb143-a410-47cb-ac9e-e73eaa0bda93,24,94007,179,121,0
1a65f981-62d0-4c03-a6e0-f258309ea4b9,67,48287,227,123,1
20991cdd-745a-4bda-9182-8bbde49e2676,83,110822,154,168,1
b72acb41-4bd2-4535-b6af-4bbd6bed19da,81,44178,246,172,0
9adc73bd-ba54-426a-89e6-c7eb33b57652,20,84750,251,170,0
d5a787e9-58b8-4a19-8449-89b80f175a27,35,69630,174,159,1
b76704b0-12c7-4197-89bb-b346c562062b,35,48598,204,179,1
9ac8c5e2-dfd7-44cd-8891-60c748ec1ac3,51,128679,180,152,1
c93f945a-d69c-408b-b00c-c50472449e29,28,59294,125,169,0
891c60e3-6c6d-430b-8da7-25eafc140678,80,60629,143,134,1
a7698f57-b9c1-4f7f-8d16-bebde8acca25,74,132527,293,85,0
9bcb66bc-27ce-47f9-a815-99c342928094,77,135284,202,162,1
f0b52b1e-03c6-4d3d-8107-419528ed1d5a,32,34136,146,173,0
935a2473-7c3e-4e94-a241-65994aa88fb5,19,63345,128,111,0
52b72d3c-a7ef-422e-9837-cf2285217c2a,84,115064,183,123,1
54444386-6911-46c4-bd4f-73a432d34be3,39,123377,297,137,1
c4b52532-c193-44a7-a56b-1f814f9aece6,65,149927,189,145,0
e6a187be-39b2-4048-8421-c2d536b286c0,84,96559,300,148,1
b50abc6c-738c-409e-a065-0c5626780aaa,20,30897,208,119,0
82dce899-b0a7-421e-ac7a-5b279febba2b,18,134836,258,166,0
b2592b7f-55c8-4247-8f33-c69b9213da9d,18,49325,262,162,0
a5144a6e-e1ad-49fa-ba86-ea8aa46fbed6,29,44495,125,175,1
31b30ba0-1b64-40d5-8d0d-37a417153322,21,110897,121,138,0
9c0d7fec-5017-4278-a877-fe446eb0e7aa,77,102458,286,87,1
37fdba20-d240-46c6-b68d-5a0c3d3e63fb,62,37198,288,165,1
309450d0-2587-4624-ab0d-78ff01305880,89,50314,144,88,0
a618922f-acd6-42f3-a56d-52217d311762,76,100775,236,99,0
bfdec4a2-df91-4d7c-8c89-e5cd47b237dd,88,60642,287,108,0
9be0e9b9-abd5-415a-ab5c-c61ae87c329a,35,112080,292,98,0
4ef140d3-6360-4aec-8339-70c45f1efb49,39,79411,173,153,1
9385cc9c-5345-4909-9c9c-410a7334553c,80,100578,267,124,1
31a9ee92-4b79-45b6-af7e-c2d74f52e72d,35,86995,236,102,0
212ebe95-9782-4ae4-981b-b21e8517a141,22,73822,287,80,0
1ad8e884-4aeb-49a8-a826-627c30d83272,66,71089,146,101,1
0aed5022-253c-4e2a-a70d-0eaae56156c4,76,113674,228,149,1
a8a1bfe5-f02e-4061-9cdb-34ffd8981440,88,91726,124,160,0
d69619b9-a3b6-4997-ac7a-d7a423c07c3e,85,101315,184,109,0
0b48818b-e602-4028-bb2c-3b2cb40099a8,26,99277,122,87,1
fdbc86bc-3a1a-409d-bc80-b35d6a64ff88,74,54916,200,136,1
1a02affe-e07a-42e8-b9b2-b88bbad937d7,79,139588,266,159,1
5032f00e-428d-4b05-ab3e-7e79e98ec9e8,68,97576,239,87,0
65abcd25-9083-4c68-9802-74fe5ee04fbf,77,116168,177,160,0
b726cd22-f20e-4948-b178-35f1f161df5a,79,135829,197,97,0
93d5dc98-4b4e-4995-b7c9-b5946b79a44b,50,140965,186,106,1
fbb41161-da7a-45e1-967f-a626f99cc5d5,20,110020,252,142,0
c252d2de-9e82-430b-a7eb-78e1ceed7feb,51,124454,168,85,1
f808fed5-6d69-4b24-93e1-f8b21083e3b5,32,86615,136,110,1
bf05acd0-3cea-4a15-b17f-9e775ed5a5ec,26,118535,211,94,0
b78813ba-fc98-485f-9c74-7f060bd8a0f4,27,68590,270,101,0
d6a73cd5-6196-4de4-9e6e-44828be0846a,68,115414,206,158,0
c0c3a85f-e58b-4716-a9e0-96e4081eafce,54,40306,156,103,1
3c25e72f-3785-46ad-b16f-54697a183173,57,139714,128,84,1
73354549-2fc1-4114-a19d-d42262fd5c60,72,59355,290,101,1
17fe9ccf-4aac-4d0a-a29c-7d4f6354c49a,58,108788,257,88,1
87e313ae-c585-4c2b-9e5d-c72f746324b8,63,31342,148,142,0
5d0e27c0-0aeb-4375-9190-f9126b0833ee,24,48686,133,178,0
97620a33-864f-435c-b725-208fed45e94a,80,148396,143,96,0
37d59937-718f-47db-9319-aad96077822f,50,130004,188,153,1
fc83e9dc-3f92-41ee-85a2-e37440de80df,29,56698,266,116,0
f2133681-a1a1-4b7f-89a5-630922cfc498,77,45701,148,87,0
e322721e-d5b2-4715-853a-56f7b96afde1,71,127785,268,149,1
2892f954-8e81-40af-a059-b4b6f79eade0,21,148821,120,101,0
840a52d6-5263-4a89-94bd-b6a68f072238,32,50237,253,131,1
4b4f3643-922b-4ef2-ab97-13728d22a291,19,109673,171,131,1
3cb34acd-5b89-4593-9b17-81bed723e020,37,64032,293,140,1
0dc8c0f5-8dea-431c-9281-db084ce6c6ec,25,119327,206,93,1
e27874a4-576b-4cc3-88d5-5f3bda779d7c,69,80193,168,105,0
1bfbe27d-ac9f-45a0-a68f-4406f3abd9eb,56,45042,163,154,1
2b3746b1-a0a7-422c-b92a-47be52b3cb9c,89,68929,269,174,1
46cab764-c552-4b6a-8193-b222d8b7aeed,72,94635,192,81,1
6106f1a7-826e-406b-b243-bdf7d9f9c147,62,125802,183,121,0
62606771-383c-478e-8df8-57f9868d5659,55,32523,253,169,0
313ba2a7-93ce-40d1-a5c1-5d40cceac9c0,21,144924,217,108,0
bfad01db-063b-43a7-96b1-2034e57821d4,23,107952,240,125,1
62b42b25-6dc2-41ab-8dc1-0ea3fecc805e,62,135036,200,171,0
ffe653eb-1e36-4be7-b31f-67d7e5a2a272,18,141607,131,177,1
f16ac805-eb08-44db-9b2f-8c632f5d8cb6,21,48429,121,146,0
cc5c2ecc-d96d-4ca6-a6df-1b08ad502393,33,41247,127,150,1
25e57629-f868-4ee6-adb5-cdb05aa762b4,82,123203,223,142,1
d11b5472-5acf-425c-97cd-f462b8432d64,51,52546,212,108,0
073b88ee-e45e-4317-b080-e05a70a0a9ce,69,47753,255,169,1
d84929d1-8719-472e-8989-bf27104536ee,48,86222,281,83,0
a457514e-f48b-4d7d-924b-f7a6439a43bf,30,139606,151,85,0
b466776a-90f1-4384-afad-9a3c7d5836e2,45,125473,293,140,0
17531c26-65df-4ffc-a731-f58dc48e032f,24,92145,288,164,0
46cabe23-8dad-4d0f-b5aa-aa0479ffb739,74,53574,231,162,1
e2a0388a-fc58-4a7a-b5a6-fc27449baf72,31,70366,216,148,1
b91f2776-0a34-4b68-ba1d-0398cf24ef04,45,112619,151,118,1
695a39af-239b-47d8-81e2-76dc0a12d3ad,89,48843,152,116,1
61d933fb-89d2-4dfc-aca2-1b9ec2339af9,61,92929,123,122,0
bccddd82-bde0-45bc-81de-aacb5e6954a5,51,31417,236,105,0
6ed90a94-d782-4fad-8978-7a3dfc292c1b,57,69010,198,122,1
889ec18e-6100-4aee-901a-1a9609f70c1d,75,59753,154,90,0
f6dea38b-2042-4c80-a0a4-e18daf6748c9,36,111730,144,112,1
8d699cd8-cceb-49f7-8a2a-2ecac611d4b9,64,139683,131,175,1
bf7d8e2d-cf1e-4109-a06f-4687b3282294,81,47577,236,151,1
cf78623b-8731-45ab-8bc3-dadff710dfbc,59,125672,244,94,1
407b49be-2b0f-4b17-8dc8-a9500b7c7b79,50,108711,234,108,1
3f7cb676-6481-429d-9165-0a95b4db2304,28,146376,140,106,1
31f2c0f7-6221-4232-984f-160cfabdcf7b,36,139382,127,108,0
3fc4759d-6dd9-41ed-ac5b-93474051e3c2,87,42091,139,149,0
a385920b-78ee-4d5e-b408-5a47516cb934,57,119187,256,170,1
9e942dce-d779-4096-92d8-c6081b7f213b,39,101062,253,151,1
a1c619f4-b466-47c4-a542-3168e06f6288,48,43570,173,129,1
ec8bc866-ac19-4613-8d96-c2a601d9785d,60,60858,129,96,0
71b86705-a23b-4f1d-9cdb-9c936dbe76dc,57,141234,177,94,1
0b6d211b-ff07-4c0b-92b6-ee5aeafa41ed,69,95153,266,162,1
8a9f70cf-6e25-4e0b-8d2f-272fac5d8263,36,70615,145,148,0
89add3e8-1864-4655-9e10-4f4ac7146094,65,68454,264,131,0
11ba01ea-d41d-4b1f-8423-2c952549ffdb,50,130544,203,138,1
fd0b2fd9-f9c1-464d-99fe-d2b4becdde46,86,64016,145,165,0
e952cfbc-0fbb-4da4-880d-5711651b6176,29,49066,289,162,0
cd6e2136-a25d-4f13-9e70-2f23536d0521,28,98862,213,88,0
3ad4cc46-0dd9-45bc-9da0-5947a96ba004,51,149102,241,119,1
fb4f7476-ec4c-4553-b5c3-497068614207,55,51998,137,84,0
b0e77847-f04d-4306-958a-35ad0a09ee6c,68,60638,187,118,1
3bc589f2-fbb9-4cbe-afef-50168c58c3a5,47,86296,234,144,0
99d586ef-eaf1-4266-9d09-3222ccb77803,84,53977,236,101,0
e5bc3ec0-c39b-43ff-a4e9-184764a247c4,52,108098,131,95,1
f4b3dad6-2240-4e97-96ff-1d588c723b11,27,60434,229,129,0
3424cc31-4ce9-46be-acc4-dfe85d64bef4,26,45381,290,133,1
7b59626d-eadb-4c3e-859e-3cc50f20fe1f,89,61352,262,152,1
cf2b5518-44fe-47e1-a938-8661336e0b62,27,141672,157,81,1
368c168a-b53c-4310-89f0-81f8f5488079,87,142188,285,105,0
967f4775-32b9-4116-87d0-1ad473047fd9,38,90687,243,158,0
4fe74656-6274-417f-8701-c4370f0a1aa7,24,78055,130,148,1
939435ed-91e0-468d-820a-224f433bf8d4,40,128344,143,170,0
b960c74b-013d-430b-af7c-baad919be970,62,53311,286,162,0
5d1395a2-1967-4c5e-89ef-07026c408641,49,108469,157,164,0
c3e5624f-ba25-4df2-a9a3-e08ab4d1b494,75,111606,137,131,0
7ea8d907-88c6-4605-94d8-2e9222cf3d3d,62,115200,201,176,0
fa7515eb-82f1-4fc9-bb9a-bc7590575c04,47,56153,215,122,1
edfbaa8d-4b09-4091-b308-079b7560619e,64,115936,223,171,0
7a2b0c3e-dd14-430a-81ce-b2d2fc8391ec,88,103439,239,119,1
05a729d8-0b7f-49a8-84a1-88601454d6e6,48,135012,300,124,1
19d64513-5865-4f67-99e5-913406ebf182,29,50927,257,149,0
bf13aa0c-88cf-4907-8d35-9814d71dac0e,47,103633,124,120,1
8f43602c-d46c-4371-804f-3998d6a7d810,79,129557,136,94,0
42d7a922-69bc-4637-8a04-43dc12702d9b,33,63386,120,170,0
cfab13d1-3b08-44fe-96c9-021a75b7d198,87,119254,191,125,0
545a8ac0-0e77-432b-aa81-f23a9d3a5f9f,60,41941,183,173,1
fcd482ee-9434-409a-ab0c-ac6476c5202b,61,116172,288,120,1
faf0b15a-9aed-455f-9842-da5a81c6f921,41,102750,186,178,1
b12d4206-8d81-4cde-a3f7-f7c89b5a779d,85,53106,125,140,1
7b9ab986-84ba-44af-bf6e-038d0148ccf6,20,37962,279,157,0
1979e43a-4a2d-4b9c-84f9-09b12446e052,39,119459,167,156,1
f2648c3b-c983-493c-9949-c2729cc98a59,48,58955,285,100,1
b3750eac-b232-4020-aeb5-be1bcac8e00b,52,89694,260,162,0
26cdca75-d0dd-4801-900e-3da5492aeb8b,52,37284,279,175,0
2bd6fe50-4f8e-4fa7-bdeb-da97786d5ef1,28,145620,268,146,0
bb02d17c-b306-4a03-9453-cbf00132a635,34,95867,145,175,0
38d2527c-0f18-492b-9dba-e27fecf6211e,24,141790,233,165,0
0bce24e7-ffe7-47b7-a21e-4c642cf8e9a2,59,49240,194,147,1
0c7706fe-726c-4bac-bdce-84d3e64d966f,43,54695,233,128,0
8300f111-26c7-45f8-b65d-d21ed6e8a306,59,103249,255,166,1
73506f32-68de-4cc2-afbe-7484ddfa7108,61,102540,210,98,1
f42a9827-c57f-41f1-b056-8ee9581a8072,69,124904,176,136,0
c77f4c58-e41c-404c-987f-a392a5e47519,57,141367,285,162,1
2dc8e386-f277-492a-8c28-a377687ab47f,65,128626,240,175,0
454face8-ce66-4079-b781-90f69ac685a4,60,46826,280,106,0
12282628-9632-482f-bc07-079485cf0b72,65,67145,162,89,1
3a738557-63df-44c6-865a-c15f9e0ae9d7,63,139659,271,113,1
2f936fb9-023b-4b81-be7b-5c05897746e5,41,95875,178,167,0
4384a469-dce7-4dba-8a03-48a5e875852b,35,134042,203,132,1
2b48d0db-09a3-4423-b599-317df2dab075,75,97561,275,85,1
9d9d3732-16cd-4c5a-b3d1-8c9b02a4fecc,43,35968,184,92,1
cb406776-5dbb-41a8-b42a-c60f9a8bc13b,58,86746,165,114,1
1fd6a9c1-ce1e-4e78-aad2-2cb9da3c39a0,32,128960,285,114,0
a0b8c89b-b375-4896-86c0-aed83a907d1f,49,108614,294,93,0
104f0ee5-dc3b-4a60-a842-a2eca024826b,56,45933,176,129,0
67a1c2c2-98e7-4f6c-bde6-9dd87a94080c,63,55210,175,128,1
d1d1bf77-e14b-4d11-b1e2-a7a3851c3a00,56,132525,161,100,1
583d839d-b99a-40bf-b790-a120730a82fe,44,147510,124,103,1
902cac92-6e25-4a1f-89e7-42a48f56f912,88,120347,220,147,1
330b2c2c-3252-4c6c-99a3-7ff8eba39185,55,41769,166,176,1
dae4d738-7f23-4e50-bde2-dce9a7ed4db0,77,104304,273,180,0
f54aa23e-1535-4a46-b53d-91ae8bf81f2f,71,129507,150,136,0
3e1b134d-bccc-464d-bfdc-300445292441,58,106824,234,83,1
cbc2d405-aefb-4282-9e99-123593e16b25,82,101292,211,170,0
f8df3bcc-ec02-43b2-b1ed-7824d1eb03e3,27,86083,230,176,1
aa1733bf-5ab3-402b-833a-86e973ab65ce,85,59382,140,108,0
37edb2e7-0edd-49c8-baa2-e5a9a5c45911,80,63692,204,120,1
f23c2568-7c17-4844-ba2b-108c5fb10812,54,119481,233,82,1
dc064e80-3e7b-4409-a61e-5c31695f79c8,71,38377,181,160,1
76aa7e68-9a44-4145-8096-2cbca52143c6,55,40137,278,158,1
4bce88a4-7fbd-4303-acf9-f220f51fbc9b,37,77600,215,82,1
a0ef595d-1fa7-4eda-8491-01bec247cd1c,76,122930,185,150,1
05889270-2cf1-4199-81d7-b276c3e52df1,35,108844,125,121,0
36aa56b3-9d45-4757-ab9b-8929d518430d,40,100798,150,135,1
b5725dcc-5cb4-426c-9ed3-7edb428ec49e,55,94096,206,102,1
30e57904-6cc4-49fa-a150-b23a6c8bc1fc,79,43290,192,162,0
f30e8bcb-fe2f-436a-b18e-c95feca69c28,46,69815,277,120,0
f44aa087-38a2-4ddf-9de5-5e0c9d0aadd9,54,39540,262,164,0
104ff14b-ff18-4c6d-99ce-2efe09204c25,21,120979,148,94,1
021ce547-19f8-40d7-a7ac-a654b5df0924,26,120101,227,139,1
bc4cb39e-5ddb-4e94-9183-f972dd73ff3e,22,60971,202,111,0
2df23446-f4ff-45a7-8391-6fa9d2b13fc9,23,65152,138,177,1
53169ccb-922a-493a-b0b1-7ce56988f242,81,68094,240,136,0
e0b764d8-72a3-443b-b3b0-77c6304b9b6c,79,136717,217,152,1
8d06de8c-3dbc-4f1d-9a57-42082193c74b,77,88623,135,88,0
ef28d213-71ba-45cf-b83c-6dc5400d43ef,22,121449,204,148,0
780caa09-12fe-4f11-9518-b642636429a1,23,83859,252,90,0
8edf708b-7e2b-401a-bdc7-720ce9e2e270,38,113783,179,116,0
8c25a43c-4660-417b-8e62-9ba339712ed4,59,93399,184,102,0
1a9cebdd-a0f5-49b8-b013-484b7be89e43,42,63433,139,80,1
01f71b57-72cf-4d6e-87b0-baf840389105,53,135156,156,139,0
366dae3b-e96e-42cb-a9ed-e2bbdbb8f7c0,30,115074,297,104,0
6018e44d-eda3-4b48-b1e3-ea0334a95441,71,122321,232,131,1
705b9b68-29a5-4603-887f-067dbda681dc,40,143778,151,157,0
560da2e5-6023-41d8-985d-b9a57ff12ca5,22,59852,207,97,0
9ea11335-2543-4ed5-99aa-305a5389dcbb,72,40987,154,151,1
5883d523-ed1c-4490-9f01-387617883075,83,99873,200,110,0
ebeb483b-4a91-44b7-914b-dbf4176a12d1,19,69139,146,113,1
07ee2a54-96bf-451e-8f21-e5ee3e548fc6,49,82293,232,138,0
38dd3b7c-7147-4310-9c77-cd3d3679bcc3,78,58160,223,143,1
9412031a-13d6-4cd6-ad3d-518d407bca62,69,77816,234,146,0
0fc3a3f5-92c8-4402-bc91-2aa3e5c1006c,80,77190,200,99,1
8571ee3e-a6e0-44d6-a8c7-b919fe042dec,48,72067,171,138,1
1cdef32c-bb9a-4e2c-8d09-b03c76c90751,45,119080,165,106,1
25d80226-98b2-448f-b974-47c36d61a14b,69,101118,158,107,0
93f780c9-8667-40e1-8863-8eb8b078ec42,29,86909,197,175,0
5fe2233b-a4d7-4a4b-941f-db4fb7cd7c30,35,43525,201,90,1
56d830df-a073-42d7-876f-0c839d7a1c11,61,98488,241,121,0
0941bb4e-a2e0-4b7e-8e28-218826a77e96,66,51002,129,124,0
0ef16845-ed48-46ba-85db-d33d79d33170,26,67698,170,104,1
6a46b07b-15d8-4cca-b354-88038486139e,55,79789,274,159,0
fa13d6b9-e112-4855-ad3f-ee2077d94306,44,46954,285,129,0
aa43b9b1-853c-4d40-8cd5-6a90651e8e01,54,76739,288,152,1
f73f9d08-a540-434c-80dd-3f945eb58781,87,62032,175,119,1
b3a97136-fb56-442e-9462-6a3b57aeee63,23,131972,144,170,1
0e66b920-37fc-4ca6-bb9b-2bb43643f9c4,90,133162,155,153,1
eb9134b0-0f85-4ed2-889c-85e56648f00a,50,30548,143,113,0
b9e10401-6d6a-4b7b-8bff-7723b98862eb,74,102290,292,177,0
8859e5a7-877b-4ad4-9ae0-084b37b513ab,48,106866,279,167,1
b8735a1d-42dc-4ea3-af77-5512c521cbf0,40,75359,266,139,1
f3597e63-6b0c-4706-b816-d74471406b77,74,86295,252,81,0
10e88b80-5231-42fa-a25c-17004af9a6fd,68,124789,182,139,1
63b895ae-629f-432a-a9d0-b728d75fe73d,28,75355,206,149,1
fe8c0f59-99c0-4bd6-9206-1d34ed250f41,69,37734,272,116,0
5b4782e1-9f51-4dc4-a1c2-d5dec92f4606,72,74701,267,94,1
aa3adfe1-e6e3-41ce-9954-ac38614a5ded,46,60467,213,137,0
2abbb74a-c85b-459d-a823-9df690247593,85,75927,271,160,0
513272f9-e2ce-4d39-b103-096e7441cc2d,64,57612,182,112,1
4450781b-d108-46c5-b64f-e29b1b546c41,42,47984,194,126,0
6880a319-936d-4daf-b45b-0c649b6c97e2,18,148244,271,80,0
96a0d47d-131b-48ea-862f-9753a71b2abf,67,45464,188,151,1
d1a2b323-4182-4c91-908a-01a9ba355acd,33,114732,256,167,0
fd30b9af-678b-4d10-b011-32f2cc8dd8f1,73,116109,202,158,0
b400a92d-a2e9-4f25-84fe-468aba4f4aaa,56,104134,173,123,1
5e81aaf9-372d-4fe2-ae32-4d0cc4c130fb,52,139375,159,84,0
710e589e-dc95-4ca9-876e-c12c4b910f21,29,30598,229,129,1
e4d4d809-4619-433f-8141-c243d3625819,69,66195,206,174,0
0908239c-2679-499e-9ad2-42c1444395c4,30,52117,186,88,1
9b17cd69-bfc0-46bf-825e-9a00a512d6d2,48,99231,254,101,0
eab40aa4-4504-48b9-bb9a-1a4e38047b37,79,106265,120,164,1
edb9199e-0d27-4916-9a40-40aa6e6d04d5,85,137749,136,137,1
c6ffb8d2-7507-4d01-a34c-da150e479ccb,90,75566,294,97,1
9387d5af-bab2-4796-8a8d-555c30b765f3,87,58308,240,82,0
644dde86-9505-47e7-9e94-05bbb36454f1,58,140914,219,121,0
2ba30c04-0b4a-44c0-ab2c-94338031f119,32,110759,122,140,1
771a4bed-00bb-4844-ae65-5feb2daf443f,79,121767,228,164,0
158cf7e5-1fd2-4451-8872-6759818c3617,76,83397,198,169,1
b1bc9431-28b6-4141-9c3c-b14bc931500b,90,83686,228,126,1
38629891-d436-42e3-924a-8f67a6fbf5ed,65,76685,127,122,1
87a790e4-a0fa-4cb0-a842-da0d7ee0cd9b,28,119942,219,174,0
2885856a-068b-468f-8517-5c25b9fee18b,54,55274,224,158,1
336db06e-2b04-4e74-91d7-929fab45e4b7,50,147049,172,101,1
174fcce2-6b72-47fb-94db-c5ff40e730b3,79,51111,129,148,0
aa61c43e-689d-42d1-afb8-adb6f5cebcb3,46,85318,295,152,1
0ec1ad0a-564e-47aa-9517-5bd573278112,41,67753,248,103,0
22748d21-a02e-42ce-9d04-c767da7d43c4,23,107103,232,178,0
1cd58099-6248-407a-be68-f4c1d3eaab49,78,111683,258,109,0
83ac9852-1f1a-4056-9b2b-371dbc7b03e6,73,140240,241,135,1
99cec015-f12c-43cd-9f41-1d2bfb1492b3,21,124706,144,129,1
40de6e31-86e1-440b-a06b-197ee75f6b6e,49,59841,202,149,1
62ee1e73-23f4-47ec-857a-443b425f570e,53,54799,280,171,1
5cb63d69-56d6-4408-b450-12a0eb82fa4e,52,136387,172,119,1
4dbaa3da-69d0-400f-a17a-8d8efaab0ce1,85,88544,295,118,0
cc10d76f-fea1-41ad-89f3-3436bebee780,28,41705,131,155,0
b41c4a8c-e4c1-49f7-b8b1-3f9e5aede3db,40,128997,179,176,0
869607ea-bb35-48a0-951c-88e34fbb09f5,31,107814,183,171,1
0bf35a86-67e7-4666-b463-fd8a5662ffc5,35,33068,231,156,0
e43d4dbd-8477-414b-bb5b-bfdb1be1872f,84,123941,151,151,0
9b68cfc4-73c5-49fc-aa71-2942f0bef6a7,86,102885,161,157,0
014509ff-fd3c-4133-9d4c-126e5c3632aa,21,103753,239,174,1
515b0bc1-54dd-4edc-a5af-dc5812d72eaa,64,133793,171,81,1
16ef97e6-0607-4036-b91d-e5bea29ea014,34,89464,279,139,1
2d278cc5-0317-4300-8db8-57332d49b95a,32,85352,277,83,0
2a8c07e0-b97d-4a46-82a9-df006457a550,39,104082,174,138,0
720067ac-58c5-4023-8eb0-6462c6312415,32,53734,221,119,1
0b063ba4-e8f2-4b4a-91aa-f2838a578e4e,53,48199,180,110,0
77730ada-8c99-41ab-95b4-40a957ba5774,90,131254,182,169,1
b2e5ed28-cb61-4796-91b4-b0713eee02bb,60,55868,241,151,1
a4e0573c-7261-4d7c-92fb-e2e85c776d7f,70,90521,173,137,0
6a65db9c-4f0c-4551-ab2d-7082bf03a5bc,54,62388,147,169,1
f475969f-71a7-46d3-a8f8-006841efe5fd,19,57655,166,89,0
08ec8cc4-7259-48b7-86d7-e865364d951e,24,101734,288,145,0
491c461d-62fc-4af4-84ef-c3490fddeef7,37,126284,166,95,1
9bcbf64d-7e67-4c75-b2bb-a305a546719f,35,83028,185,103,1
71c92ccb-56d4-435b-ad68-a03e074e588d,79,46647,233,98,0
aaf37ae5-8923-475c-a287-589c8535b0ac,79,59337,138,134,1
234c4c21-b59f-4f1f-92df-a8b724a092da,80,49748,168,143,1
855854e0-2a3b-49ec-8841-758f5f9256af,64,135938,151,156,0
9fa24c27-41f9-49d2-840f-1a40b7dffd5b,58,68343,287,124,1
a42b7260-3a4c-4b09-92a2-7d9aa713c16c,65,74870,288,174,1
fb4861bc-50ab-4687-a87a-6c97771e7931,47,38524,256,117,0
154956a4-a038-45e6-aceb-35dbdf1cb0e8,66,83524,164,95,0
489a6e00-bd80-4c6d-a6ba-e8ea860e3922,75,139671,231,83,1
64bbdf38-e7e3-453d-8b51-2c11bad56c86,73,79164,239,92,0
30fbd40c-7e36-4024-9d88-2cbc157696fa,62,108149,277,124,1
ad1b0e08-e74b-4e4f-8a69-e82f2f28ca9e,22,51833,148,121,1
04016e4b-e103-4e26-b6ab-6a2f82673ad9,70,47152,253,166,1
dac10860-9ab2-4133-89cb-09438fc03e52,44,117795,155,92,0
c6a837cb-7982-4067-9cdb-705ff24aca80,72,37888,222,106,0
1237bf69-3396-4207-b75b-b738d51f1a47,57,83815,279,179,1
8d8ede6c-31ae-460b-b158-7b0d2db88ac9,82,68004,131,82,0
5a014fbe-7727-477f-90c5-41360a2f0ce1,42,31950,146,122,1
3bfb95bf-34b4-458e-a8cb-7d0b478856c5,85,93745,267,100,1
884504ab-0a89-4f30-96e2-16b77176640d,79,145682,123,133,1
f8f88c4b-6d1d-483e-8fd0-98989833b8a9,42,38297,244,178,1
b27c181b-474d-4975-92d1-793d2ab21a03,53,127892,210,102,0
6f6a45bb-71cf-42c9-85b7-f07a042b4b52,56,94702,182,117,0
9995dd6e-933d-4951-b2be-6b0b0c3ec075,74,116827,276,125,0
ac385c38-db19-431b-8314-f1af335e8881,68,41585,273,160,1
73015d20-b7b4-4645-ab03-fcecb625eb19,80,134291,179,179,1
e89d2eef-c37c-449c-86a5-411af7c7496b,45,31370,120,89,1
2f1f3f3f-e403-48dc-8ea4-b0b9d37b165b,54,138817,143,129,1
9a9cd7b6-7988-46ef-926b-29ab04696550,49,108937,139,156,0
38285bc4-3aee-4c08-82e0-c8221f939425,84,70499,297,80,1
6099d4b2-7ac1-4187-885a-6ac96203fd15,40,30852,228,161,0
97d86ee7-7675-4f9f-b834-26f78cf74447,60,103315,242,104,0
23a70cb2-43e9-4c32-8ac1-ced5992ccd91,26,40492,161,132,0
2e3d32c5-d6a5-429a-82b0-6f8194c8b325,80,103057,273,178,0
c47770d1-fc42-4900-8974-23f2001b34fb,46,122778,250,144,1
8a49e975-9f11-4955-8a65-a3d95ad85dae,42,62076,256,179,0
e8e978a3-7449-40e7-8454-216c5b421a25,60,58646,204,140,0
8cb6cd10-1abc-4171-9418-3ea234ea83ba,54,56634,246,101,1
89a8cecf-f42c-4080-b2b6-6b16870769bc,79,56980,218,149,1
1addce4f-de28-4b93-a3a0-84f439b2293c,56,43668,189,142,0
757fa579-b482-47dd-bcd9-9c16dab26c39,55,59964,227,111,0
dffc64f9-6620-490a-9ae5-787a162619b1,25,109118,178,87,1
55b05427-c151-46ae-b665-998e8591e48a,19,66302,292,145,1
22c56850-3722-4db8-91e0-2921b8e4107c,47,123711,249,138,0
9ead8f12-a6ca-468f-9365-f33ff3a7c116,90,128315,253,158,0
b46be4ae-1f12-49da-af80-9996af0eaa56,84,121315,249,92,0
e98cc0b8-ac22-4b7b-b500-59a152a31cf8,63,94744,201,134,0
91c2fb78-73d8-4de7-8df5-2dfdeb617aac,64,67953,292,162,1
3679e8ae-a7f4-4955-bd83-429c261c4400,46,141588,157,170,0
89eb2208-5f4b-42aa-8d0e-4db87fdab510,30,54631,222,174,1
bb0cd116-8910-42b3-ab83-89958c877f43,18,85741,132,101,0
1f7b7c5d-d522-47ff-8880-d60572c49351,42,84434,173,97,1
aebb9523-a60d-42b3-98c8-1380e2028fc2,41,119471,223,138,1
ff2dc9c9-6ec5-4456-84ca-3a76342517b4,31,95618,208,126,0
ad4eb0fc-2281-4800-a9f3-a273dccd2af8,36,125942,290,103,1
211415a7-49d6-46c1-bdd7-6c6bd5edcfca,19,140291,231,90,1
069f687b-9695-49a7-9a4a-69e0808f874c,62,76875,194,94,1
d7814b54-2d0b-4d75-8de0-7a225b40b7a9,85,134979,197,114,0
ef578dbb-06a9-4387-a771-b9407de475cc,68,50362,230,154,0
4849c25b-baa3-4a1b-bfc3-d2ad98f87221,50,139927,263,86,1
8a53415d-6369-4cde-b6c2-1e7349eabdf1,48,51358,170,90,0
79d57154-142f-4cab-bfb2-83b4a965fc67,40,132032,225,106,1
ccb9ca7e-ad25-408f-9be5-cd3a915dc175,28,76830,224,168,1
83bdd40d-b790-498c-8cae-5b8433b65e72,61,145750,121,180,0
7ef11ec8-86b8-420c-97a1-e83ab4a33419,59,45503,285,124,0
3a298d7c-eba5-4c43-bfb7-af5dbfa9a02a,18,85860,223,84,1
003d08c1-c9b9-4e8f-b8fc-b1f4f74e1915,48,138226,163,81,0
1d14d73e-bf9a-4fc4-8f9e-b733b6c64de2,38,35696,234,166,0
092f92ba-a653-474d-b9fd-6cca96b1da60,30,61802,242,124,1
8465ddf9-c0f9-4156-bc61-f60f072371b9,69,40027,285,87,0
9f92cac5-6b56-478a-933e-89caf143575a,56,68553,126,164,0
f5e89068-634b-4095-b390-f5d2a9e64c2b,64,76833,194,133,0
3c8932aa-fd1b-4267-a3c6-528d5b37373a,70,104267,152,115,0
a049fe28-2d18-4139-b81e-d00d33a1a86b,89,60922,223,125,0
afaa6590-7f4c-4c9c-bb78-ab54c7087c38,76,49042,210,102,0
4b520f84-ba4e-431b-968b-b5f3892dbb62,63,50393,205,174,1
57189714-2785-4504-aa87-ac9e7ab7f61e,82,142609,297,159,0
77e6794e-3dba-492d-ac83-6fbcac1048a8,52,144385,216,100,1
b3c4036e-4f65-40ee-b2eb-351514491694,89,56568,194,154,0
18a006ca-5703-459e-973e-110ab7b80f6d,73,53450,132,98,1
bcde731f-2a00-4c64-885d-456aa72af74f,65,36503,172,125,0
3c320bf7-e531-4258-b508-9dc4c7cf2bb9,83,145126,282,155,1
9d6f5ef5-c4a9-4315-991f-162cf1f7ae35,55,114738,201,83,0
0f7cf3a7-6ae3-4cb9-975c-416cedbea6fd,70,121301,284,153,1
27358e7c-3205-4923-bf02-7e9acd461542,38,64869,216,102,1
7e4b8eb9-1539-4ef3-bbb0-8937451c511e,88,106914,219,150,0
3aea1256-70e9-4399-83a2-9847fb375a15,63,37177,197,130,1
3da6f195-1fc4-46ef-abcd-1f74d56d7a33,75,111122,220,82,0
103ed44e-f2e4-4e1b-9ea8-b92801193d61,51,99559,132,156,0
55849aef-f5bc-4175-81bd-be8074da4faa,81,69777,130,106,0
2cadfc4b-233d-4aad-bd48-6034aed6a210,23,115257,206,176,1
67e4abd0-75e5-4645-a805-3fce01e31da3,26,107571,228,164,1
cf8a836b-caf9-4b3a-a17e-f80ae0a9fb4e,55,82680,219,99,1
bbf1cb4e-2379-4b51-8f40-0cea5d9b5fed,71,52403,197,140,1
0aae3515-381f-4f83-942d-b4a69b76fc54,77,32827,173,116,1
ccf7d61e-7acb-4a9c-b681-3b801ecc8e28,50,142525,248,140,1
2383cd72-7204-41c8-94d3-619cbb3b8ead,65,63763,229,136,1
ffbfb52c-5cef-4288-8afd-8206aba78fd4,58,66215,128,109,0
1e4cb234-1807-4fe9-b8c7-84a3f961c180,88,111728,201,145,1
59f1c073-08a9-4638-882c-aba99c2d00fe,65,60622,248,106,0
f87b1b6e-bfd0-463b-865a-f1beb2e1c5f2,48,75090,261,171,0
857eb05d-1348-4799-8aac-bbc9f9a52bc9,88,115340,171,175,1
88d68e2b-419f-4865-ad87-589e684d5632,25,101445,287,96,0
2a278bec-8660-456d-8ad0-b79c1e6cff59,89,108774,237,153,0
c28ef2c3-fe1a-48ca-8887-291c7ff3f688,29,30560,199,173,1
129ecaa3-2fa2-4a25-87d0-8d73eba56ab7,39,84156,233,92,1
380f3517-dbdd-42e5-aaad-eaf9844feb15,77,87032,277,154,0
8d0e4f2a-0458-4d7d-8140-a742565a0a5d,71,105894,161,174,0
bc64e438-f409-4f3d-884f-6c978fa9bd73,88,48175,147,102,0
dd87155d-a055-4f62-be8c-9355c90d5772,72,49139,199,138,0
8d2b1545-b1ee-4d08-a20e-01acb2996dbe,64,121492,135,160,0
b5e31cee-eb38-4a26-9007-f7360ce777b7,43,110800,271,113,1
0df104ca-d6d3-4c7a-9ec6-d907de36ca94,18,127342,295,104,0
bd52c7d8-cc74-4590-90df-d8ce95aa59fb,27,62473,229,120,1
646b03ca-1485-43bf-8a8b-60f3e62a3b6b,39,149713,297,113,0
ad63860b-2801-461d-84d1-67600a9b7b68,20,62740,132,153,1
ad420c83-0239-47f8-8628-0c54b8b558e6,55,108116,234,117,1
5483e659-9eda-4c59-b259-01446a30f5a7,74,49461,200,118,0
98f015e5-da85-4ae3-b6b6-582a3c0a62a7,88,140221,170,175,1
a5f7ce1a-5184-407e-8e0f-ab8aa674a94f,53,69885,176,138,0
c47cd85c-3423-4df3-ad0a-7dad9d06976d,81,126298,218,173,1
2e4db452-4afe-41f8-bda7-c57e2c12877b,89,69750,236,151,1
1c04f9f8-bc5e-4191-ac0d-8c736e814406,80,124902,149,169,1
2bbb5354-abb0-497b-8572-31acdc9d70e0,51,84501,231,99,1
c5acf0d3-adfb-4d44-8347-c7f2f194fe1f,41,37498,287,174,1
e14bb31d-121b-45ef-acac-f603b90e9b49,89,52850,121,175,0
73e2c918-2caa-4b68-9c2b-4cf1c8645fb3,35,112013,278,84,0
728ff3c9-984e-41e4-828d-412245ea54bd,48,53161,229,115,1
ba003950-4203-4f33-87f0-166b54db406d,23,63038,181,121,1
9e1844f2-4fcf-4d06-9414-c6bf7e044ac0,75,95009,253,122,0
460c9f19-a180-462b-941b-9bcac9642d48,65,60366,231,158,1
1f101ff4-1aae-4832-97dc-ffe691a67790,24,45465,259,150,0
4407430e-061f-4f56-8b0c-892cc2aa95d8,34,104916,134,101,0
444a5553-12fc-4b1e-821a-68cf0c9de1bb,58,112668,130,141,1
ad71dead-da01-457e-9415-48785f5e63a7,57,117966,236,178,1
280e7819-37bf-4ed6-af83-c9a2113ebd53,76,143274,174,124,1
63cfa9db-e359-463c-a4dd-5ef1b6a62705,37,44939,163,173,1
2b364ca1-a3d8-461f-8bf2-3fd9d2490241,85,81215,196,145,0
a8deb2c1-5bc7-4b2c-a5b1-65232bbadc57,50,58079,251,173,1
41ba9523-0377-43c0-a0d1-a76fcbb14bd2,78,138133,152,171,0
0840c248-5de7-4e4b-bd60-21dffc151543,35,94775,296,81,1
061b5a15-f24b-4105-9293-e41cef2d5e89,20,41798,196,160,1
dbe0d873-6dc4-408a-b96b-c959184d7ca4,22,113058,147,99,0
d5f9c09d-0f71-403e-a862-857f937d8953,45,35154,132,163,1
e7124db6-6ea7-4ec5-a026-3e64ed73c6ad,87,62900,275,161,0
b4320b1c-6e8c-454b-8489-0f5e28c9c3aa,21,116564,140,106,1
a750b312-d689-44d4-ae9e-812b8a2fb402,44,90721,195,86,0
fda14689-f96f-4cef-8e82-4837fb87ca63,25,121323,241,122,0
950ec6f9-9043-4106-8f05-15a085a012ef,86,98543,212,110,1
9be06a2a-83a1-4964-abe7-bae5c78278c9,67,131167,167,135,1
2a0077c9-bbec-4601-959a-a02ef890efb9,73,97508,139,88,0
24ba789a-c125-4e83-bea0-d0df966f54e6,70,36818,248,84,1
32720af2-d44b-46b4-840c-7bab094c6e00,65,38551,208,124,1
132421f5-ef25-408c-adc2-714e27954d9c,74,123229,128,157,1
9b21a0de-bb4c-4479-a89f-4a96f381f19b,18,34632,152,111,1
47ec386e-6a51-4458-a39b-a3c25b6dc644,81,75185,221,112,0
ed12137e-c0e3-47f4-96d0-189e756a6d65,72,31932,150,96,1
bf7b8aac-2246-4bea-b141-f4e2be036568,71,66400,190,108,1
6bc9c886-01f3-4479-a411-519651b613f1,46,101417,142,110,1
5d80f3f7-138f-45bf-bd4b-766f738a1690,76,50763,264,106,1
e4dcf275-06cf-430f-8185-16d5f1f3e5e5,45,85932,234,114,1
2c2f52b0-0f81-4808-b4d8-9789d7918a8a,21,149522,261,108,1
fec9f609-2a37-4da9-ba90-6d5c4ad60daa,84,38459,129,148,1
a4222e21-f413-4579-8321-a021e9276aff,35,37639,187,114,1
1fe9d231-2675-4075-96bb-7fd8f251f435,25,62550,168,156,1
976bd916-2bbb-445d-b0c4-b62afd8d8688,63,129241,232,141,1
3cd3a02a-477f-49e0-827d-41f99c9d5479,35,78696,268,144,0
eb1683c8-efcc-4901-82dd-9b2bb7ae2452,80,106739,161,138,0
c460adc2-7504-4462-8f95-eb89741f2311,50,34064,259,173,1
ffe70839-6f01-4876-a6df-210f9d8f0e41,18,118210,225,105,0
f55f21fc-e74d-4802-a9ed-5c73adc222f7,87,38091,269,179,1
59e65b92-177d-42ba-acf6-0c182ce11b8e,55,115406,134,100,1
359ff1e3-d722-48ef-adf4-0444acfce667,37,47750,299,93,0
601c2701-c7f0-4033-bacb-69cf1e88485c,67,133012,198,163,0
ea4956af-f6bd-4811-a376-702c7b271f3f,56,65536,170,170,0
a9c30943-35d7-4b0c-adea-f8e73ed14cf5,20,52055,153,89,0
87e583c4-3739-48b8-a76c-6711cf7e22bf,73,70404,298,140,1
27e3de21-a512-42ea-b87a-d3227203ce9d,47,30098,279,131,1
737d8a92-9d6b-4778-ab86-39c87b716af4,69,49814,143,102,0
30cb1f8a-902a-44b4-8960-8310ab8f1a64,83,101824,200,132,0
a2531832-070c-4c67-ad72-da5598dba868,62,66093,252,149,0
80db5103-d1f1-4bb0-8fb3-c136887bf06d,67,72463,226,137,1
2bba2bd8-0603-49b1-9e5c-3663f9250ae8,36,126868,154,132,1
222fd54c-26c9-4c7e-9792-229bbb6970cf,35,44854,185,169,0
5960db6e-c398-40b7-89ad-d242effb187c,48,77507,186,102,1
e09cb15b-f3c7-41d7-b077-e878f883691b,80,52336,172,143,0
4c92b9b7-f657-489e-b259-acdb55508a3d,56,87942,293,111,1
2e0254c9-6140-4c2c-b91b-f1e77df177fc,43,69810,156,178,0
dc2606bb-3925-4a17-abaf-278a63fd7f4b,74,35547,247,105,1
47b5dc5d-53d7-4737-941e-e14991a26749,80,38428,285,168,1
690c3f9d-a0e3-4c1c-bc21-02e056ba0667,83,132280,263,143,0
43874ae2-1b84-410f-b586-3b1bcdffa441,39,36829,264,101,1
18444ec7-91c0-4093-be17-bc4c032bcd63,69,123925,148,156,1
a3c6c182-bae9-473a-8bef-cb2e70dccd7b,61,139924,144,104,0
ea57dde7-ac6f-49b9-9315-b92383c22a2a,50,85897,261,106,0
6888c30d-56c3-4bc9-9af6-327c05984056,46,67452,255,114,0
c399786f-fd84-4e8e-963d-5a7c246304bc,26,123158,254,148,1
5e874b1b-fb48-49e6-9b22-7d1d0f37c23e,38,147868,195,119,0
64b0ebc1-2add-4aed-8707-aa600c7b8130,58,44451,214,137,0
dc64fabb-90c0-46f0-b46b-34181e017551,82,145725,122,135,1
e31b64a8-258d-4b3d-847b-621da0a3309c,81,143249,172,99,1
083bf015-2c41-4435-963a-069700ad27d2,31,47108,215,103,1
44706c6e-af73-458d-b6f5-48860cb0dcb5,67,36568,142,110,0
e51f0fa6-af5d-4a2c-94ad-30da2d6fd937,24,115791,143,102,1
122d21f0-83b3-4310-bf38-1662f3e7277f,67,39320,128,172,0
d2d8a567-e442-442d-8031-80db531296dc,42,102097,157,118,0
a22dbb30-110f-49c3-992a-c58837f1ee7c,50,37770,299,120,1
43ba3743-7483-40d9-919c-32775da29d26,70,112878,245,147,1
7fbba710-57bc-4187-930d-5a29499eb09b,49,57804,291,159,1
b6efd4f2-617e-4bcb-acd0-ae5e4c714cf8,76,41543,166,149,0
814efb7c-4f99-4652-b01d-c490bbb4defb,56,37993,228,135,1
fd71886f-6b4f-47ef-81fb-48fbf7476010,90,52627,281,178,0
e1601123-783e-49a5-b0e5-3e4d0e558c10,64,94890,183,170,0
eb5540ca-2479-4b34-8e33-5c335d536f6b,39,39196,238,100,0
dedb3f19-dbe8-4ead-b1da-77434e555b5d,74,126273,245,96,1
7a5d8be3-2f04-48df-8556-e567c3e87dcf,47,102496,270,119,0
df2b28bb-d13d-481e-94e6-caa64051eead,56,65676,295,164,1
0eb34be4-fa49-454c-a95d-cd9cecbbf7a4,27,148391,231,177,0
057b80a8-57ae-4781-bb2a-e0051c91390b,26,109025,225,150,1
98879022-9e56-4cc9-b109-74a60ebce1c1,59,110638,277,149,1
bee526f0-c44d-4a19-b263-dc8b134c0e14,31,50873,243,103,1
37d811da-f3c9-4020-9021-da79b1be4be3,90,115292,185,139,0
77ba0307-b80f-42ed-8f22-0146cc4a3d44,80,97103,234,98,0
f62eff87-6639-49a5-bc58-dad7ec663064,69,148151,219,134,1
a9fef630-7b54-4d3d-bffe-c56b4f248c44,71,87360,161,99,0
8008d3b7-7afc-41e9-a496-005bd587b66e,61,111362,213,87,1
b35f33cd-0954-445a-b51c-f632b6d952c2,22,70935,232,177,0
8dcc871e-b2f2-41a7-9462-6816a87f1323,46,34821,283,170,1
c260c0ff-cd44-46f0-9ff4-232ffbde33d0,54,45350,225,149,0
5e537edf-3f6a-43da-b677-3a57ee227a98,84,134041,149,143,0
0b25a0ed-6863-4b02-b468-88bfd0e2eae5,34,118575,298,104,0
ce648a7b-3e05-4e6e-92cf-b77367a0b0d5,54,73761,224,137,1
87b3d246-3474-4f0a-b5bd-f361fc93dee0,43,113739,171,155,1
73fd9307-b59c-4d1f-b9ae-94127c31efb3,27,30523,256,134,0
e83d56a9-2b40-47f5-86d3-a0a06eb0e350,25,34461,189,108,0
4efa236d-5311-4fc8-a75f-c5122219e216,44,90868,186,119,0
454376e3-e148-4024-97c1-b90ad1252a8b,24,104996,271,164,1
5a6d3dc9-918b-4558-a1dc-9cb2547a21e7,22,142442,277,105,0
51458d79-a183-4af9-be2c-971e19bdd99c,43,121159,214,177,0
d36030ce-aeab-4687-8d4f-9a2f519085b2,32,60879,187,156,1
d07e380f-3f12-47b8-943b-0e2049e5f193,58,127817,276,169,1
fd0d5b23-39d8-4ff3-9a38-16f3b95492f9,19,88982,151,131,1
e7feb9bf-c149-4506-83e1-696d4c151ddf,40,129124,255,102,1
f4a359b5-88e1-426f-bfe3-1bd14171c233,51,50853,225,83,1
af136971-436c-4328-9951-43d023d4458a,88,33147,274,134,1
47780a73-302d-4322-b1c1-bac4b740290b,64,36923,196,120,1
1d08bfad-9fe6-4e7f-8f04-e0d182f00cae,82,148907,270,91,1
792ff9e6-b12d-446b-ada0-17896fe27157,43,39665,122,173,1
acfa82d6-af9e-441e-9be2-2b3e59bcf377,50,142723,257,177,0
b942ae6d-b033-41f7-ab5a-f4408bdccfa8,48,117242,132,117,1
d7b2e102-454d-4e19-b102-0f86185e85cf,82,47524,236,147,1
9e09db80-0f39-4e08-b1e8-e1761e9971f2,88,133689,155,121,1
afca264a-34d6-42df-9f88-ea8e5a635c3e,88,47305,294,130,1
6a84232f-b9a1-4754-a476-d6de4aee4915,72,47196,259,143,0
430d2022-a1e2-4522-b5d9-b803aa660dc2,54,99063,138,122,0
478260cf-4c5d-46c3-902b-8978a1b7d00f,57,64598,281,160,1
c8d25b61-f440-4cfd-87a5-2602d9d3925d,89,64899,165,99,1
3ca247b7-9dd3-4e32-99db-a61e486f5020,38,53403,218,147,1
5182c44d-3f2c-4cea-aad4-6583bee68ac7,43,102922,135,179,1
f8eb5888-1c0d-4110-8706-3609c406932e,83,33222,139,165,1
dd6e46a3-ebb8-4d9b-bd7b-98fdb6b6bb89,46,59409,163,84,0
2b14a9e0-8e1f-4884-983a-d38373d220d7,35,96412,216,91,0
ccb27fdd-d23b-446b-8167-87e2e002672c,58,88385,218,143,1
772b6bb0-990e-4a8f-9c19-ff5bca16377d,41,113991,274,173,0
efb67b0c-7e03-42d7-8123-4b8ced4b8f07,83,55949,149,165,0
2c68d30f-3b16-463f-bece-379418de7826,84,107745,255,171,1
7a9d95be-8b07-4d00-ad79-8fa5f5eea7f5,40,121193,121,95,1
b098e4b4-0b74-490a-bdc3-80a1ad4ad0c8,56,76566,172,132,0
31fe28a5-d609-40e5-9457-f3b00d72c8da,89,60817,151,153,0
549aeeb5-1901-4250-af8b-00e1c3320b1c,72,96601,142,143,0
1b7015dc-2a75-4d01-b049-0a4666f90e24,33,99463,225,158,0
b2616577-6e35-4e77-84da-24024db2cf6a,61,41292,283,101,1
492265a7-0a8d-44c0-845d-0f06c6fc161d,63,97814,240,126,0
34dbcc20-db73-4843-b563-9b82a4153a5d,65,48516,274,125,1
788b901b-f2c6-45ff-8789-edc0c79d143b,19,98259,227,174,0
b0388a10-fb81-4891-b8e7-69344a074797,39,141816,129,100,1
f03beed2-89ba-4cb8-be52-bfa99865ed63,80,94449,182,112,0
b343d19b-6fa7-4f1e-9080-db256e7d6d97,35,121381,269,82,1
4b59c77e-469d-44c9-9fc2-b027b41e8cdc,39,67164,128,95,1
a53da69a-f7bc-4bbb-9bfd-8f388b7e7128,41,140729,137,179,0
797c74ed-ab73-4f03-8429-e0346ef679ee,30,127531,270,165,0
dc532419-8535-49cd-8d62-156a5dea2cc8,29,140002,131,106,0
07073a2b-2cbd-45d4-b104-f932e938ac24,43,118992,293,150,0
db8f204c-e91c-4ffe-b8f7-84820956427a,81,107927,257,139,1
5b8bcc81-a000-4721-9aaf-49bb7b03f034,18,93000,240,171,1
850538e1-9e63-4866-b67c-b999ca7c5b0f,38,141389,217,110,0
3f596904-add4-4656-b357-bb785476294f,22,131783,136,180,0
72202184-d57d-41b2-a0f3-b7298b9bea96,58,80004,195,117,1
9366800b-2dbb-4400-ba93-affec1d98083,36,40278,266,152,1
ce3b0e55-b6ce-4c58-9b98-563f8a007745,75,30433,283,120,1
d53fe8b4-34c8-4e94-9f50-b1eadf310d57,60,58018,200,147,1
931b8a5f-1198-4ebe-9978-afefec63c7bf,75,37508,271,113,1
19120b0d-8cdf-470a-9cd3-5ca37ef35218,64,55380,260,165,1
e711ff83-d934-4766-bcc5-19fccba4bbfe,50,43138,130,144,1
4efe836f-3116-48d6-8192-58f15128ecfc,80,147727,232,109,0
e7637e68-1e5c-4425-9fcf-dedc0b43917f,52,41442,231,177,1
de4187f5-cbe5-4e64-a080-6b95b24f6147,87,105227,218,151,0
46185e1e-ca43-4811-941b-ae1ff14893ce,90,72204,259,123,1
30bbee3b-c626-4e56-a51f-36cf87ec5c30,60,50906,280,93,1
120fda0c-a91a-4f00-84c3-218a1df8e4fd,67,114153,219,178,0
d8ce847f-0cf7-4df8-916a-f37a328442ea,36,146467,177,156,0
febade00-72c1-4a83-b701-11c341caf7cd,77,124878,297,147,0
f26e3098-c196-4f8a-be83-268a16fb3978,67,147029,294,164,1
3410d0ca-8587-4141-8d56-06e5eb67967a,83,100826,244,141,0
8d8b7058-4f31-4325-a7c6-715d349731ee,37,110829,235,103,0
8a644d54-6f4a-487c-8386-0c52e3d68a9b,75,47572,138,103,1
e2bbcca9-2201-4678-a458-69ca609b7533,52,132290,192,87,1
9b5ebd43-f083-4de0-af27-1a920ced2ea2,31,119748,155,86,0
49e7bf95-2663-4463-a9c2-a04643f77dd3,30,60483,213,153,0
c0ee9c21-60cf-4743-bae9-9658f648f031,59,72576,269,166,1
bca45919-0a04-42f4-a32b-2dab025c01bd,41,103307,160,96,1
722862ad-dd5b-4755-a173-cc8f0d34bee8,25,31559,300,137,1
be4bee50-b5ed-43ca-aa6a-cd43741ac3bc,49,128150,143,92,0
14efa5eb-62b9-491b-98ed-46d955a42a84,65,63670,137,121,0
30494778-0adc-47c1-ba73-f2ae4e2900a6,41,38997,296,159,0
24cae1fe-b604-4b13-85aa-16c91e6ddc84,87,69672,138,162,1
aea68bfa-1d90-4896-9492-92f6da3fa9a4,74,130293,253,175,0
79704811-cfc7-44b1-9905-8830b34c363c,55,62909,258,111,0
b7667471-672d-45eb-9ba1-eaa3f48510e0,86,94703,179,175,0
4ad1c076-12e3-4bb2-968f-6d62ea5b979a,49,127425,131,159,0
33c95348-7ba7-4835-9815-2b583572ae04,28,34045,175,114,1
fc1771a0-eba5-4b09-9b6f-753459103750,20,121191,132,113,0
8e0379b8-c335-4db5-b1f0-551019739fbf,86,64643,241,90,1
1f559ad8-14d0-4a7a-9b5e-14ccf866d04a,88,113466,280,173,0
681ac416-29b8-497c-9805-a3a52d37f9aa,71,52571,300,100,0
169a99b6-cbb1-47dc-a60f-4f8dd158ee20,25,46680,264,107,1
f6ef38ec-acf9-4ba2-aac3-a8275fc09d4e,39,124596,260,121,1
03cbe1d3-7361-4c80-b846-f099f78a6406,20,126940,279,93,1
54e780f7-fb85-475d-8e2b-4a064b2c4d36,21,147760,259,161,0
0cc27bc3-f15c-4ab4-a61e-179576a2cb15,35,111261,237,150,1
ea95952e-e2c9-498c-9140-f39c30ea6a33,59,85905,300,95,0
256d71f0-f60b-4ff8-a2cc-34b296cae8ac,22,53380,178,96,1
cfc0533d-04f2-40ac-b33c-ca2a356fa4d8,89,65426,194,82,0
63013f69-6e83-4c1a-86fa-16030f0a24dd,51,107771,284,175,1
6279abd6-bf3d-4dda-9074-ecdeedac2c9b,37,71532,176,124,0
e7341dd5-a6f2-4f39-925e-f05362e9f127,55,88021,174,146,1
c6e3a102-a4c9-42fb-9994-c5796156307f,75,50167,147,95,0
b5678e26-7684-46af-9a1e-1f8549ca40e3,40,82722,169,103,1
ec712f62-b413-4930-9dbc-54c73984477b,21,58556,227,134,1
c15e0b96-d50f-4f49-83e2-4b432ff33b3e,21,43454,280,101,0
9820720f-9b9a-4ce3-bf60-58ba08c85b7a,80,45833,144,141,0
0da9f8da-a950-487e-98d7-647172b58bd1,26,92197,243,173,1
104d8945-8769-47f6-8562-86ead827b1e5,64,73970,258,110,1
87b75fbf-3649-4161-9de1-dcdcf2e4ab30,46,41991,282,141,1
e2c4ef67-d7ab-4954-969b-8cd90e983861,74,91716,255,172,1
e0612e4a-d3f9-4f05-80a7-effd0f984558,22,49710,148,170,0
b0c277af-ccca-4258-bbd5-296b5e9fcffe,83,31853,208,80,0
35ce497d-073b-442c-830c-7073c30da1b6,68,45905,292,91,0
12aa2524-d70a-4b49-bde7-b6870e98486e,50,83823,284,179,0
3d5905ea-8220-4fe4-8426-2fbb3604f119,33,144493,230,173,0
5575e513-12a0-4e85-871e-26cc979597e5,89,59000,294,112,1
aeb24095-5a4a-44a6-9561-33a9e4722334,40,64184,240,132,0
fd2cdeba-9661-4281-9551-b3ca05279698,53,59118,131,137,0
ba973733-16ff-4f0a-ba3c-bd27242fd64d,46,72624,285,147,1
cbb209bf-aa88-4080-adce-a28526993df1,34,116079,150,155,1
35fca6df-9892-441d-a17e-69fab4546399,48,68649,188,117,0
491d5ab3-8e1e-49dd-9fec-df17b9e4ad07,29,108908,163,169,1
36ad431d-ae53-4c57-9b4c-a08af064e866,18,137790,250,85,1
b6e8e467-7a5a-40ac-8da5-9779c8f46beb,39,143542,125,83,1
808d705a-bd4f-4c46-98c8-2ab0d46bd806,26,97556,235,176,1
756b509b-8ee9-4471-9453-acc46f4250f1,48,115589,276,97,1
14ad2889-e558-40e2-8f2d-92b9109b72bc,80,140300,262,180,0
62e2ea25-fd75-490a-9b47-aff66e5d46f6,29,124403,175,108,1
d1aaccae-2b80-4da7-afac-553a4463dfb3,18,65991,282,116,1
fd97bce1-6b65-424a-bf54-5f37f63c4524,26,45843,185,82,1
89f30407-5fca-4b12-afee-7ee276347ab8,55,43780,243,175,1
d9319b1a-3680-478e-8853-8892bd38f59b,38,135847,211,116,1
1741f357-5c8d-44d0-8080-50f9526c65b6,53,96746,132,96,1
46a4a230-f5ef-49a3-b910-fd74d1897603,20,65561,120,128,0
f01487d3-7933-4928-b11b-90f0047ae1d7,42,71464,153,95,0
ad301edd-3f62-4545-b6db-ba7819361274,47,63802,289,159,0
c08d1a86-810a-464f-a5c3-0b2db9e60952,49,126229,292,87,1
2cdb9d5a-716d-4f0a-aa7e-f3fabbde6e44,58,103489,194,130,1
00d306d1-08fb-418c-9615-e11acfe6de7a,74,135531,295,119,0
2913982c-c76b-4b0b-a8f6-943a20a357e4,52,66213,128,83,0
94f5d531-e43a-4d34-8618-e9b7965daaa4,79,86709,295,85,0
734734a6-c085-42f7-bdbb-3acef647b52a,56,44608,161,132,0
bb476ed3-73cb-412f-8fe7-5382ef5f2492,37,146564,126,119,0
6bf95fe2-8849-439e-8b44-a3b488e0652c,34,91424,257,93,0
f9571e00-8c29-4a5e-b1b4-694cf5e76ebd,41,96362,189,93,0
a847a4ca-9e8f-44dc-b683-141526317d48,61,79640,172,161,1
5de652d8-33c4-448a-a85b-d4e4c412eb6b,35,62510,257,153,1
43789758-734c-4d0a-9b27-33fd33928bc9,84,143809,180,141,1
b4769c7f-afd4-41e0-9b15-ecc6825e6a94,53,88677,256,164,0
db3b6d62-c4bb-4b85-a090-3cea28c2a95b,81,110973,155,86,1
9d95e75d-c13e-4840-8e81-51093b3896b6,67,34477,135,149,1
e8e03df8-2119-4b75-a5a3-fd3e98b94875,42,63111,178,156,1
2be6b77a-d83f-44c6-89b5-4c50eb55389f,34,126480,230,100,0
0eb30553-f72c-40f9-af43-ac57731a62b1,72,40540,160,134,1
b573efee-c7cd-401f-97d7-9f2717fae2c9,42,42172,145,157,1
9f45740d-dba0-4870-b686-bd7be01becf9,36,127181,255,140,1
9fafaa22-fd64-4c30-b16d-863855498143,85,67050,209,105,0
365f9d51-ec8b-4165-b662-38da88ef36cf,53,62865,198,147,1
276bc818-67a5-440d-92a6-7faeb3f854a0,21,97838,163,156,1
59b7b02f-2467-4188-b610-05bf59b288c8,54,53390,123,80,0
2b279586-fb35-4f30-a757-ca1af2f966ff,51,35157,129,137,1
4311edc4-d270-433c-b534-40dd953ebc32,81,30533,243,130,1
df64146c-45f9-4939-8a48-87ff4434b519,69,39518,134,117,0
cce76ea4-4f16-4523-bbbb-5a223630ff0f,31,49023,164,84,1
230b8590-383a-45e4-81a9-7e59234e6ca2,28,113534,284,88,1
5140b5be-3455-43b7-90b7-cbd2264adaf2,62,65754,182,155,0
72338cdd-2cf0-475f-b7db-962fd761c129,21,38613,254,163,0
29684f39-abe9-4700-ada1-b1ee652fa0af,41,31730,182,122,1
6873b277-3946-4914-b04b-af443b6a9f51,28,87250,288,174,1
83299525-60f4-415e-9be4-c85f24d2e512,19,130816,268,173,0
a6e925c8-6095-4672-9601-647c1cfcd89c,85,70643,205,147,1
20946c4d-3e36-4c8f-a8d3-3822171774e6,24,37662,243,138,0
b2dfe3f2-7bf8-4009-8ba3-1b8b69e178f8,18,57369,194,177,0
27373988-0b9c-4b73-960b-6df41a6ffa87,86,89924,290,141,1
aef84ebf-4a37-41ce-bcf2-dde99d1afb20,31,52653,184,174,0
0a084ac6-d76c-4b8f-954f-21cd876fb97a,77,147418,271,178,1
ec9931a3-1e3e-48e2-aa84-48c1b1a5d294,20,121610,231,99,0
bf428aad-9151-42c0-8f0d-3418ce7f0d4e,29,71349,236,146,1
7805d206-b42c-4256-897a-33c9d6fbb025,26,144186,183,153,1
b855427c-cdb0-44d1-bd13-874211090acd,69,69002,270,162,0
4c4909f3-1cc7-4f78-a81c-8f6062b5ee85,63,46821,255,115,1
671c2e06-64a6-4f9d-b196-60aaa6f0e422,52,142594,267,167,0
454260a7-42be-434a-a511-115a38a0d03b,35,145162,265,129,0
86a06fa2-52bd-488e-a9b9-09c3b3ab6048,24,67519,148,119,0
a1aad584-2aed-4b5d-820b-3b383e030999,59,101372,278,95,0
70919eea-76fa-48f7-9105-f3e97f5b2fa4,34,50795,272,112,0
d9f92577-42e2-463f-9fe0-393ba777119b,61,106999,163,178,0
2a06a704-d300-4bee-bcdd-a6be8dc78f42,68,112814,297,152,1
e7380a5e-ccba-4c4b-a440-5847003dabbe,80,115191,215,153,1
c409c02c-b22a-47ae-b8c4-223cc9e80b6a,54,98248,178,170,1
f740f60c-312a-4be5-b094-f4571ae7d408,18,114494,160,106,0
1b512970-7b0b-43d5-879c-7a89b30c5f0d,38,96606,186,146,0
f9c707b5-3451-49b3-8617-ae699d6b91b5,80,128378,126,117,0
41f54978-7263-45c4-98ca-7a22532d4bc1,56,51550,245,165,1
3da2fbc9-88ab-496f-9d11-1eb492aa4801,63,88016,248,122,1
b9aa0c6a-5bc1-4024-88d1-e539c4b45d35,51,79967,240,166,0
cca7da2f-2b83-47e2-9abf-6fd752f29377,29,94003,219,155,0
13365ff5-f19b-4535-882d-8bc59b222fee,83,47050,185,157,0
011b0229-9a73-4737-839b-94e2a89176c3,74,68859,251,173,1
ae556b57-0f18-41be-8a96-14de889fec4e,90,144497,277,159,0
dd6cb37c-a66b-487b-971c-eb09f34bb907,80,42631,135,112,0
617b5dab-0064-48d5-ae69-c5ae1ca99bea,39,106237,189,132,1
940dc240-3f60-42bc-908b-0e657058e7b3,36,109757,300,127,0
b2210793-6400-4ad9-b6bd-59f98af65044,36,86942,276,86,1
9e75f579-7f5c-48c2-854c-fb40ff78c010,85,34033,299,139,1
a3888515-51bf-4a19-a5e6-49671bb1b7e6,58,34122,153,124,1
710f41a3-5674-4b02-89ec-6bfb4aa3797f,51,63076,204,119,0
475e581e-66a4-4f69-8e93-f18799e94b36,88,42301,143,91,1
1469799f-3a6f-4e20-9dfb-0b94d557d530,62,41307,276,130,0
5484dc67-5768-49f1-8be2-b3a5b0572a48,84,49214,213,138,1
ba984513-f618-40d8-a985-3a434a7a8db8,89,52887,164,90,1
3fc9d1f2-d8df-4c9a-8a39-07394a69db48,23,130617,136,144,1
97d4cad6-b6cb-497d-8400-778900df271f,44,106648,253,96,1
d2fedfa7-5fb1-473c-9542-eba7c29a0858,71,33649,266,94,1
a95d99ce-3b04-4542-bc61-7355719b0b23,77,105417,279,120,1
9c23e2b3-7b5d-45d0-bc70-0f6d7d55996e,28,46405,295,119,0
5afd8566-793c-41ae-8b6d-b5753ee90e2d,41,80527,267,172,0
e43d1f36-fd97-4c33-a946-7f0e336d9710,58,34565,262,86,0
d4f11e36-9864-4c0b-ad64-dd3b14df004d,76,40820,266,115,0
e6668bbf-b6fe-4d20-8197-65d29d68c62e,26,45911,300,154,1
b2344b41-37e3-44b1-8377-9fa2e5d9e21b,61,82005,203,105,0
20910823-1286-44bd-b932-63111fb8124c,39,85570,257,179,0
461fd4f7-ea12-43b8-bf58-dd2352879435,33,72329,268,155,1
ee66a137-d338-44ea-95eb-70e80fe5e624,55,104420,141,175,0
282212a8-9147-4835-a991-08e7c46371a9,48,116455,245,175,1
d0effa7e-9e22-417d-b14e-76fac9471ee2,64,117448,181,91,1
b2f3a2fa-28be-43cc-bbe6-779b62bcb26a,41,99483,143,126,1
bca04360-a793-4f39-94f2-6b0cdfb5ced2,78,95467,150,155,1
fc106488-a136-4c6b-918a-4bb29e9e6a23,23,88988,140,80,1
e6ca5e9e-5a71-4cc4-a10c-0fc5a9c738f9,80,58552,282,125,0
4c663d09-a1e3-4dfe-8069-a31c288f7a84,20,88438,259,149,0
0c62c747-1282-4611-ac65-0a06b8feb7a5,71,31211,138,160,0
e5131794-526b-4c05-9098-ecde281865dd,43,145956,233,121,1
46982cbb-912e-47b0-a4c1-2a5adb666b89,45,74411,239,167,1
9c0d8cd8-57d7-405d-9b9a-60623e953d53,19,120756,214,148,0
9b63c38c-ed63-492d-9eb2-8c76f3d9defa,69,144805,229,84,0
d21e4063-0b31-4486-88ea-b68046fe12b0,30,89638,284,108,0
133b7638-c9b6-4c63-8bf1-9575d38cfbd1,66,133420,213,174,0
db849542-991c-4b80-b0ab-344d97e8ac11,70,87507,239,80,1
335e8673-b3b0-4d88-8c5f-224ecce09991,79,45874,223,90,0
69ca69d9-0c81-444b-8e53-c7b0e6a72fac,69,33177,191,114,1
b1b0eac5-de17-4c83-8b39-e54a3cd2a778,40,46274,281,180,0
64e72e98-f998-4720-9033-7c678491cc59,71,143102,194,151,0
ca2a4c7d-f2e0-40d8-914d-af857be26023,78,87013,264,94,1
2ed79c97-793c-4afb-8c0e-8baf4061b0b6,41,68301,229,119,0
9521470c-97a4-4056-8375-63715659f5eb,27,83527,243,174,0
d55f7646-6f88-47e9-8a6b-4e74e926cbe8,82,60712,257,102,1
1ca4e943-8973-48f7-8ce3-a34ab77c1436,28,134467,253,138,0
57defa7f-4daf-4dcc-a220-9ebe556891b3,61,149930,222,126,0
3af898e0-6f77-4e5d-b91a-22bdc878efa0,35,40190,231,156,0
20c3c587-3d54-4235-ae37-2de0eeb49712,27,116243,212,155,1
b93e43f0-f5c0-4f95-be31-900d875b902e,74,70272,181,164,1
da6c8963-8d68-4a88-8725-092a1e844d0f,28,35683,251,92,1
5e2731ce-60da-4ff3-a86e-a932ff8f96ff,66,140666,279,125,0
715e27a5-0a33-46d7-896e-65d3c3bb34f9,68,37426,247,149,0
68f02d6f-853b-4a51-90fa-d62a455036c1,22,54708,259,122,0
c0103314-14e6-4a1f-ac05-20fed930f212,30,33060,270,147,0
9adc81ca-4a1b-40dd-a811-780d4b2fede5,75,86554,186,144,1
a391a0f0-369a-4fdf-9ab0-eebbac2088ee,55,101954,131,117,0
dc5c66c8-da23-4c2d-b7bf-5decfb42c7f1,26,68481,181,90,1
0609c06a-cee7-4327-a9a0-19b661dc9fe9,90,38587,256,178,1
9506c693-fb39-4047-8b4c-5c5ba5975228,37,43938,267,163,1
a68a15f6-d487-46b2-b294-93f954bd1fd2,18,142007,212,170,0
791911f2-c29f-4222-99eb-aabcf4431acf,85,126710,260,110,0
d211610b-09d3-4b43-b570-c48f85823aaa,19,142429,133,111,1
678861eb-0bcd-4ebe-b3c6-726f02f300c5,58,93696,236,112,1
ec2eb28b-865a-42ca-ab73-c2817c281cf2,90,95527,242,83,0
7752c388-716b-40d4-891a-c5aaa934d614,60,124320,211,97,0
6595453c-a042-4721-99bf-a32d225b5e56,60,103997,249,111,1
d05f5a90-ec06-4fcd-95e2-585d5cb01985,46,82373,208,179,1
f9182802-510a-49d3-8dbe-d21a4df021cc,27,65027,214,100,0
51e723b5-498c-4a0a-9130-c7004046fbf3,59,88261,229,131,1
70a5a977-3ca9-4aa7-9282-1c3d64953545,83,37676,263,135,0
52aa374c-5b2b-48c8-8633-06506028c819,24,53093,165,116,1
f600034a-ee38-49cc-9fff-103197288a6a,82,118495,174,172,1
12eaca41-8719-4e27-a2d8-f33378a9d303,48,134167,195,89,0
5cb74bf6-5035-4055-ba8f-149f473e26fb,57,42214,156,167,1
d9e029be-9e46-4a63-ae10-793d60300659,30,41628,180,155,0
e021741d-de26-452c-8e30-de5102f7e16f,63,40267,183,110,0
354f05a9-3e37-4ec5-a605-b0784f0229a7,31,124990,176,157,1
96bada64-b20f-48f4-a022-72f95f7be28f,37,67347,194,123,0
14a33ef2-a2d9-456b-9885-0113e1bc8a48,70,69212,211,178,1
d1f447ff-680a-4a9c-8c1e-d96f04f7c6af,21,31495,245,83,1
804b2494-cbe0-4326-b95e-521c227282f3,50,146712,174,83,1
afc80311-8ca2-46bb-adef-6a18ba137536,61,82084,273,134,0
b391be2b-8235-40c5-adad-6c5f255d3356,27,125694,206,174,0
0729b139-bbae-42c9-8d55-73944ee6b815,39,114922,250,86,0
e37a3a5d-5a25-42ed-a886-1045bb8cad6c,43,47013,140,158,1
c38c290e-e1ad-47b3-92b0-e914713058b3,66,126162,151,174,0
0e1ca315-6708-49a6-ba16-48093fe3e07e,89,96037,202,129,1
ef131931-e90d-4443-a385-5f57fd7385db,79,102517,186,167,0
2e1b3ff9-1116-42ce-9b57-6eb01f5ae1e2,31,54038,209,156,0
ae1f9640-3fd3-43ba-b5f6-21aa2251144f,19,131625,148,101,1
691ecb7b-d6f8-4e67-a987-47bd60f43dee,21,141800,205,166,1
961d3f10-d655-488c-991d-4353437b1e74,61,78780,244,150,1
add95589-96f4-45fb-9e7a-c106ac2bab2e,29,41097,251,81,0
c4d5528e-0877-4b7d-bcdb-b7ff857c8f12,34,131853,164,137,1
75e4a5ea-aa0e-49f8-8e5b-7ae2936f57d0,79,136487,182,146,1
8dc9e983-9af5-4f94-97a9-4308fc652d0e,81,90777,215,160,1
e1f97d33-8fe6-4ed4-a6ae-12d77b4f4d7e,79,99498,213,157,1
5ec77897-2ec5-4a1c-889a-0fb2991e0b9e,36,56764,263,128,0
8af36b86-bf1f-4610-85d8-c944a006ab16,63,38096,190,110,0
ac3bc895-6188-48d0-bb0c-077d10d01d5d,62,143298,241,99,1
1a21a9ad-230d-47b4-82fb-71d2818ebc95,31,87955,279,88,0
7d8fea5f-dd31-4200-a312-77597b5c4360,58,62996,174,144,0
7d33c1b2-4c79-45f6-9323-e811691a3bcc,56,113188,268,176,0
335e829a-b554-4ea7-ac6f-d7100811459c,46,33144,180,88,0
2fd65d9a-6570-4e14-9370-28680a1e4789,72,39592,180,150,0
7e123a35-04b5-4f76-9aff-e8b1da38a2f6,67,59121,238,139,1
e76ec859-0e83-4fe1-ad32-ff275b5a3c38,56,84078,232,97,1
389be5d6-421c-4750-8545-6144a5b3531f,70,74002,219,101,0
feaf0a42-a7fa-4198-b8fd-354fa99b3480,73,52481,161,108,0
5e28f20b-175d-4fc9-837d-da18fd075220,59,72162,137,149,0
fcc59ecc-6c01-47fe-9913-e0ee0361fc31,37,70069,284,110,1
aab2f909-7b08-4bfa-b904-a055aa71975b,73,92960,278,163,0
a5710e36-5f3e-4efe-839f-06c071e255a9,70,97529,280,117,0
f5bb6264-29d6-4145-b0f1-2a90fc69c1d8,89,135976,212,91,1
d7ae20a5-5e0a-4927-ba79-f05d8e51bd58,28,126814,280,89,1
4c0b61f3-49a0-44d1-a802-4ab43b14590c,48,65080,205,120,0
8313ed2f-26fd-4429-80ae-86f72d86567b,85,138321,133,121,1
15184a91-6b4d-4291-a4fe-2b1004fa7f35,55,92492,155,154,1
b7a51fe3-9057-4aad-8c3c-c8c8b1be5fbe,86,52521,169,128,0
987a15f4-733e-486a-a6b2-0049e26ee717,18,70817,188,96,1
9a5fa53b-4891-4163-98a4-36d8454755a5,20,119012,289,101,0
96c8f000-f0fa-414a-bb4c-038e5901d7fc,76,128613,180,137,1
4143ceae-ecff-401c-8e8e-7da36587e11e,44,74895,230,113,0
684c2d64-0332-4193-8457-b7d7040570d4,55,48912,169,147,0
045d5411-518f-4a0e-a23e-920c97135802,49,53026,236,173,1
0fe4bae9-a0a3-4b13-873d-f2d55c063089,47,42421,222,115,1
9486c6bf-63d8-44d5-b317-5a692f696dfd,86,113849,147,135,0
f77b1681-7bab-4c76-977b-ecf14e544ce0,24,90359,203,164,0
4c586cbb-24ce-4474-b9a2-ce76373aa87e,74,84142,139,101,1
51452c17-6ef5-4576-a60f-56e50d98c97d,82,110627,280,131,1
524b3351-5b4d-4a3e-90e4-20b8f6a9044b,65,129440,247,110,1
13c41c91-0909-45a2-83d7-34a8e86075cf,46,125463,290,143,1
8b5c0252-4ecb-42a4-b11c-71edac676007,29,46457,278,155,0
3f369b2c-eed2-419a-8e56-a98407352085,67,100755,159,94,0
6d3195df-d55c-47a3-a8f3-4df0e2627048,52,135902,248,98,1
6967619f-ee71-47a2-966e-cc647344702b,28,122862,138,82,1
c8a6a401-5b95-4721-b396-98334f50eff6,44,69529,293,81,0
06371f6f-ec0e-43c9-9e3d-89ab32481c61,88,77125,262,85,1
6c5c205c-6738-4527-925c-78c40b61bca2,37,136824,243,151,0
e1f1b854-012d-4870-83d6-5b608c9d5f95,31,33944,300,171,0
88f1db01-070a-4afe-8011-6039a6516a91,67,93050,273,121,0
155ea0ba-1e82-4b30-b33b-c9c8a96374b9,32,43932,276,169,0
3c94d994-a7b4-43eb-ae93-dbb3e8fc3d80,85,137351,138,153,0
e46d56e8-75cb-4f93-88f4-9bcd34b33fc5,80,34646,124,161,1
3dd6234b-5cb5-421c-bf6b-7a2727c7cbef,89,32806,293,154,0
cf5eaafa-f3d9-4dd0-aaa6-f8c64e46d7c6,84,69473,165,100,1
bd3190e2-2a31-4e6d-a171-d169f19d5c7c,35,54020,197,132,1
36f3ccf0-9ae3-4da8-9ed7-137fe45407b4,33,89459,127,133,1
9c7d8a8d-a53a-4201-8e35-058105e1ea45,43,65948,232,144,0
abacfc6b-4767-4eac-8c1a-6bd6f9b94bf3,52,72758,268,160,0
5eb4f23a-d9a7-40c5-8544-52f6cdf533f1,82,97791,272,91,0
c0e4e3d3-7281-4e08-a47b-bc2d4055abfb,71,97272,225,148,1
87c9165d-0ef4-4c91-9e9b-55de1ef2cf87,65,142192,239,164,0
f3533881-0c11-4a95-963e-ab101e2720b8,82,87673,212,91,1
c34007e5-632b-4c17-ba84-1b0a4b79cc0e,65,97708,200,121,1
a17aa8b7-856d-4974-8721-bd053f386194,45,111353,220,170,1
d18e0b29-5f98-496e-9901-87f763e90801,48,50908,289,82,0
2374a636-1ac5-47b3-bbee-2c70b8b2cd4e,55,110036,165,96,0
5c5528d4-e6b0-4aae-9d09-862531bdab91,24,133430,205,161,1
0ac558fd-e666-44ac-ac1e-77e3e41e6cd8,72,68168,228,97,0
a2286fa7-31ce-42cd-8bc6-605c89193fc5,65,51400,223,150,0
75a52ef7-f4aa-4597-95dd-34ffde4ba33d,71,71546,125,171,1
896dcba8-f0e2-42ba-90a1-5e18ac650663,56,63004,172,130,1
6c1bdfe8-497c-40c4-b962-ef61e92899b8,75,100218,236,128,0
dcd2b70d-dca2-4d72-9b87-2efc60115308,87,133649,245,123,0
d61edf74-eeb2-4bcb-90f1-93eda5e79d15,59,101572,252,117,0
bbcf4111-ca5d-4158-9e98-06c2ab3c00d7,50,45061,299,118,0
61f0f7cd-f1a8-4dc4-8493-f6f65511288c,25,67764,241,135,1
4cad4fef-4906-488b-8e4e-2acff5d8b1ed,74,112718,224,170,1
efd9e31f-7004-48fc-89e4-ceb61a5956e6,83,69638,180,179,0
c2182de1-66fa-4325-b1c3-20ebee5aa387,69,100367,187,167,0
600c595c-d8f5-48b9-947d-7be06cb61e3c,81,113286,269,92,0
2dbf45e4-f990-4c66-ac9b-a5c1c8a536e4,80,69500,204,110,0
c8487658-c03d-4b48-9a5d-af08cf24ff9b,76,107689,249,156,0
96e698ce-cd65-46d6-8aeb-f979957f5537,54,77774,142,135,0
c201bd5e-1b4b-4541-87d4-75a457ccfa81,25,46206,143,113,1
96b032a1-4163-40d7-8ac1-9a3ce0b7aeb2,18,74662,159,111,1
0be3fea6-ba6a-4fdd-bce5-d5dadb4a28c0,32,82925,155,91,1
2e3319b1-f07b-4391-96c8-0f8177238bbe,49,30286,229,113,1
267dd6b4-6487-4007-b0bd-37a9b27be85d,72,137125,235,122,0
afa465e3-208d-4344-a8b8-ca198261d6a0,51,93347,220,122,1
d169f8d4-d1ba-48bb-ab5f-545deb536c61,19,34356,172,135,0
73fef789-1006-4b18-a715-843302e5d9a1,33,134159,224,107,1
7997aec0-ed54-4ca6-bf4b-2b75e5f0f467,89,132620,141,100,1
43f70de8-0f25-47a2-a4d1-1bfde861f56e,90,31445,205,169,1
dea190d0-2579-4fbf-8298-a0c8874fab65,45,49581,148,120,0
cab14d94-09f4-41a8-a066-90a8b0bfd0cc,76,73655,133,105,1
51485e29-36dc-45be-98b7-d266fd650ff9,70,90870,149,144,1
3511c45d-2642-49ab-92ad-c3c335094fc4,85,117092,140,134,0
6dc6efe5-ded1-4d78-b4fe-fea4e15ce2dc,82,80920,206,138,1
e81cd96d-907f-4abb-a7bc-e8ad6b206262,63,103406,218,102,0
f9eca1a4-13ce-4771-862b-7e589929dacd,46,31215,229,153,0
f46bbf65-817c-4f0c-959e-23babbc0705f,63,109025,199,99,1
93782b40-bbad-49c6-b792-3c49e8902a48,41,139848,151,164,0
78d42a84-bb86-4ca1-be65-dc1874896907,43,93145,123,122,0
9aff867f-8dfc-40b3-9663-b4c21c2a1c6e,62,84591,248,121,0
8c49124a-5cc2-4ecc-b194-9e220fd9e635,59,65654,297,119,0
8833f560-1a4e-416f-af41-db901d6427e0,60,144513,170,122,1
fbaca060-8d39-468d-ad84-f4352b57f4b9,46,33984,157,147,1
04e0a64c-3699-4b5b-8b06-4f84950e5890,47,64409,176,130,0
088b6b2d-dde3-4fe3-92e4-dcea87e1cee7,18,46645,158,92,0
01ec7dcb-2b2d-453a-8759-304fbd64de24,61,133953,160,137,1
5fd15c0d-10d7-4eca-aee3-f4ad9c4d88b3,60,87913,209,106,1
76547fed-c650-461b-9050-9315817185b8,86,140687,262,90,1
9abb2e97-1be4-476a-af06-d6869b82338a,54,109819,248,164,1
1abf857b-1748-4f45-8395-b11f53f3be10,52,96820,293,111,1
96437c8a-5c03-49f4-a148-4454ff94b83c,22,92097,184,140,0
762d78be-061e-46d9-90d2-699fcbe25d53,32,54321,209,97,1
ca68f98d-aff1-4795-a10a-74cf4b6ef3ec,42,97446,188,114,1
0cca268b-4fec-47a8-aefe-316a81afebea,45,112230,127,118,0
ce39eda6-783d-4e51-988d-2389254a87ac,44,145842,190,93,0
6055be8b-c3ba-4a14-b253-4785b2641599,46,95877,167,178,1
a2689fe4-6b04-4ae3-aa5a-5a548fb6fe2f,74,142661,206,111,1
bcad3e66-ce4a-4aca-ae99-72ee77ffb5a1,27,143344,148,138,1
f372ff9f-b607-476f-ab8f-16ee512e2690,42,92706,254,137,0
fe6c29f9-0f41-4c37-b359-ab73431ac6e5,29,82713,272,123,0
035dcdd3-a277-43d5-b72f-cc22f531e128,40,47124,293,139,1
1bceb0a2-c846-4421-afff-9e6c2569d77d,67,62221,135,137,0
fab14db5-c7ed-4622-a9f9-24fb932e0998,21,135492,141,88,1
1e6d2d30-3c4d-436f-83ca-02123642ceac,42,46594,294,147,0
3c2f58e1-5c72-436c-b4c7-4c43eb129002,19,77647,273,91,0
658c69a0-4abc-4977-9ab3-54df5f28df93,87,113836,226,123,0
fe334255-8005-4a1e-97ad-1bd55fc561e6,71,58874,178,116,1
5a0baa8e-9d44-4a32-94de-2668469c72da,35,146894,213,125,1
f73e52dd-01a3-44d7-bd09-7e4dcc8629bc,32,107938,216,87,0
f729d2f1-3e97-4fa1-8b27-36e3c824188c,25,33401,273,150,0
3839b1ba-f026-498e-867b-f51db31095eb,52,59660,215,122,0
62a99df5-d791-4561-bef2-30c83d1da701,73,118854,124,86,1
2eadb173-a16e-4e9b-aa0d-3117b65429bd,60,133583,246,80,1
4f614b24-4d63-4a25-b951-ae055bd553f7,82,141232,260,134,1
b0c46292-02f8-4af2-9656-a374bb793c94,43,132141,173,147,0
9d2bad58-b634-4590-96fd-269d6151d8fb,38,38973,141,135,0
a9a08544-9de7-4c2e-a473-ac5961319c4d,52,117563,145,152,0
4f445123-702f-4bbb-a9ab-98d34d208d64,32,43220,272,156,1
ee98ba7b-3539-4acb-aa93-b7119af5c3f3,89,39186,201,168,0
8f4377bc-22e4-4355-ab72-2210996aff19,31,113035,215,179,0
a1028977-b2a9-4a75-8898-c58b606625bd,52,87380,293,169,1
33f401c7-8245-451a-92df-78093be538d1,56,107756,131,160,0
6d98ada9-ae6e-4c4e-a916-b9aa5111bf8e,22,132179,157,123,1
13aac939-c1b7-491c-b345-db2054f31932,52,38259,270,130,0
4a0258f4-ed22-462a-ab68-fa26d5e86efc,51,93304,217,142,1
5795e4b5-1a79-42f5-bdef-b580c07771b5,36,130131,124,97,0
f723774f-eb8b-4c60-9b58-34437b5db2a4,27,82835,247,148,1
6d267f7e-660a-4c23-859c-33ff2aafce9d,21,92811,145,139,0
0afba1f6-4469-4565-b667-91803fab363e,18,89742,261,132,0
9090a906-0fb4-4a35-ab50-4b6e13e73c92,53,138864,264,164,0
c445e1ab-e55f-43a7-a330-f8b6adac7522,24,35987,269,149,1
5f4bde28-8cdc-4d24-91dd-88e12c998916,88,135359,204,174,0
7fc93b9f-ef9f-4a90-96e7-a49787b69cbd,35,127966,168,178,0
8b6d0e03-695c-4bed-ab11-3280596de6cb,65,127501,279,163,0
4891252f-649f-4543-8e5e-7b71bf03d6b9,67,79474,221,110,1
fea840d2-ee25-412b-8dd2-3c328e7c9cb4,54,91908,235,99,1
9258b876-f853-4ad1-a45d-11cc2c943493,82,74278,144,110,1
28ac0faa-f85d-4298-916e-4914b52b6ac0,26,60205,232,151,0
a1ba4f85-86da-4db2-a999-ec65a67e2122,35,135053,224,167,1
9ad94cc9-c6bc-4cc4-844c-b966bf54d42b,36,90717,172,168,1
8103fbcb-84e5-472a-9c73-c927a735e4fe,27,116802,258,149,1
c781ed67-d675-4b64-a2dd-083b07112bc5,39,42097,144,148,1
93425645-9311-44d8-b4ca-e2c81ba4d88a,40,124671,250,176,0
2a152b6a-8d27-46f3-bb07-ff90fc2eeced,73,109062,293,149,1
9354c18f-250d-421a-b120-a616875406ab,40,149714,222,94,0
658718bc-5706-4325-835b-d77dae1a1bca,81,46077,138,130,1
f0d05f87-d78e-4eb8-9d66-834c5d52dcf8,74,94805,220,116,0
6e71cd3f-1c1a-44fc-811b-5398aba613f3,83,91341,215,144,1
05db1498-1bc8-4eab-a184-ebe91f69f99b,25,94608,219,144,1
516b27af-32c3-4696-94d1-b931f70ce4f2,89,36525,169,109,1
012295bb-6a76-4ad1-a628-e293499e008d,62,86775,233,110,1
09733691-042d-4935-b1ae-57b603c064e4,89,65941,167,88,1
0a2ab157-5e38-4439-a396-8099bdd4abe1,43,104083,220,109,0
e37ae527-d1ea-4057-8325-fc62b9058bdb,87,57849,227,163,1
8fb0f50f-184b-4cee-94ee-402fc9ac5ed4,60,82206,236,146,1
99cd0a47-6a87-4c5a-9582-01b435c863f7,23,104404,264,175,0
8c65e628-11d1-4e67-a1c3-2ba1d32b3484,47,37685,279,173,1
5c56f0d5-ed88-4108-b697-83da2157a307,28,124415,260,166,1
b24be45c-5b40-45b5-9f86-19f64b8f3501,86,115888,264,98,1
00ee63bf-5560-469c-b5af-83b32c12a321,40,36876,277,113,1
a74c8bb1-63ce-4304-a7db-66782ca1f97f,34,37768,163,85,0
7abb5b1e-08d1-41ee-b51d-4bfa3429cb2f,58,132034,173,89,0
aa793b87-55ca-4f1d-8428-fae20f18b498,49,63999,216,103,0
60e56063-3f1f-4403-9945-a5a222679c59,25,133292,204,108,1
0aa8b5e0-a765-4a46-9bdd-a78bf7292194,77,89910,247,81,1
dc33874e-699b-47a6-8197-9e18e25be2df,79,71072,121,165,1
4de565eb-c92f-47fb-a465-64aea47f6226,72,62827,145,133,0
111ec29c-698b-4fa7-8ce5-c309fdd2446e,63,109081,255,146,1
537e0155-19a7-4364-8959-a299b824987c,47,43167,268,146,0
0c83cb5f-0ea2-4f4f-bee5-a309d99df0dd,57,78313,174,177,0
3e913d73-5915-4e48-959c-301cdbc0f75f,56,71503,176,94,1
95d9b95d-6588-4ed7-ab92-dba0fc968373,30,48503,221,114,0
9af02d7e-763c-4d61-96fb-7a8233b40cb0,23,72339,206,111,1
e5c9a5b3-ec59-418a-aea1-61880f40f289,36,93440,150,135,0
091d7355-e10d-45bb-a875-0d3ad7ca909c,51,111308,210,133,0
6a3bdf68-2f4b-4ad3-bbe6-f749ee77937d,29,40363,268,159,1
1e1fafea-64de-4cb0-8591-9a3efbe30491,25,134688,252,136,1
a4f3f2d7-5863-4c78-81ef-a7d526642d4c,80,135417,267,103,1
ad46ac41-9acd-4967-ae0e-f26b7a137886,45,113037,236,137,0
fb2d8a07-b882-437a-b689-2b4ddeed1442,60,140915,278,177,1
c8373aa8-2735-47a4-a37e-8bd5b7682268,56,81353,165,138,1
05fe3440-9dc9-4815-a198-72b724059860,71,128594,128,139,0
73efb628-2695-4a07-9118-e083e4c225d4,72,117272,140,97,0
bb877183-796a-49e1-86c3-2796975ecc42,39,97503,299,80,0
fb272a65-b1ee-4fcb-8b50-ff17b27d20aa,79,51540,235,101,1
c35d454d-d9fb-4094-87d4-68f95091302b,45,96912,164,82,1
d71302ae-9b52-4566-8917-61ff174d155d,78,138162,274,125,1
96c5f7bc-8e15-4191-ad5c-b8ca54bcc10f,47,148153,176,169,1
03b12056-2104-4de7-85ac-a83eeb90fe25,26,83768,228,125,0
ae66bc0d-d6cc-46e4-8dab-2c54b211a4a5,73,59748,165,145,1
a7c0c191-890a-4472-a89e-69d1e8a660ec,20,119701,137,166,1
c7982e07-eefc-4245-9678-0f350896bc45,74,39113,168,157,0
7f73b401-f6b6-4f15-95a4-34e22f330b2c,21,48131,161,145,1
d9536efa-5e76-417c-8959-fa0c8b13493d,33,97433,220,159,0
a0c7f3eb-92a7-4cd4-b643-ec45e2a26b4b,62,148825,123,108,1
799a5d3f-57d8-42b4-86b1-01531eeb16e4,86,69454,163,122,1
1304d80a-0f3d-4353-837c-f81cddbcec99,47,83199,222,120,1
8952e9ac-cc90-4598-9920-9a646f3e5a70,26,68680,191,160,1
a103759c-87d8-4c0c-a1c4-7d6b878499fa,35,82860,235,121,1
07415052-c81d-4311-b505-05315f19b3a4,83,30850,238,174,0
8d2f26d6-ad77-4b97-bb64-164a6d1632b5,71,101367,294,98,0
267ae222-9705-427e-853c-a9de52d7e62b,25,101549,271,97,1
00c989c8-66ac-474c-8cbc-8409c2f9345f,46,67867,161,152,0
b05c6c35-5f86-47e9-bf25-55480afcadfc,37,61684,245,157,1
b57a6a8d-5471-47c2-a44d-0414e9f89a2f,30,121393,233,148,0
c745fc79-606b-4a90-a3b3-92ef2aa7cb0e,79,52543,227,111,1
37e94c2b-3f47-4979-be71-a276629f3ebb,63,35648,264,80,1
4aca27c0-9cd3-4dcd-bb0b-5c2d951a7793,31,34851,146,112,0
2e961ad9-d67a-473b-bd68-fb7e2b625cd7,65,135811,187,127,1
a190902a-4066-4f57-afb1-f493cf290446,48,73723,267,121,0
e7a0d8e7-b40a-454a-a7f6-45cef69cd341,22,42219,281,173,0
9efe9f2d-6a1b-44e2-93fa-b08539b6e64d,50,135477,126,167,1
23dcbe32-8227-4a1c-8e4b-40c086e9cca2,31,47834,205,158,0
d5384fd3-f188-4c13-9cd8-6d548625f922,35,70400,167,82,1
376b657a-71a5-4466-8d93-def036c5f2e7,82,32482,150,92,1
b8fe6523-1ef2-4352-a692-3d60ad19cff0,69,111489,130,123,1
f546f7ab-e632-482d-a468-42ec35276c04,27,113916,217,142,1
db438112-4be0-4901-9170-63a9450d786c,80,120786,240,148,1
d9d3b896-7077-448c-83d9-01e27e4d0b5a,59,61565,216,109,0
3c055669-59d9-4b9a-8ef7-abf0e641a484,81,69372,186,91,0
623b7a27-5585-48d6-982d-a89f5951d269,72,142575,259,113,0
7ec49ef5-4aa6-4750-84cf-f3526cec832d,42,128597,238,160,0
9f7dc04a-e9a3-496f-b532-a5757b0f58c4,57,34458,284,179,0
e4be14fb-8a19-42ca-926b-57aa7e24a762,56,113026,182,175,0
e4798228-d856-4d3f-828e-c02f9d25d1b3,70,127529,163,139,1
2a35c50c-84fd-4281-aa17-1442aef5edeb,36,97109,202,89,1
d6ac3a0e-720c-4503-8644-bb1d3badc3cd,42,106789,211,177,1
efda3915-9e59-41fc-b821-6b7e5af1f209,35,30119,202,95,0
47b360d9-5879-4332-ae3f-0a06cef78d49,39,33606,270,107,1
4f4fc11f-5acd-4762-96e0-9fceefc4da9c,29,34210,128,178,1
f192bd6f-643a-4d3b-844b-2dfc443c901f,20,49077,215,130,0
5807a7f9-7306-4473-bfbb-1f9fb5067be1,86,148904,197,99,1
52f480b6-6690-4ecc-988e-769749385725,23,106123,158,130,1
d7cb1b88-d365-4fdc-9987-78227c5ab658,82,123874,236,87,1
f5bfcaad-c8b0-418c-ba9b-402339294f6f,18,65470,265,111,0
ac91f733-8413-492e-bb9e-b7a172b2271c,74,142508,218,176,1
51089c10-6cfe-45f4-852f-33c3f403a815,41,53869,135,110,1
a14f0df4-067e-482c-af0f-7ac5e9215fb0,55,138277,133,170,1
55a9ea94-c3d4-4fb1-b17e-90be9fae4af9,38,33695,196,134,0
78065022-78d8-4a93-874d-d44538e53dd3,53,32453,240,146,0
1e0972fb-c93a-4dee-8cc1-758eeca7c663,50,39467,176,151,0
47dad97e-dd1f-4d3a-a93c-b49ca85f9473,56,125022,175,135,1
a917aae7-56d8-4b1c-bd6b-1e5f712f2f07,46,60899,275,83,0
63bc8c00-c53e-4f29-ac51-1c2dc076909f,57,84137,122,172,0
7bb5c384-3dc7-4d38-b41a-eb8a9170fa7a,78,86558,134,127,1
323266a6-4e83-4845-9d5c-6fb6ab427b1a,49,124747,148,146,0
f7b6127d-379f-4e45-8f15-947ad2955052,44,71848,298,135,1
a428a26b-62b0-43d6-8cd6-b51a317412ac,27,30805,210,146,1
6016eb9a-f10a-4b5b-9d99-3f043c94238f,44,76377,148,115,0
87ee8aa1-ec89-43c1-afb5-7dbcf1f94d5a,27,64584,176,165,1
a3911650-babe-4c20-86cf-2ba6a7c18ac5,31,117706,295,102,1
cc137e0f-50ad-40b0-8a99-0b1d4ec634c6,87,120159,245,145,1
3ca81e09-ec25-40b7-82f0-2304d0e78d42,24,41035,160,138,1
4ed15153-433b-4cb6-a83e-983dd1431daf,53,125163,163,130,0
fce971b7-ae2a-41e5-aff3-51b3188b6c17,78,38459,133,82,1
6f1f8f7b-3e22-4716-953e-85cfd20683e8,87,104366,259,119,1
54b20f11-8945-4930-ab77-122bea98002f,28,76714,144,84,1
1a6ba923-5741-4cce-a781-72dc421a2f80,29,66151,171,130,1
a3103eb9-5531-43c7-bf59-f80c74411252,45,87982,183,149,1
7d79c4dd-de34-4090-bcf4-0a9cbd018535,58,67243,232,132,1
52839a91-b6c6-4dc1-9398-69f0e97382d3,88,125264,229,156,0
1cac53a9-596b-4e81-8c45-003f802b690e,33,146012,264,116,0
b6003ea1-07ba-46a1-a009-32c1fb0ec124,30,127896,173,110,0
b232078a-d667-429e-a655-ae9f70103315,36,82705,189,125,1
fc9ad5ce-49c6-478b-95bb-2a0bf4d45f24,81,90394,190,103,0
37548147-2aa1-4aad-bf23-61c7c9b4a23f,20,83655,128,160,1
5f2a0299-9785-4268-bd01-55cc16ba88a3,45,125225,253,161,1
977b2d60-1e56-401a-b858-589eeff9984d,26,96280,216,122,1
22b37a87-35e5-4047-a907-92f6194cbcd8,29,86175,206,160,1
088d893c-f364-4cae-8d65-d4862a14effb,84,79140,300,82,0
6ce04ecf-0d3a-4cd7-874d-15661d100b2f,18,75005,152,95,0
d0f558cb-6559-40f0-beea-88bcd5bf308d,41,96321,295,108,1
8b6f9eea-478d-44bd-97c5-e36c4c37efd7,84,112680,243,119,0
4707d232-d559-4a8d-a67a-045f8890531f,62,81880,160,103,0
88b9b387-bd44-4d85-b2c2-269067563de7,23,126800,242,131,1
7b65749c-cdbd-44cb-8f29-b487bd3ec7a9,51,129206,256,160,0
cadfcf8b-220a-4337-9e16-4e96c63490f3,88,81489,185,126,1
1d73fb96-ccb5-490c-b9fb-2b9e428f5e72,47,139087,182,125,0
f0076918-9fbe-44ca-9726-17dc547ee987,56,50765,271,86,0
b52c52a5-3526-4c33-9deb-9c97b5c1f7ba,56,141854,149,108,1
8cbe3cf5-4111-4ca1-94f1-23334f634088,66,65292,122,161,1
f85f3bca-7601-4733-95c6-48bb304900ac,31,97716,240,161,1
ba0e6dd5-9f91-4965-818f-b4b3eed2e67d,79,64030,284,90,0
f4f9ebe3-3632-48ba-84cc-5c90dfe1deeb,90,83058,210,81,0
1c94215f-04b3-410f-ad15-dcdc6eb4c98a,28,70807,144,163,1
aa922610-b645-4e07-b374-6872305127f4,77,114629,217,97,0
f6b64c62-8fc1-45e5-aab9-04b1fc9484ae,77,39742,165,138,0
4c8743f3-e6b3-40d7-b205-18b7f89cb415,72,130599,269,163,0
674a58d5-416b-4b01-97c1-137aa67e61e8,45,138462,230,159,1
e6560896-b45e-4605-84e9-fdec3c75b90c,52,97558,180,135,0
fd35fef0-fc82-4e21-b5c8-8322c80fd2a2,79,95673,233,118,0
d2522d13-8c8b-4783-840a-0aafbb2f8ec8,29,113998,240,158,1
32cfffe4-44a4-4c3c-8070-52557501dc32,78,53889,242,150,1
cd43f9e8-da32-4e51-8c1f-40870001e20c,85,119968,186,164,0
aca44337-6af6-4fc0-9204-d76867616fc3,67,56240,223,131,0
c044b9a3-fc7e-4f47-a79d-8cc0004d65c8,42,111167,127,175,0
067d5b4c-a9ca-4e77-bb5e-953b7222d99a,58,66669,193,157,0
b8c74e4f-a5d8-4b4c-a2f5-ed97ce27751f,21,119536,188,86,1
93380dbe-99d6-4721-8abc-162479f6037f,86,124927,216,109,0
84e7702c-6746-4afa-9a20-9c4d2d727c43,42,55037,291,160,0
edeca011-cebb-4313-9a1f-68a59f60ba6a,22,104092,292,91,0
d695d8ac-8cb5-4d97-94bc-c95ccf00e191,75,89805,207,151,1
fdea44d2-17bb-4037-b298-ff7857c9209d,66,65285,236,114,1
3fc9e51a-8bef-4d8e-a775-2f291030f7d6,63,100592,139,100,1
531bbc10-9162-4c88-b164-869c3cc7401b,21,149120,207,134,1
d5218c70-cae6-41c2-b46f-57be4e93b3fe,72,30297,244,174,1
b8029eb6-e310-4f1a-aba2-8e32d997cef4,64,144826,243,170,1
3858834b-05c6-4dde-b262-fc97ecc9ddb6,75,132716,294,120,1
a455e916-138a-45db-a0db-86a3fe6784d2,78,93525,204,80,1
f3e8ef13-5855-4957-9dfa-d34129aced41,33,103203,284,169,0
a610c402-a35d-4fae-8c70-48bdf9ab3940,33,74303,297,170,0
7bbc0c04-9d50-4002-aa01-40e934f69fdb,85,45496,223,141,1
0533f055-fcbe-45e0-944a-e90d57a9f60c,56,98577,136,143,0
11be7a43-4fbe-406d-aeb2-d6a64495b763,49,127963,188,133,1
0581dfe7-3883-47f6-99d2-fbedb3a370ef,38,57733,258,81,1
53367671-1a8f-4af0-90d6-7431c7134bea,64,116047,225,96,0
b597a126-e2d0-4f59-8b98-113006c2b02b,73,119766,289,94,0
276ca367-7309-4dae-b4f5-8408f1c6f240,18,120996,267,172,1
399c73d2-b496-4a4d-abb6-3f6a7f0d44b7,58,70800,131,85,0
9341358c-9549-4081-8d44-3e0c0037af1a,90,77045,275,136,1
e20b7eb7-9895-4457-9b8d-e94fce1acc39,38,79945,184,116,0
6cd3a97f-c6b8-45de-90eb-28625d4d157a,38,132505,268,80,1
1dcf7f64-9776-4e37-821c-2b8b7a665e24,82,138054,211,172,0
4ed925c3-712a-48a3-b830-a2e31205858a,22,79683,202,81,1
9f1b14fe-56c1-4837-b7fa-98a0f16cfd41,47,146398,133,166,1
daa5b8bc-8a7e-4770-ac16-2fba752fb334,51,98461,141,158,0
1af68789-b91d-43bf-9e00-92915383c2a8,76,76207,227,160,1
261745c7-3de8-4e63-92bd-9989752d9b6c,27,30077,223,96,1
6d8d870b-eaae-4c4b-9b2e-f4eb43c4abb5,49,103329,220,168,0
8b717f55-1bb4-4884-8cb4-294ffefada68,29,107385,148,140,1
512e219d-3ce5-4327-a2ba-7fbafb1ff592,75,146206,212,120,1
be8ebd9a-11ff-466f-823d-e4eb12565c18,64,116181,131,148,1
9db4219a-5dd3-4974-bbdd-c0df55332ac0,54,33560,146,114,0
d671f797-46f1-40e3-a1e9-c5e917efe6a5,46,98053,210,108,0
1f9996b4-3034-40dc-8f02-40e6391c5949,29,119134,231,109,0
0de21fa6-48a4-4bc7-a576-a8a4c304c1bd,85,89587,238,137,1
74fc3c67-8ba4-4961-a1f2-697a1d605341,65,81522,297,140,1
7981258f-1be5-49cd-9779-924e0f1f8ce6,41,127193,274,104,1
c7a2cdb2-1d85-41bb-adf3-1acd822bc090,48,103365,188,104,1
14be44be-8725-4e41-8e91-0447c0388fc3,71,111765,261,175,0
2d8f5ee8-e896-40a7-9c13-757decac443b,70,85692,137,132,0
b43993aa-bfd9-4ef1-9c84-6d9951b11b0c,51,63369,275,166,1
2592cc8a-915f-4700-b524-b4d886638684,40,92291,189,113,1
591dddda-ddf2-4303-9b28-fb5c9c8a7c2d,66,145089,257,109,1
3face4b7-489d-4af2-9618-197e728ba093,66,102321,295,108,1
b7e3c36f-3799-4e53-8923-76907baf6944,61,114872,247,133,1
8722a569-3dda-49de-a784-27f4845cb787,23,44896,286,158,1
98d10c43-bf34-49fb-a130-65dc075b0c90,52,148553,121,130,1
2be12cf5-91e9-4f38-b3d9-1ec45e175cc8,62,59364,150,109,1
2d6096fa-1382-4c87-b718-2e913b7f0a71,87,146552,233,176,0
6a1ea6df-c11d-48e6-b47f-ba1a44f4724b,56,83491,217,137,1
1c4237b9-972a-4948-9cc4-a7f61130b5b8,43,140270,141,119,1
df50e5d2-0e66-4271-90cf-b12e73bc1fc3,58,137018,250,80,0
ba77563e-5709-4a04-9332-01e2a7a4ed54,30,120645,130,136,1
1e4bdee3-826e-4001-89bc-c9bb8c69807c,24,139969,299,142,1
8189ed72-6e44-4227-bbad-a7aa9daac91e,67,103132,148,173,1
859c37f0-18c7-46aa-9138-ef77e9d0df37,89,131853,200,103,1
648e9b2c-eb30-48ca-a80a-6a85aac4e480,79,50660,269,96,0
0a678f9a-58b9-4393-aa73-ce64fb5766cf,60,38434,213,180,0
00d8ef36-872e-4434-aec0-d93d62c3d2f8,20,95202,254,135,0
ae516bba-e514-4b08-9e71-9bd4a84ce722,90,127182,247,82,1
06762437-5542-4913-bafc-7e416bb865bc,50,121845,291,90,1
bf11e4fc-2bf8-45e0-9495-34b19a828193,39,93347,203,128,1
ac7fa313-d40f-4064-8bf4-fd5d04e78672,83,92503,297,142,0
f0d6c192-ad2e-47b4-aebd-eb25d7f979b0,72,103181,213,104,0
1f8774f8-988d-46fe-b782-5468cdc6c4d9,72,134189,281,116,1
5d1d2362-8189-40ad-8466-35cfb996be26,38,131018,252,154,1
e7d5e4cb-63e5-4e9d-ab88-2252ef917353,90,43158,144,177,1
a8853a8a-0504-4086-9aba-d55c81fb059d,51,101489,236,129,1
61ca4151-c891-44a2-ae3e-08faef277fd9,56,75713,278,121,1
69b4e6ae-ad1c-490a-9898-8832f67fd701,72,125930,143,116,1
f372e0fd-5379-478c-9ea3-b661cf012dd6,66,90716,271,93,0
44f0b1e4-d6f7-4f0f-94e7-7883bf79ef89,30,148962,139,85,1
71fc459e-c3f5-4e10-90d2-2b79654f55b9,40,81879,277,164,1
4815ce41-4562-4e6a-8fd7-be20af1d3fc0,44,111493,262,83,1
37283b14-09a4-415b-94b5-6a59048bd0ff,87,43030,147,162,0
7a00f3a8-5266-42dd-bfda-3d23e42313ca,70,141884,251,104,1
d70acd65-b408-423b-8a3c-4cafc42408c6,44,48423,141,150,1
f89b2260-24cd-47f3-8681-dbaa336519a8,71,75404,222,176,0
b581082c-5dd4-45a9-807b-76bdaa31cffd,71,130514,287,155,0
d3a3faab-421d-43cd-9994-5c710c6a0d44,46,146091,157,153,0
c8401c81-558a-4656-9fe8-358163cb753e,47,88126,151,106,1
70e53953-8b88-4003-9528-28086976993d,83,88167,196,140,0
63d3cf7a-d3cd-45ee-baa3-7299750d71ce,59,35846,186,144,0
d2369e6c-fa1b-4217-840d-91c606e0328e,28,147465,128,122,0
c03dd4c3-c9ec-40ab-86cb-8f83436fe1c0,70,31978,202,83,0
3e4274df-6149-4cfe-91f3-a80c18246e9f,61,33130,166,172,1
0d30f33b-4838-461a-9187-d6d60040b5f9,55,86817,142,99,1
778e2ba6-1c82-44b8-877a-cbe2e919e3e0,70,30435,169,178,1
d9916982-d1e2-4327-a636-59b4a0b09672,84,49725,123,174,1
f68c643b-5429-4bb4-831b-82527825660d,42,105327,285,81,0
ad4e9522-0eca-40f6-819e-6ab924851332,48,114615,299,154,1
4eb9f7cf-55e4-4b01-b139-3c17a6cb04d8,31,65781,186,144,0
9aefc5ea-8c2e-46a0-ae55-4a35d8c03194,65,125439,278,103,1
58e6fcd8-e2da-4805-a6bb-c7214b050a82,47,102926,203,162,0
b44773e2-3807-4162-b7c8-e323f6ff9865,42,57395,285,91,1
449b7783-b257-4f40-9c64-c38fc1d28bca,68,115493,151,105,0
0f02c2fb-50e4-4617-ad55-71c8556bc0a2,47,101061,171,175,0
bc4b4b1e-3d39-4737-a550-603f5371572b,51,127454,253,155,0
b9d15d76-578a-491f-b73d-8efa021a0f15,50,48533,159,91,1
767a40fd-ad8a-4a69-bba6-6f4c0d89a3b6,36,57702,269,94,0
97bcf12a-bae7-49d2-b62c-4d07dff855a7,27,66430,197,105,1
dd508669-4a9e-46df-9b77-0fbcd3cda526,78,70970,193,87,0
b3dc3b2a-fca9-4dd0-8cbf-76231805a6b2,24,136656,202,98,1
aaf04080-e71b-4ea9-9fec-fb4bbf78024f,41,117905,264,137,0
8f2d9de8-e533-4c20-89da-0e397df6a175,66,95292,121,80,0
6cd9e9e4-b6f6-4df4-a361-6657997527a1,27,94854,255,109,0
ee9edf0b-9d2f-4d63-af9b-b2c98fdcc505,65,136307,261,111,1
0d45955c-6449-4d8b-af17-150fed3085f5,71,83615,268,178,0
741cdffb-a121-4195-a81e-fcf07823f8ce,66,57029,300,178,0
071103e9-75bc-4e81-949e-64d75d363a0b,40,46428,261,165,1
807d9d41-be25-49b2-8936-b51a4e93ee02,19,69603,215,114,1
a224b66a-55ba-4d82-a1c8-e17040369ca8,82,108395,204,133,1
53664e51-bc19-4285-b01d-6d5d58f56260,41,86514,190,130,1
d6ae4895-afa1-4ce0-a6a0-48d6f4526a72,76,80614,269,166,1
1088f99b-3d13-4d19-9902-c31f85d40f45,32,87610,191,155,1
31b70802-af4a-42db-a8fd-5813c1514b7e,29,146985,223,171,1
6d164e33-b564-4955-b4da-2f818d8e4b15,74,149718,137,135,0
6fbadf89-f21a-44d1-9991-9605f54144f3,86,49355,177,172,0
0296882f-a63e-40f1-83e5-be52237d0a54,80,43733,168,155,0
a5f33347-f150-4d4b-ac59-3d590f1ec1a5,72,59317,198,154,1
3b05e7ab-8862-484b-be13-74c03e49bcb1,36,132236,210,146,0
095be5d8-af85-4c75-8b2f-03b815d7542c,84,85142,249,113,1
4ca3b678-611c-4e8c-9bde-be6362e06cab,66,133642,198,141,0
7d9c6a9d-ee45-421a-9ef1-50c32e9142e2,30,107610,147,116,0
516f1ed9-fda1-4769-bdb8-3fa0035507b6,27,96384,218,145,0
59c6c465-2d6d-4f4a-9727-8702c3109eba,81,63782,129,105,0
c857a34c-d66d-4e83-9f54-b1ca35b39b7e,38,71284,273,160,1
65385595-2d9d-4057-8020-8f0384325639,73,47726,259,137,0
53f44e16-ff63-4d95-a3d2-22ccf74a05f6,28,92307,160,151,0
4553795d-cafa-4a3b-8779-bf14a5d56879,38,63645,167,102,0
4eee719e-7ee8-49a6-b1b9-cc785bdc3443,38,65096,125,159,0
90db20fc-c01f-4e77-9cf8-eb4fed5f7571,38,34745,185,161,1
72307fa5-1a75-4c77-bdc8-91d2034daa7a,67,125893,126,94,1
abfe69d0-f450-47f7-9ea4-af05be8ae473,84,142712,289,115,0
32de3292-cc8f-4e26-a641-1173b0a73d17,84,89793,144,148,0
1d8e1d2c-e781-4c26-a3a8-2297d4b16ad1,72,94324,239,168,0
9aa3f79a-32be-4bd9-bfdf-eb3ad9fcb945,32,141101,223,154,0
51936249-5647-435b-825d-410cd39943f0,88,91378,162,127,1
43919b8b-59ea-48c2-8e8e-87a40191c9ed,57,104723,266,110,1
a839cb99-66c0-4143-959d-e9f00139342f,57,81371,139,171,0
5592d3bf-ec87-4b6f-ae87-dcf2716ac5a4,69,91718,280,168,0
fc56093b-282f-4c12-86d1-f58555114f4b,74,92624,254,170,0
b2ff8c08-665b-444b-9103-5516104a83a6,87,115329,234,110,0
25bac2d6-daec-4194-9945-1ac9e4f33c56,60,102503,279,124,0
f0335083-ae10-4ba2-b97c-f1876dcb1aa4,62,90472,192,104,1
e400eb3c-f638-45f3-a256-cee13a7d7226,72,39101,170,176,0
bcfeeeb3-6a27-4685-9214-ece443b57f9d,36,138541,147,167,0
0ae81875-82c3-4125-9319-a10fb386fb85,40,136594,287,97,1
a0a3552b-c9de-416f-ae8a-6635e971bb2e,63,52133,192,104,0
76a49263-75cd-42c5-bb04-870f17d7c271,22,65197,270,135,0
7ef24552-a60f-47aa-b88b-6bf912cf5fd9,41,146802,180,121,0
bc079ba9-af66-479b-8012-2629a4f39233,70,68527,292,126,0
8e23db14-347c-472f-9026-bc6d2b764b8a,89,127463,277,117,0
ee0c909a-0990-4074-a761-9e3c8cd8f515,55,124290,175,148,0
7a9c29a7-e69c-4fad-aaa2-aae690c1f693,47,133288,208,170,1
0bf7681e-dc24-432c-861e-96851ef23773,50,31920,263,172,1
40ecec12-41d3-46b0-b740-99b0901e1cc0,68,87949,160,125,0
90efd7c1-d7da-45c7-ae70-225532166859,57,97861,124,163,0
8e87973b-ac5f-4df9-bb15-e3d95f83e02d,19,130465,172,150,0
bc74e7a8-6077-4d39-959c-72c01a65227a,57,56936,226,99,1
6d5b1007-12aa-46b7-bd3e-d694c42a9f6d,47,66813,144,160,0
edeb7e4f-6728-4911-b472-5a3a36a74344,69,51588,180,115,1
27a949cb-28ba-4d11-8a00-8a38e033ac68,81,121434,286,143,1
09528c84-b819-4934-bbee-56b6c1078d38,88,149865,133,152,0
96ba32f0-5e32-455a-a7fb-f38cccb52035,62,46854,129,175,0
1281ceab-bb05-4442-a066-aec9ee912696,44,57974,196,175,0
7dc0d711-35d2-44df-b8d5-8cfd4a187024,50,66846,122,161,1
0739e046-3252-4cdb-b4ab-08c3fde5e519,30,136684,125,131,0
e32190d8-c7ac-4918-9dea-7a2484baa431,86,83488,153,120,0
d41f9ab9-668f-4221-bd32-09790ce89658,79,63832,138,124,1
b748b400-2789-4910-baf0-3befffaf14fc,80,68678,266,176,1
b1173061-a203-40a9-88ec-794e5c97c63b,41,101774,142,100,0
325181aa-a88e-4f71-9d33-a37686ace6d1,41,76442,214,132,0
dcd1aa00-76ae-45f6-a0fc-7716e006d7e0,80,46849,247,148,1
3515c817-e233-4bb4-8656-5faeb89adf61,57,128413,233,82,0
fb227a3f-47ff-4d37-a7c2-d8f34339c1e2,69,80668,238,144,1
74b09713-fe20-4ac5-ad33-2d73b7bbeae3,53,60801,184,106,1
bef9f6c5-4f61-48a2-929e-94aa024729e1,50,117412,280,108,0
4690edcb-32b4-424c-9834-52058f0bcad1,64,119434,132,142,0
6cdf38af-83a1-4a7f-a484-e0d3e763a529,77,48604,139,80,1
cc23ec85-abc3-4b6a-833d-b10c25ec8495,42,38845,274,95,1
5a369c00-5200-4157-8a91-bebcf488de14,77,35449,132,125,0
36cd120f-ec73-4aff-8512-5397a484005f,35,121889,154,138,1
9d003585-6588-48ba-8346-39d6eaa3d15f,47,105089,151,91,1
80e32db5-0671-4dd4-a62f-7641c4e8ded8,84,125043,125,116,1
a4f34bdc-1898-4f6a-932f-b1d8fc66ac09,87,105169,141,111,1
cb54315b-aa52-40b5-9687-99f490667454,85,78204,223,133,0
fa713ec9-ebc6-4ed5-8f9c-b2635f92d98e,41,100747,239,110,1
29cc298f-0c40-46df-95a6-26799c41e76a,79,116698,135,80,1
e494629a-3bcb-450d-8993-415afe89a068,86,77861,290,133,0
70bcc9a8-4e50-4922-a4ac-760137f38e8e,89,139817,137,165,0
9fc4ecc2-26bf-465b-9595-5231fdd41c29,19,137953,244,139,1
14ab5c4b-2124-4fb8-b811-bf3a0260c38a,72,126086,264,116,1
d69acaad-c7cb-439d-99a9-260ebae77ad4,90,149072,214,128,0
13c005a1-781c-4bf0-8164-a6f13f7d7b73,73,76853,208,94,1
db899392-7e90-437b-ae05-22b19f27904e,35,43692,139,103,1
7834c0df-59fd-4156-b09c-614adf716159,73,88106,163,124,1
bb2bdaa9-8fa0-4b63-9e7e-e73e4796b879,25,119507,273,139,1
60b76b85-1512-4ee8-a559-d96ef5f24c4e,53,123523,183,129,1
9040f128-b0b4-48d5-9282-0a3d30a2c769,63,76622,126,177,0
c080efb5-b796-48a7-aab4-2baa5e07d9e0,51,65111,251,144,1
b8ff5db4-a64f-44dc-ad8d-17987463c849,69,83457,243,82,1
488ec3a6-9a3b-4402-a416-1c0961257deb,35,126466,132,132,1
eba8073b-3e1b-40b3-956d-41a2676ab559,62,37271,129,138,1
fecf9c73-4d67-4c92-ac70-84054af184cc,65,69368,141,84,0
14798f23-9045-4f89-b48d-d52382c63fab,64,57585,129,118,1
74c3da49-c023-4da6-89af-2e9e2ae8aad4,39,126719,231,168,1
268b907e-0c90-48dc-895a-a17ba6a28629,40,86359,144,116,1
e4adc06b-d607-4bdc-9f4b-40847b2d6c03,36,40416,229,126,0
a811b5d6-910e-4878-9026-065ffc4de6d9,51,61414,151,102,0
390488f4-f8b5-4a95-8531-3d919153575c,60,35327,296,87,0
d373c764-4d75-481c-9303-de6ef0e47773,44,87067,251,112,1
1535ea07-c964-48c8-ace0-e999a5910edb,47,149722,187,158,1
de6b036a-0412-4be1-a055-d5f0c32fdefb,38,98068,197,179,0
f0791b6a-7337-44a1-b7da-31e69ab18afe,33,134335,131,146,0
71f9e788-6a15-4a84-a7cc-d41508e86765,65,119111,129,163,1
87a55f57-6d6f-410c-affc-c956c3e7d0df,77,135942,217,145,1
88052733-8c33-411d-932d-0da77a60d519,39,67322,124,146,1
b61a8da2-b5c5-4821-aab2-5f32b0c71b34,80,144154,235,123,0
f8727d68-e43d-4b29-a5ae-fcfd82c66390,59,58637,189,86,1
ee9ea9c5-ba2f-4313-8014-bd097ab39bde,30,82598,145,121,0
32aa683c-9664-4a48-ae29-ebc7570a60d4,44,111753,216,167,1
6b471f4e-c92f-4bd2-9ba2-ad2dbdf97dac,18,64420,220,134,1
237228ef-2366-4960-a26d-2f699d6448ac,20,61735,255,156,1
c33c55f9-f1e2-400d-bfe4-dbe1f5ee78cb,42,45603,155,85,0
7d4b442d-02ec-4b42-a3d1-942ca3d36212,51,30504,219,100,1
c16f96d5-7ce5-4d3d-bbaf-26335497d8c3,76,90145,272,110,1
41f03fcd-e64a-4f4a-9edd-ec22ea26ab88,27,148411,168,116,1
4686debc-c261-47a3-bf94-9a4e153b0fb8,79,56406,271,179,1
dba873dc-fcb9-4eed-9e4a-13f5e85e43a9,35,82819,250,126,1
2770f0b4-eec3-49a4-9e78-b6b0a5fadbfd,28,142267,197,146,1
560a6d05-cbc1-4e5f-8c7c-ffbc7f256b50,69,122678,279,145,0
e6e6b902-57a4-4ecc-8ef7-60a16bfb719c,74,30480,294,122,0
3b421f95-a3d5-43b7-ac29-c5b23aef8e4e,62,90072,162,177,0
1d0b739b-eb95-41b1-9cf5-52969caff7b1,26,47183,297,102,1
cc41be71-2746-4dc2-ac46-b82dc120cb55,26,59642,120,83,0
53b745e6-f4eb-4bb0-82c9-5805e05ba1a4,46,59577,143,155,0
08171c7b-e64e-4541-a09b-ad226ebed5b0,50,103497,127,146,1
ea1b283f-4667-4a83-8aa9-502be3cf35c1,90,53875,186,106,0
c4070bde-e46c-4b3f-a862-65b6db7e02ec,38,60224,289,167,0
b3aa3553-4678-4b89-9aed-9e2253b8d5f5,32,57093,228,96,0
2972e9a1-9949-4a67-8b4b-ac11baf36114,87,72826,231,105,0
46d4463e-d0e7-44a8-ab5d-34dbfa022aed,29,108726,135,95,0
ac9ca70c-5585-4146-9e2b-d4987673fd43,19,77996,213,98,1
fb287806-a00b-4120-9d01-27975459b966,48,69301,189,153,1
67e8e9c4-62ae-4b95-8f9e-341560747283,47,92112,206,151,1
7db81ab6-46f5-4f9b-bb2b-bf86b795a159,63,103803,167,144,0
a83c472e-b465-4666-9f9d-7ff0b9e0adff,82,31843,156,166,1
ccd380f4-c6b8-44a2-b4c2-8bbc3f8ba2e7,86,136831,292,87,0
f0baa87d-2e23-4bbf-b262-13a87371001c,39,139972,221,142,0
2ef29321-d4c7-4788-a6bc-cc042e3c8bd1,89,102307,194,91,1
99a0cd33-2b19-4115-9571-21802975e483,64,98952,133,176,0
6b532119-94ad-47d7-8158-45580e92bc62,23,113344,258,144,0
a8352f53-5124-4cf4-a440-7b28d72578f3,86,82904,205,156,0
2a2c8c17-6b43-433c-8b61-4b9445831705,28,73860,189,137,0
89f65f5c-33c9-403d-b09c-f3ad2694e600,60,72323,240,118,1
43012ee9-b31a-45ff-8049-8440f2d5a9d2,75,49168,143,149,0
93438fc8-7a73-47b4-b8e8-eaa2851cdd20,36,130941,216,164,0
6f4e417a-4df5-45a7-b92c-d0ab0b1dce59,37,68470,276,97,0
94d1575b-cb9b-4043-ba28-c6130903065a,52,64128,203,168,1
63a9fc2a-6cdc-47f8-888c-7d3815739a89,82,145714,120,153,1
3f6761e4-6962-4e71-8806-1a79dd22c3aa,34,90805,161,88,1
02f3259f-2a8c-4a7e-8c07-6e854fed926b,66,104617,130,174,1
523a8607-9f13-4e53-ba0b-779c5cc41773,51,59453,210,98,0
3f43c7b3-401a-47ea-803f-e297e87a0216,26,63301,185,140,1
6f046ea8-d04b-49ea-a1ca-197a2a14296a,69,117401,143,93,0
48f1af63-bea0-4add-a37e-808d9d5a0db6,78,84110,244,99,1
630a530f-6d52-481a-b9f1-3e38e3f80fe8,60,47729,151,144,1
39b43a08-ce46-4927-8297-c8b4aa5cebfc,30,130262,181,148,0
c25bb6a3-4979-496b-b91b-103f61448cb6,29,78331,298,149,0
34c27fa9-1226-467a-aa3c-2ea134fd7947,48,110213,132,114,1
4d141731-b1ec-45f5-93c9-f25bd4bcf0dd,54,70953,164,162,0
4f568201-d647-44a5-acf1-00f8d03d0ee0,58,97278,177,84,0
08767245-8e7e-4e00-96a6-1a86a791382a,35,123076,212,166,0
d091f9e5-e20c-452e-a555-4594c6cb04bf,54,136220,164,110,0
37cd0abd-1813-4493-b72b-5b44b79f8dd4,39,54881,295,142,0
f5568da8-ecd3-43b6-8824-e02f4a527618,68,110693,120,171,0
7acb7a26-419e-41dd-9770-0b6dd204b2dd,76,139757,291,105,0
45231d24-1960-417d-bd2e-f3700b9b4bfb,65,107128,216,121,0
d5e440fa-165c-4e39-9c4b-09d57019c677,18,47170,126,163,1
572e6834-5d6d-4b44-a712-84c559478cc3,90,52772,141,167,1
c848cca8-b738-43bf-aadc-cb5590dbff70,19,54336,138,103,1
52a19d48-2222-4252-98f7-f350fbd9dc10,90,42766,172,131,0
db74d651-fda8-45e0-a597-c171b78aabe0,20,120448,180,113,0
db2220e3-afb4-4ebb-be96-1c8e5605d3e1,55,145818,236,132,0
33b3e595-1b2c-4c15-9549-201c60c34aac,25,92026,176,118,1
054edf66-0c8e-4e1d-b049-c348fe7ec4e3,24,101863,251,80,0
861fc68d-c3f3-4954-992c-30a3806ed806,67,122844,173,173,0
929a32cb-bc5f-4e28-b007-ce88cb7f9f88,71,79882,167,144,1
751967cf-9caa-40a5-9f5b-e2facc1b2416,26,86695,169,126,0
890f23e5-85e5-4c11-a5dd-87248923a460,89,100683,179,90,1
9fea2707-216a-40ad-8d60-13723ab0d6ae,41,66557,271,87,0
feacea13-ad8a-49aa-b8fc-ef91f9db413a,41,37417,164,128,1
b028581b-a4ee-450f-9f24-d8aa39ae33b5,39,98133,169,145,1
f805f11d-c156-4bec-8215-077837d0e078,51,128656,293,106,1
b77c02bd-56eb-4ad3-9956-75fb12efc748,30,38787,238,155,1
a8221e6b-f41a-4dc3-8d2d-0a5584f9e66d,49,55997,154,119,1
3ef6151c-ca95-477f-b336-210033231f30,33,61559,277,81,0
a7b7fde7-d902-41a3-ab19-32cc36d776e2,21,126546,153,134,0
02f0331c-180b-450b-b944-27367335ae8b,44,90552,149,98,0
17b2558f-713b-4576-8a2c-fe30b3b55184,67,94125,200,81,0
259b5027-990f-4288-be46-ff141104907b,73,107432,245,93,1
ae531caf-12d2-4784-9e51-45a119f74280,43,63188,154,108,0
d0a29716-d138-4b82-91f6-14f81e0fc75b,41,115626,256,132,0
62ebce47-ed68-490e-a524-75261c6ed11c,75,33625,148,179,0
2c768500-cf43-4218-b564-8438d2585e8b,67,43646,261,102,0
896b1ef9-3dda-444e-a13d-274750f2b5f7,78,127900,137,85,1
64476d8f-d0b4-4f19-b0db-be7950fd43d1,84,108985,204,99,0
5aa83092-4602-4ef7-8b37-3290b2ebb55d,77,51175,235,112,0
1685f4c7-b3cf-4840-b600-d226b08951af,86,82651,168,100,1
48bf7f32-d44c-496a-a6bc-ab5ecb0c693d,48,36216,230,112,0
4ca7ad4d-1f6a-4965-a086-09c2d3f0c39b,46,110622,244,177,0
ec1aaaf2-e0cc-4910-a310-6fccb13b6aff,41,120706,237,118,1
bffdefa1-e248-4bfa-97a6-2016d31e8ecf,35,63408,191,144,1
d346c7f3-1fb4-45bd-84e6-da3db5771740,72,72005,259,149,0
64cd7a7b-b67b-421f-8218-714861f7fdbc,70,58418,252,93,1
62a0c97f-4eff-46e6-b1fd-4f22c74c2045,76,76720,179,105,0
f96dcf1a-18fd-4c50-a12d-9ff7ef61abd2,30,62677,252,121,0
9540ab9c-bf12-4aae-afc9-2b026a6f9476,53,59648,286,126,0
9ccd3b67-6cf2-47d3-93b9-44355303e2df,34,81625,267,81,1
317a3754-82fa-452b-bd76-e726c0001c29,83,133102,252,145,1
e81b4031-1bb7-4a17-ad9b-90747a31ed30,37,121528,258,110,1
5cbc8488-9a49-419b-8417-7c8cf287ddee,28,65679,265,112,0
74b1a342-4057-4708-b56d-ae3748ca7674,59,143142,172,140,0
3941b324-fee9-4b95-beac-24fa8541b862,82,55223,250,175,0
62955b03-aba1-4a0a-a6fe-05af68b83c30,84,139289,156,167,0
8e81b598-63f1-42f8-919a-25a975fd0e54,25,67110,184,178,0
fee5b577-47d8-4975-81f8-0f50828da4f9,41,94832,289,121,1
b5b248f1-b317-4ab4-9e07-83f01764abca,29,54378,171,92,1
039aaff1-3d91-438b-bfa3-e42de43d9916,40,121443,272,101,1
49cb1517-e70c-408a-9147-0d1359a55556,56,68118,196,114,0
f6b185d8-8c53-4a48-9cd9-573488ff39a5,38,134709,157,110,0
dd4a4f9e-1c8e-4d06-8337-1afb5be5f8d0,22,39952,137,101,0
02a70ad6-fbc8-4bd8-be61-816cee5efcb7,55,90240,219,95,1
573614b8-a0b1-470c-93e0-8b0b0f1f642c,21,49023,201,98,1
6e6ab79e-7618-4f79-916e-df486d27e57c,34,136675,212,146,0
a095f497-0bfe-4517-93ba-52632c2d70c6,18,80046,127,129,1
8e39c81b-c794-424f-85c9-aa875620a91d,24,110937,168,83,1
843a5241-c576-4ebe-8cd4-de2a66fefa06,49,135536,120,136,0
4919f8ba-edfc-490c-bc38-686cc338de62,80,94276,174,165,0
2209a6d0-88a6-4363-95dc-f306454fa6bf,74,36874,288,122,0
4f17021f-5b61-4d8a-87e4-8613e68242c4,25,56486,147,112,1
43007b70-2304-4372-9188-1b9655df0766,20,55521,244,107,0
c8aaeaa2-dc2a-4119-84e2-b60ec08a2a62,42,139702,121,118,0
fac37aab-3347-4df7-8fe5-6c15036a6155,65,139002,221,108,1
96365575-6b35-4aa6-979f-64ce060f0e38,72,87235,286,173,0
d6f7509b-5aa3-451d-a6db-cb915b18d8ef,78,136802,181,180,0
b367ef13-9dd8-410f-82af-36e7a0c1ed70,42,59522,155,114,1
b705fe4d-7361-4aad-98eb-62a520166344,30,111534,223,173,1
ce5b2aea-1435-4274-a87a-e35d7f821c7b,19,77032,170,166,1
5e104ff6-a8be-4e9f-8663-eea30a0d1aca,28,58857,281,87,1
3b0f6057-bd64-4a5e-a206-28986be65c37,22,60001,273,129,1
0b93b7da-6b86-4fd3-929a-9cba2ae21966,80,80377,238,146,1
443813b5-ca8e-4e14-a3d0-936894d17cb6,37,70759,235,122,1
5708b68c-8a78-4eeb-8c90-351dd950d84f,78,55346,229,126,0
1b045ecb-1f52-4209-b32a-ca7dad9d11d3,58,70097,253,129,0
7e113b93-792e-4abb-b2ae-6b268659f361,57,45430,203,149,1
08e5d2d1-29d4-4f6e-ab30-6a2d00d3660d,51,146361,295,109,0
ae129ab8-8429-4417-b522-b686e92caea2,77,75600,182,140,1
4e3eeb2f-573a-4750-a3e4-0c6e9d936718,21,42885,121,104,0
f5cefcbc-995f-44b0-bf82-8b9843966637,24,99099,246,169,1
08fb8ebd-76d6-42d6-8044-3bcb201cbbe0,48,135975,239,88,1
1c3e240a-28e1-4c06-9216-4b870f9577bc,46,73192,297,86,0
06134778-bb23-44e2-8857-8fbebd671bb0,57,131429,191,83,0
b60e183d-21a3-4663-9be7-b50d4c647ea1,71,103299,196,115,1
440012af-5c4a-42ae-aba9-8a2c34f9c660,60,118710,221,141,1
5cfa8ec9-191b-40cb-a666-20f28b8c8db0,36,65550,190,179,1
91d29a3d-d932-4a28-b03f-9a0892c369e6,41,34432,262,125,1
ef9f5bb6-0011-458f-9a85-932f28dc921b,72,71502,197,98,1
a634a91b-b894-4b1e-bbde-4dea746b800a,32,140935,261,117,1
65b25377-603b-4910-8ea4-e98179ab6b78,54,124881,197,92,1
0634cdd7-eded-4da2-8af4-d21dbec58847,57,124100,160,127,0
6b23baa7-cfc7-40d3-b4ea-902c32eee96c,72,135398,299,153,1
383c240e-9515-4549-a827-ce325b0f8206,70,74792,215,83,1
e281e550-fb85-41f7-b567-b9badebaa944,51,68644,247,158,0
fc3d02a8-51fc-4c27-b858-ca2dfb812e12,40,141024,227,103,1
9bca9c76-2baf-49ca-a771-c5966cb25497,44,98582,185,147,1
df1b9bda-576c-4a34-bdec-8fa8f347ae42,48,65755,295,162,0
165105fa-02cd-4e6c-bc38-215c79e34de2,34,63379,187,158,1
9d9c924b-c49e-43a0-8ff6-af8e4bef87da,63,135274,299,147,1
b83b68d9-d495-4fc0-b543-84954e12d732,33,36400,197,150,1
38f488e0-19e7-4182-b0fd-d94dd44a43a8,65,37403,124,98,0
d400edbf-4dc3-4775-994b-17a0711a2495,72,118543,126,93,0
3991f961-691b-4790-9c82-ce7cf53b172b,88,30162,296,118,1
bbf7982b-1a7c-4d01-a14d-a129bc33cf8a,26,50520,215,141,0
3f87a08b-5796-4cc1-88fa-868836925dd4,73,148876,190,142,0
e67f1b6a-f803-4771-9093-b5664bc325f1,24,81085,266,158,1
73147ec4-8d5e-4e57-99ee-039693ac7884,42,117320,231,111,0
4d06fb0e-000d-4532-88f4-e0a00e3079b1,30,88445,239,167,1
ca9dd2d1-4882-49cd-b70f-fe4d73ab74c0,29,40868,244,125,1
95b5c139-f904-4952-a80c-3d4bbe024d20,30,52136,155,104,0
8bcd7cf0-c681-46d8-98e3-b5b52ffc30d8,21,121332,135,154,0
b284881f-3352-4adf-acee-e7c0a80cb803,78,41346,251,92,0
c1060a53-8874-4a53-af77-e9cdeaf2de58,22,101354,123,120,0
57b37ce5-e9a6-43a7-b469-b328fa792542,47,71761,250,158,1
1e58edfc-d93b-4d73-b1e3-6aa4d5ad896c,69,74436,143,157,0
9a317d86-9e5c-4629-98b7-6e0df3c946e9,90,144275,167,105,1
c1a84806-bae8-4e77-99a7-71a84f9cb11c,80,102712,248,96,1
598c6019-d4cf-4391-9f19-439641a40731,28,103816,232,83,0
f0477774-d29d-4e13-b06f-26219b7e0613,90,72043,261,89,1
aab67874-9fb9-4414-9d97-3e7e9b8fc50e,65,75769,230,163,0
23a55f3b-ff43-4bee-979d-a437ca2d70bc,31,112293,128,159,0
d8923577-1c82-4bee-86aa-736fe1393257,50,34669,272,131,0
4d802498-f611-4832-87a0-c64c683bf726,85,58476,159,137,1
1a452f2d-8e57-4ce7-8a7e-0f8b8b89666a,46,102033,144,112,0
cb22d493-0ac9-4087-924b-1348632cec9f,31,104824,279,99,1
2d0565f8-209d-4865-a48a-515ed1ced566,81,41071,155,81,1
0fea4883-bd9b-42af-bda0-1d7d740cdcb4,87,124539,217,147,0
ace8776e-b261-4522-a551-db859af851fb,89,95105,207,83,1
260b2625-efca-41ba-ae4c-bfecfaa2a6bb,87,58525,259,90,0
91e93bf5-0929-48bd-ae08-eda71f968326,81,120234,127,160,1
4651e410-8bbd-4d53-936c-45eaaf2bd0e2,51,148906,139,138,0
6cc03711-5b37-4f1b-8e1d-ce4fff499822,32,80830,195,129,1
ea4912c6-587a-47b5-adfc-8976be694e9a,63,64013,205,102,0
de9f8262-7b47-4d1c-b092-53cf4d7db202,34,65929,262,95,0
f4406196-ff29-4473-9b44-968f4f245930,52,101113,229,127,0
c4b3a302-e35d-49b8-a004-80cbcc082851,65,35686,146,116,0
c59095a6-47cb-428b-a17f-b1ee51072dd9,87,88011,297,133,0
e009d48b-373a-448c-aaeb-6b7ea6c76b02,39,32973,203,96,0
d6a94648-5d25-4d2a-97e9-3479d1138087,36,34629,294,103,0
a69c3a7e-b5f7-4b54-b0f5-501d990801de,71,81603,299,91,0
d5fc2adc-fbf6-4d0e-9249-7eddc056979c,18,119462,129,122,1
244505c2-3f1a-4f6b-8916-42871196ad9d,59,136002,211,107,1
fa91c880-c62c-41cd-85fa-e20500f2475c,72,40516,196,102,0
587f2f16-28ff-43d3-b8ab-3e1a71f677d0,58,59287,210,135,0
eefc76fa-2f56-4d8f-8cf6-55587303ee40,46,80599,176,130,1
e8b36096-7f73-40d1-a25f-36434b28b7b5,78,98887,221,101,1
2824c8a7-dbd7-427a-afee-216d1ff92647,45,148447,209,150,1
1febcdf9-42e2-46fb-a8e7-fb765b42e66e,69,112117,153,114,0
46367598-f3ba-4ed8-a29c-6d58a863caf6,51,94603,172,114,0
f6dc0bdf-14db-4cee-91f5-ea7280078158,19,37299,146,128,0
dd5bf645-2afb-46d7-8a72-66b93ed13263,56,39697,272,94,0
35c4ec40-7f58-43dc-86cc-f92c05336859,21,48372,242,122,0
15eb38ee-5c4a-4b3a-a423-2352d6699164,85,109295,190,138,0
2f60797f-f6a3-4fcd-abbf-ac3861468c4f,61,69753,191,92,1
dbd2f538-ebe3-48f6-b377-c6f1419d3d4a,45,58913,134,137,1
e801934a-2496-4933-b53d-c83a61f8741f,53,110411,172,83,1
737d87db-c737-4bb4-bf7a-cea14e162197,63,127844,287,140,1
eb942ef6-c82b-4bce-b3c0-7bf7fee2d31e,36,82684,125,83,1
62021f46-e098-4fbf-9e9a-663b838aba60,39,135823,146,97,1
d953b14a-c48c-478d-8616-82d4cd386b6c,48,118104,273,115,0
4acd44ec-b195-4afd-8fcd-37192ca5497e,36,115952,214,142,0
2d5fe01a-bb69-4f19-968f-d11fd1de9067,73,134112,125,152,1
9bbf192b-a444-4fc0-b1e3-f3670227b4ee,25,52057,208,127,1
d2bf247c-3675-4e18-9533-6b509b8cc16f,78,121005,255,93,1
13ccb88e-0b38-454b-beba-b223b42b5757,43,144929,182,119,1
6127e449-3f91-4afd-be82-97965300ad49,58,149070,189,159,0
3badb05a-a42d-4569-ac21-1746b6b846ef,29,99365,234,89,0
c0bfa723-c25e-4548-848d-af95c55c57ec,46,120524,228,152,0
2f5d958b-b087-4191-b1c1-d0c42e135a5a,73,136633,283,118,0
274af4aa-9769-4a76-be89-773cfeb72194,37,132262,164,80,0
b0c37c90-7067-4dfe-9581-7526718edbec,27,137735,169,150,1
77548a27-7815-406c-acc2-90e2507ace72,56,129884,148,82,0
62926d3c-7014-4492-8a41-56a5157bb7f6,29,75757,240,117,0
ca29730a-1e21-4a0c-bd7d-5a75017b18a6,40,117632,216,99,1
649038ef-6877-4479-a269-9fb6e14d430d,50,79252,182,138,1
832b354f-762b-47a9-8c06-4a1d99a612d3,59,126217,245,85,0
ee29cde7-9b26-4a3b-a526-c4ec3b4b856b,64,127229,188,89,0
40dad611-132c-4b98-9228-9de540986afc,67,142162,155,133,1
085577aa-43a1-432d-9ab8-5b0a3ef8fa11,79,100598,217,180,1
e8320357-dae2-456a-b0fb-530c5216564a,22,87025,198,84,1
2b74f867-c361-443b-bf8e-46f4a18e31dc,44,49865,193,126,1
e3027530-eb28-4561-bce3-6c34b88f571d,18,106595,200,161,0
46ebce85-8658-43db-8e4c-5da283157ded,18,97969,285,109,0
f4f2c309-c501-45d4-b5ba-3074fb44345e,33,91793,159,129,1
2e80ed78-ba27-4c28-b339-1535a5dd7a7b,61,111159,169,164,1
0aa934dd-c131-4882-8e5a-48137cf649c9,83,132125,222,153,0
3a772937-8ca0-4678-9a3b-b2ad74b1c7ab,74,47840,128,109,1
58e162db-bd93-4e3b-a181-9c6c4a554c74,65,81763,146,155,0
6551b69e-b0c2-41da-a8cd-c22feb959d8c,74,116677,222,148,0
26117504-de42-487c-9d14-edf931c2ea5d,30,128368,212,131,0
cdb973d3-3cfd-4d12-bc1b-406ee3a98d13,79,123407,238,124,0
9445bd35-dd3e-4e15-bf4d-1c06c6b99839,82,125923,140,173,0
cf717d32-ac8e-4787-b9bb-bc2ec2f5addd,24,132605,274,168,0
41bf0439-5bca-495b-81b7-065489c843c8,52,145427,207,180,0
2c97aa03-f9f1-45e8-b2c9-1df3904815bc,78,102968,148,148,1
7c2cedce-ed0e-4119-b002-3f1a26986a3e,52,59870,176,116,1
1b6b164a-34b3-4003-9935-3e4fd23cf3ec,79,97625,161,91,0
36d0de41-b000-401d-b42c-2771ccde3d09,86,115155,201,92,1
0c3c7885-6713-427a-b277-ffef86296926,52,42084,204,176,0
68eb97f8-9f84-46a1-af48-074bc298526f,22,120831,198,116,1
8e871fb0-669f-46dd-85aa-1b10dac82de6,42,95305,203,91,0
cbfc1049-5c82-4833-a765-08d9009bb0f7,33,142354,284,102,0
45043f6b-0000-4fc3-a6fe-5b1999531d69,52,55419,293,82,0
2e3ae3a3-3c1c-45de-b8cc-8ada9214d0bb,60,138829,208,133,1
b4854e21-0ec2-4a5c-bb23-033ad0184dd0,51,83760,294,139,1
30bdcc10-b8df-4c0e-9bf8-9a308c618f6b,32,98823,268,118,0
801abe9d-cda7-4ad7-96a3-fbe4cda663dd,39,109201,268,155,1
bfd4e748-c0f6-46f4-a68d-56a2e027d200,67,99498,160,128,1
83d1b959-dfa6-4a4c-b2c4-7d6a836be9a0,19,138460,199,176,1
e2e78f2a-83a8-430a-ae0c-1e4c65256514,33,50075,183,157,1
d4018ad8-752a-4897-bb1f-9da1be15e9f8,83,117586,137,87,0
327afb9d-6b73-47ff-b9bf-2cafbf326c4c,25,146996,133,107,1
53c49e44-dbe7-48bc-80f2-5aecb0fc4556,48,56414,232,156,1
0670125e-c8ed-47b7-9100-be4aa4d68614,33,60602,196,134,0
1495d7bd-058b-43c6-bd1f-e57f483e25dc,25,87001,269,156,0
85e6c355-5840-421a-baf3-07f415e0352d,48,116969,241,113,1
d7d4f249-a47a-4e5a-aa80-7a8bc2619282,56,145078,135,83,1
74313dca-2456-4abd-9c3e-0c48efd269cb,30,125496,271,159,1
22e2a4ac-dca9-4325-a306-9d49ea1adb40,23,125283,209,159,1
3c59db39-8660-42f5-89cc-32f3573d8620,27,82946,222,144,0
b419674e-7265-4dcf-9eab-3c17ec9cf471,65,107446,294,120,0
2234a4f2-b0d6-42bd-93fb-e10cc58030fa,80,55343,235,80,1
8e4954f2-529e-4e89-8570-a71d1d3fd0db,31,85578,124,153,1
804d7a3c-36e5-4e2f-83cc-6f099e84d359,41,52675,152,146,0
a3138bc0-abc7-4793-9962-f41d5e62307e,43,33254,197,147,1
1f5d9bf1-3c91-4829-b289-39591b4e848a,44,132780,126,97,1
5c62e742-cd5d-420b-89bf-ac5d15674c82,35,126568,150,153,0
d47df878-b483-404a-901c-379954858ee9,22,91291,263,153,1
78e526d7-4e6c-4637-a815-3ea1c66fe274,56,31739,145,166,1
17ad371a-2b5e-4c0a-8d7b-7321b9b67661,44,40816,150,137,1
b62dd2a2-5e22-46fb-9f96-8cfced230386,42,43412,211,153,0
322de2a7-2631-493b-b6d3-5df87e6e97ea,37,116043,136,120,0
4f2aaeaf-6fdd-4c58-8b64-9ed830bf6456,85,54419,166,150,1
84aab89a-6176-4a8d-8108-35daa52250e8,62,60020,289,150,0
2225c5e3-fb76-4082-95ef-cfd025b55378,48,133332,234,158,1
d6b714bd-7ab8-414c-b514-247f027ef348,32,135168,294,166,0
16d003bd-8797-4430-9911-edafdc93c38e,76,121567,184,80,1
915003f0-c9ee-4b9e-b563-00c4b2ec5f5d,82,67148,231,158,0
3a40118f-463c-4cd8-b735-beacc52bb3d5,20,99593,163,160,1
8623e927-2afb-4359-a264-1793df5ad2aa,85,54032,188,135,1
fe10a325-f73a-48e6-95de-6bc8646eda5e,69,132949,151,132,1
2b9eee52-8e15-43d9-a2fa-a8e3dc7328f3,25,40183,270,152,0
c1e45cea-1b0a-41b6-9a27-44d5c8559acd,72,119329,153,125,0
86a6cb81-338c-4cec-83de-9be997aab77c,25,91384,157,121,1
5a193d14-a9a5-4af5-98f9-d8c1ae7a8165,21,120897,203,161,0
90d5b34b-d2e9-4f82-b62e-91631ab3eff8,26,84088,197,159,0
a784f4d7-3f30-4deb-a298-a4a50a76a747,51,48974,176,100,1
26a9e4eb-86a6-4fc2-be3a-2919c96855c2,63,120158,184,163,0
c547e708-88b9-4e41-a27a-60493bff30fa,47,105730,173,112,1
013e03fb-dcb4-4570-a232-228ac5b9c4fe,26,85752,285,93,0
95d36ac4-88ea-450b-aa0e-3997019af156,32,74727,225,168,1
a4ea8020-6f33-4793-8384-572b440c83a3,80,71258,286,104,0
08f09446-784b-402e-afa3-32c13a4ca812,88,87736,298,100,1
0f3ce60f-4ad5-4fc5-bbbb-183b3ea3325b,73,61398,237,107,0
84d3e62d-adef-4a7f-a21c-d4e1f1788c5f,25,63883,269,129,1
f8a7df1b-2e72-48ab-8264-24377d4d0987,77,63377,140,96,0
59539045-1bb0-43c7-ac2e-ee7307eaefd2,68,31521,291,96,0
fb301554-08ba-436e-ae8a-cfb9a46e3257,56,141342,207,119,0
b7c5c0eb-c680-49c3-90e8-a1770f5c2ede,28,58386,249,102,0
d87744e0-ca43-4d27-ba91-73d0e8c36d3b,90,49809,164,99,0
1ede892c-ecd8-4c2a-b0dd-c7d4d8cfa228,50,48140,137,172,1
d439f2d3-1469-40e7-91d0-c946cdf4b118,21,148582,280,140,1
9cd99dd2-b6f6-4a7d-86d9-18dc57dc40df,33,87209,201,81,1
1234ba54-6458-4817-9e17-dcf4fa0aebc6,47,69230,145,90,1
7165cb2b-a39e-40aa-804f-1cb0b15939b6,22,78467,239,162,0
964f91c8-be0f-4125-842a-10d04e8e8cb1,41,40606,129,107,1
68ebc9b8-ab01-4f68-8fac-6bd37f342fd9,52,67640,201,95,0
4a66b917-6ea6-4c3d-8291-0e107e311bc8,87,59843,247,147,0
4de80010-11f0-4e84-a664-34786130fdf8,24,126387,250,164,1
365f9886-f27f-4978-906a-0d62c0aaa54e,60,37009,202,120,0
f0366990-ffa5-4b19-ac2b-58ac947fabf7,84,81054,186,155,0
b13f706a-a96a-4f5a-8c63-7cbfe62b4f9d,76,124804,271,122,0
30ed1c4d-86c6-4572-bbd3-6fce0deb2a68,85,130032,153,90,1
4ddc8f85-e686-4937-b9d3-e4da100cd84a,30,91506,133,160,1
9f3e7d64-d281-49ef-8340-bb7f811b2fba,76,56703,148,172,1
2548cc5d-488c-41d7-ac1e-d66f407d3068,89,70438,264,179,1
b6bf37d2-9964-445e-9b57-4ab94143acd4,41,56675,205,90,0
6391284e-e1b3-4a1b-9e92-4edf383b5e5b,54,109446,126,137,0
12a5242f-acbc-43e5-a8fd-92efb452af11,56,65117,150,142,0
18dedf0b-52ea-446a-8d2e-276c8c4d2123,54,105678,125,87,0
88fb7106-bc90-4cb5-a547-2964c64c4b92,39,108683,267,176,0
5de1593d-7185-41bd-8f08-362396b3c4bf,88,142785,203,90,0
95239435-a722-408e-b45b-c7921de48ff6,87,74442,132,107,1
4ee83f9b-e5a4-4f24-a533-c4730cb1126a,45,145352,160,177,0
01a6414d-d723-48d7-8ae1-0d48a9a95d9f,76,78086,231,136,0
8b4caa9e-68df-49c9-bd43-dca2b084abe1,47,111682,227,148,1
aaf9d81e-67ad-4cd2-a241-e47c4d4dc9ce,76,109395,268,129,0
d46e4e1d-e742-4a21-8fb0-559cf7831115,60,128138,124,155,0
d3c80fce-2ce2-48c2-b9ab-e5200cb4bd83,52,86293,132,88,0
a86e0116-9523-4d79-81cb-5c405e0668d9,27,125091,126,148,0
25657f6c-a78b-4a78-bba0-32a7d5b21e2a,65,72640,191,86,1
891b454a-b54d-4f5f-97ae-8817fca643dd,41,88956,251,98,0
ca18d8c1-7207-43c8-9aee-6d7c6b1084e8,33,89961,240,131,1
589045db-c7c7-493e-96ff-fc6ca02f5848,32,114535,158,125,0
2d40b581-5dc0-4e1e-983c-031808154cec,89,104202,238,95,1
ad28a224-963b-418a-b283-4f1d93466f81,25,39391,238,160,0
c87f2d1d-42dc-4873-bcfa-546242524aeb,76,127088,154,110,0
f377fb2e-fe4c-433f-aee6-1516f45295dc,81,120963,255,167,0
f1c2a597-1952-40fe-a4fc-9d0b94647bd8,20,42546,196,81,1
74aafa5c-a000-401f-9d05-b8e0844df37e,61,145420,130,103,0
37f14f29-561b-42e7-84a7-9c7982789c7a,60,109287,190,109,1
d3f4326e-867f-448d-852d-a82e044f13d7,44,40197,259,140,0
780fc01c-6fb1-4d88-9308-c7d08a36c1b0,66,88968,246,120,0
4ab879e4-7fdd-476f-93f2-463babe6b17e,47,130334,168,95,1
1c7d885c-c28e-482f-8bb1-b16b49f9c102,50,63579,256,137,0
5aff41b0-dcd0-4e26-8d4b-bbc9e444f894,49,141958,190,176,1
949bd304-9082-4942-a5c4-fc84c5171662,76,80208,203,93,1
9f45948d-9ee7-4261-9d0c-38934f6d4cba,64,57142,135,105,0
ee828b35-2f9c-4a95-b6a3-d8ea2f650e6b,45,72774,300,128,1
8821e6a0-8d85-498b-9bf1-bb8be9892855,85,92977,271,153,1
01cc497d-acb6-4f02-9a40-e838b319795a,76,112576,155,93,1
a68fa3cd-6058-4146-ba22-aeebc4eb3e66,86,141343,221,103,0
4bfd522b-665d-451c-bfca-44c31a7498fe,71,53387,261,103,0
e7862fe5-29d7-4bab-bee9-826348e0e0c6,46,145228,211,142,1
3398245b-f60a-4d21-bb1c-e7c1ae333731,74,93324,158,88,1
968f61f0-5a7b-4a1d-94b8-041cb803b95f,42,45346,295,146,1
706fe81b-4453-400e-b4ae-76113fa5f7aa,37,141177,168,122,1
b86b0564-54e1-4864-9ec3-c259be8b6adf,50,71880,180,113,0
bb1c1290-3232-4f6a-a144-ccc282da148a,88,104470,187,167,0
763637bf-47c7-454c-b95b-d33f269e8216,59,113778,281,162,0
5cb02624-6256-4b1f-a7b7-955d0cc9e798,46,31608,210,161,0
2fcddf18-5b61-4f41-a8d5-e66ff44bee4a,51,56587,250,169,1
a7bdd4e9-d94e-46f4-9ef2-8a180fb54490,39,112375,283,103,0
81eafbc4-8509-494a-81e5-2bf715456ddb,66,68972,288,166,0
85e797de-29c9-495f-9248-17cc1108d760,43,31119,275,97,1
4ad66594-4d5a-43ce-a818-4c0fe31b901f,58,32794,284,113,0
81f38f1b-a31c-4fd4-b1bc-e3ad847eb46d,44,129174,291,136,1
dacb6a1a-9aaa-4aff-afb0-d98a8fbea7f6,41,48422,299,155,1
f2813b7d-4d89-45a0-83c3-b904803920d8,88,42051,236,138,1
677898f5-2799-4aa9-af79-bd53198e6a5f,43,97480,143,136,0
4b20c3c9-754b-4a81-8d94-5321d2f229ae,23,44272,140,118,1
e70f88be-03c3-49b7-889e-a075a9ace183,45,108371,264,139,1
7080dfbf-f216-48d9-844d-469fa4500f16,56,95292,177,127,1
73ad400d-48c0-404c-b348-c49465b368f9,24,107870,265,128,1
d23fac32-3af0-4ea9-a57a-1b8671777910,40,88993,289,139,1
81a50d18-d0d2-4300-bb0f-bd3fa256add6,30,123404,236,140,1
e25b63ec-640d-4b2b-b35b-4f3afb36a9c3,54,107371,258,113,1
a34c590d-8a65-4ad4-9495-ceed7ec3f141,70,79834,170,93,1
06412cf7-cb64-4832-a88b-894875bf58b0,88,31845,198,110,0
0cf9227c-a315-4329-b966-f914052ae75d,46,62819,294,121,1
2dd6b785-d225-4da4-ac6c-03a30837ea19,81,45771,267,96,0
a34e8163-966a-4b02-bb7c-f01fdae95494,33,31869,157,97,1
8182d56a-4764-40a4-aed5-3c151b1be092,74,62780,289,176,0
fcd41711-9f64-4aff-81ba-4f2bf30e31eb,59,54795,210,108,1
16848de3-4a4f-475d-855a-ffd541a8ab51,73,39208,272,154,1
f0e89d55-41c3-435f-a7f4-4c191be90de7,73,67486,214,92,1
a8329c2f-ab67-4fbd-904e-bfca2ca344ff,56,90788,229,178,1
0a44d5e7-8d2a-46d3-9201-03e0cf16a8cb,36,51385,149,101,1
b6a1a79b-7fab-4a20-88d3-07c636f70e4b,56,62773,181,119,0
49b85740-ac10-414d-9e71-72d9da435b7c,78,32417,250,158,1
c909a125-aed3-48a0-89d0-f98ffdc00b58,88,36048,272,100,0
592e0615-bf1f-4392-b9d4-3f0101f6c4b0,85,48893,136,135,1
6b6743b2-10f0-463a-b714-2905d139c24e,31,84351,133,159,0
49dc595f-3a61-4332-a4e1-36dc61a596f1,61,109932,245,82,0
7e139641-de1b-409d-85a5-b5290a2edfa9,25,124601,200,82,1
be0dd6c8-2849-4a36-9f76-fc327fdec079,66,105550,273,159,1
2a5c06d0-92d2-4dcf-b143-46eb40fce44f,90,104022,132,106,1
b109e75b-068e-4da2-85ac-48faaa01b911,21,142282,183,171,0
762d738d-6e79-46aa-a6d9-ea85b81b41ec,65,60677,126,173,0
8ac8f921-1536-4816-b685-30a4c7991e07,87,125780,248,168,0
8717f21a-80ca-428f-b2c3-cd3052277ec1,79,142425,275,180,1
83a5ab23-d0ae-4dc5-9286-7a65a98e1d4e,46,98131,148,163,0
3441ebbe-83d4-47a1-b18d-00e107121c91,25,130867,178,118,0
8d58eacd-0c97-4a2f-be07-ca9ceef46a52,85,46506,273,180,1
8a0aa7c7-6fcd-4d15-90b9-c91dde384a3d,85,135454,127,114,1
88aa46a2-1bfc-41f6-8f02-3304f8e25d15,60,97689,292,139,1
f26aff85-c060-42d2-aa49-e500ac7d7329,89,56584,280,80,0
78793e5b-feb8-43ca-b828-0fb43727ad52,18,37391,147,177,0
b2d22223-cc1f-46a9-ba51-1fca7e36fd1b,63,116392,145,139,1
7e1f6952-7088-49d6-af7c-5481f391bbee,20,81706,245,175,0
68039cab-ed26-4f90-b4a1-22915ce905fe,86,67200,121,115,1
0d6f075d-cbad-423f-a629-9dff158db641,67,76831,211,111,0
dedc3274-6a03-425b-a2b0-df6924557519,84,148922,131,132,0
623ac720-6849-4c5c-8da5-24f891dee9bf,59,81338,216,167,0
54151b80-9593-4781-bbbc-5d38d95b09f8,24,39453,183,135,0
3a610a3e-3b5a-4d65-b912-567b8e1cf296,19,63579,247,160,0
8082847d-dcf7-4d67-87fb-d41585212723,42,47443,279,101,0
4a39d4bf-eb2a-446c-94f0-827ef2a4caea,72,112300,208,158,1
3f9534fe-1813-4b3a-9cd8-1dff549f2e17,29,126048,236,153,1
056dff94-b3c0-4277-af2f-4c120b72e8cd,80,130914,228,170,0
44eb77df-c334-42c2-a2af-3fee26c4523a,35,105946,298,85,1
1ffd9552-0df6-4b62-a55e-dab1f0d7d2af,54,122222,161,118,0
879c2ff2-ea2b-437f-9084-0a740ed626b0,32,80075,163,88,0
6963484b-b257-46c4-bad1-4ba318991d1c,52,105330,188,120,0
fab8fb2d-97e3-4569-b46a-aad8a1d4b81e,51,42837,253,156,1
0288505a-abb4-439b-847f-a49f3ebbabf4,18,94601,276,144,1
790b93f3-5702-43fc-8ff2-cdccaaaa92f4,59,96896,170,156,1
68617406-49d4-4568-b3ea-8a64cd08c0b8,75,33730,139,154,1
251b967e-8915-467e-bfa3-1e6d50b0dd5d,86,95797,230,180,1
24473947-3784-4e89-a3c8-df336064abe7,42,116752,228,168,0
548bb7e4-01da-4d9d-b6fc-1e30758920b3,82,74111,187,139,0
710b9b81-87db-45ea-8e3d-48a31dcbe667,82,95398,153,168,0
aa943026-13b2-4a8d-90b5-f09bb1de4efd,90,64329,273,84,0
c37e1cdb-4ead-4e26-8f09-b58c51f1652f,45,62489,273,152,1
f37ce165-b02d-4c9a-ba97-433644a0ba68,80,45539,255,132,0
f2ae8c4e-d669-4cd8-a588-5ca87d0e5f1f,59,69341,224,176,0
2fe9a842-8f8b-4e4e-bad9-72748328381d,22,126384,167,130,0
2d6b7d1b-2d3d-4f91-abb1-64f67fa4684e,37,142273,192,98,1
c03b0e7e-ca4a-4673-aba2-827195401604,67,106275,132,153,1
29d84ce5-2b37-48f9-ba6c-e0d0c30f77e4,29,104924,165,175,1
9be5e0cb-24bf-4ce1-9608-f0156b066f84,49,103659,201,81,1
28acf57e-b6d1-4013-8afe-81c8a1bfeb3a,74,87109,199,86,1
ea587c7b-d8cc-4488-a04f-95d6fa8ea153,28,80764,134,146,1
20c6d0a7-e9a3-4e73-8d46-de142cafc3fd,54,104511,293,136,1
36097ca0-592b-44ff-899d-ef891047aa03,33,124128,168,135,1
c0793977-5b05-4160-aa06-93f8f590be5a,57,79649,212,89,0
dbb5de85-5f52-4602-a5dd-d8c6c5dd0615,35,97907,204,137,1
46828282-7747-4a05-aaa0-65846b147d73,88,86422,204,137,0
a55d17fe-8a99-4fea-8e2e-d5341253971f,23,64261,272,165,0
984cf3c2-fcf3-4ab0-a091-0069da703055,88,64837,255,119,0
89b07aec-dfa5-499b-9843-0a6f20041d94,75,39452,277,115,1
e9aed1b5-5b1b-4292-9a77-0f3d6f3ad6c1,80,82782,188,88,0
2bca7d0e-cd85-4392-9d53-8af8f25e42d3,80,115495,167,137,0
12d8d420-143a-425c-b7dc-dcbad3871a31,31,112271,197,145,0
880870d4-f020-4fc1-9f4e-528c8b62ec86,85,148281,221,108,1
21e1ad98-111b-4a35-9537-ddddcb4908eb,61,34793,180,153,0
d0430b12-c5cc-4859-a54a-d3078b5251ab,88,121279,203,174,1
c1465d54-9e7b-46ad-96db-34285ef4d787,82,125404,147,97,1
442fc775-6df7-45c1-a4b2-3c830205d92f,60,82372,225,137,1
54ebcfcb-e7ad-46f5-b2a0-c40ebfb69e2c,45,63957,249,150,0
c3ed0cd4-1f5a-41fc-9380-a16e8fe866c4,26,72852,215,81,0
1fb28060-3abd-46d3-aaa7-f30c482caed9,25,111907,278,98,1
6f106e27-6e3f-4249-a0c7-c38adcd36062,46,133460,300,119,0
d1e395f5-bb0f-4476-a184-8c5f12fb052b,77,107127,283,93,0
bea666b0-199a-4600-a159-207fc082ccde,54,91703,136,115,0
8e0b4262-5363-4032-9d57-654dd7a14fa6,53,108316,279,94,0
3a91e119-bdef-40a4-8ad7-e3f29e1023fb,35,38471,180,170,0
1f1ec2b7-84f6-4fd4-8417-1343d3cec705,59,102976,201,140,0
0194f179-2679-485e-b0ab-003d4f2458c1,64,35056,194,113,0
59af14a3-1561-4e4e-a0a0-4fd6e5a44c59,89,145093,171,158,1
d3693693-4faf-484e-a0bf-6bb583e37318,71,136705,278,81,1
9f189525-ffbd-404c-98f5-98ee15bb87b1,62,91001,235,140,1
816de8c0-2352-4559-b30c-11f02277c953,84,74890,295,149,0
1fa04580-b5e9-448a-b12c-42f08d4b896e,49,117879,292,161,1
036ca2a2-6940-42d2-bf75-a1c63d6d621f,86,106510,195,102,0
1fd57a6c-90ce-4281-be01-9ba6fea0501e,45,114654,251,139,0
84bf61bf-aeab-4d13-887d-8ac39bc3fae5,27,91870,210,157,1
b32b0e9d-fa6d-432d-acdf-9940d30f5c26,48,58352,209,160,0
0deaa2e5-1a56-4bc6-a5d5-3ede4d20aaec,27,38790,253,97,0
925f3af7-f26b-46ae-98d5-94db25995c93,26,63996,244,178,1
0faa3ea7-6bf7-4409-a0e9-13ee5ebb7124,82,93480,285,107,0
bcfb7852-8496-4c1c-8198-6f56c542b464,76,80882,259,119,0
dda92434-7d6e-4c6b-a49d-61dae33a3455,34,90764,232,99,1
a2bd8c20-5fd8-4b62-9a90-e15af944a760,79,63324,286,95,0
b6034f32-4491-4b9f-964e-7380ebb6ca10,23,142545,138,105,1
490f6c95-ba80-45b1-a98f-97d7d3557038,38,74009,258,93,0
41c14714-6803-42ae-92a0-7b2d20c100e6,69,131539,191,154,0
003b91d3-ad9b-475b-8c53-c574c0a0058b,40,76915,198,140,0
01d066c4-588c-4c9e-a3e3-70cbf60f2341,71,83230,261,119,0
64eca611-0b56-4f2e-950b-66a2fe0e4612,81,102464,169,135,0
ab0b24a7-2fd7-4543-a38c-87ef0cb78fd2,22,61576,279,141,1
83a3d6e6-2d12-4a6b-9352-03b64f3b952e,19,56387,210,98,0
5214f593-aaa9-4d33-9ac6-dd198de16c1c,86,75503,183,109,1
aa1c56fe-c9b0-4890-9621-f27a09a44b96,55,126515,179,169,1
914b06fb-4ade-4919-9a4d-81a298538753,54,47352,196,81,0
5793fbf9-6c2d-4ccd-8920-530cd8fd64a1,51,82504,290,176,1
5b9fc9dd-89db-453a-81e2-c88e5781ccea,49,110654,138,177,0
f7e801f4-3455-464d-9d75-b12920709f04,68,114749,211,105,0
03bcc910-da2d-4df7-be3c-2f4f89608526,60,82129,271,112,1
df69e77c-c097-47b1-ab67-e7eefcdd01f2,29,39773,205,100,0
cd82c1be-9ede-461f-91ba-f903902d93ac,63,31908,222,136,1
38018881-6eb6-424e-85ff-05cda0cef4bb,66,86396,183,101,1
9bd0fd91-49d0-4a6c-8086-ad06408c8b06,26,127206,144,159,1
f77b5924-9700-4c48-9036-13cc9a53c1e2,45,33386,235,119,0
3903ac74-b31c-4e49-9bd3-9ea866354821,75,136498,286,177,1
dfa754c8-8e52-4749-8169-b83b106af4e4,63,111109,214,166,1
0e3c776f-504c-47a1-b193-6ebe875f8356,27,30966,198,120,0
e06f1572-5128-4f0e-a2d2-3b257cd581cc,20,71245,143,140,0
4f35a997-e946-4587-a8f8-d3e463e760cd,60,56460,290,82,0
c9eda92c-cb75-4622-b487-65abe96cf205,51,143911,277,86,1
f5429488-c03b-4721-8687-bb21f79c80d0,88,96574,283,131,1
743e3566-bd4f-4252-9982-0d9f3f873bf5,56,68895,184,127,1
a16a34c9-161d-4202-9425-6708b01c36eb,85,63366,233,120,0
f001d1cb-272c-4084-850e-6e834bb707cb,33,97657,198,89,0
adfa6458-38bf-4ce0-93c5-873c07fb1207,50,30611,162,164,0
246b3297-5e4d-4c66-94d0-9475a6b049ab,28,60886,157,121,1
95e3b75f-1b28-40a8-a926-640230310ed0,59,49849,189,127,0
2eebf72c-de6f-4c78-b639-5fa62cc995b6,31,104414,220,120,1
38517fb9-18d4-4170-b64c-3d1bbffc1f7b,53,110307,142,130,1
5ed5f40f-d551-4c45-a4eb-6498ec4b5d20,43,86045,247,145,1
ff4f0461-adb3-4f9a-9fed-1ed6b87339cf,31,46803,202,157,0
58cbce1d-a295-4538-89a8-aba0820ec750,25,74475,279,135,0
c7f524b5-6504-4b28-9580-48f57aa445e3,55,131148,170,96,1
83d9efd1-a773-46a8-b9e8-af4d17bf21e8,87,54442,129,168,0
88a19668-0159-4c23-886d-eab738b48958,32,49604,176,108,1
80e8de34-ec93-4bd5-ba52-8638ab66e948,47,43382,296,81,0
34fe96e3-5c74-4213-bcf9-a8438a0ad023,34,128006,178,83,0
498e45a2-7042-48fc-8b7f-fe1baa7c1750,77,44385,247,158,1
d07ea8dd-92d9-450b-b020-56cf1242321c,48,99794,272,119,1
a501ac17-cac6-46e0-b31f-6fdb16b5a7ad,89,149885,171,82,0
0660ab10-4c7d-415f-8914-c583b29b6cfd,35,107018,236,161,1
0b02df5e-8c56-4de1-94cb-93720b715798,23,79477,157,110,0
c9b66cf0-1d45-4938-83a6-db84b8204f8b,60,54819,185,178,0
06323a03-f60e-4c3f-bb60-b965d4c151b1,65,30231,173,168,1
29553020-22db-4169-9426-17bb29ef646d,90,48667,241,84,0
9b5c6354-7e7c-4971-a44b-708e620e1828,81,144352,278,149,0
a7a99fbb-ad3d-4c7a-a06a-36472253a869,82,47232,165,140,0
f565ec25-e347-431d-9f7a-00b66e86ff75,64,32397,172,97,1
fceeaf48-1b23-4e5b-a683-42560158a461,44,127929,268,114,0
42fb5da0-bdcc-4791-b305-ea27160c3c9c,49,80230,203,129,0
ddc30fff-aa3f-4ca9-a18f-08c43d9e5d6d,27,72839,212,94,0
16f5a4f0-44de-49b5-8035-0e03da7212f9,49,116098,247,152,1
2e03adbf-89ec-418a-b757-7111f48c31bb,44,92763,144,108,0
f2d9b4f7-6e24-43bc-a1b6-8893ce7e3236,20,139752,277,174,0
93afd029-53c8-4b07-b6b3-211d69e07c0a,32,86112,186,160,0
80ac7303-a7b2-4f4b-be66-379323150fed,57,115547,239,144,0
617475dd-5674-4ca2-aca0-cf48de03fe1a,44,135464,198,92,0
1f5d4b0d-64dc-4645-8e84-27e0e8266e34,90,85635,256,82,1
54951293-7aad-40c9-9b60-af21ae35b717,52,64114,230,94,0
5872cd74-1df5-4932-9a79-4dc27f604c49,87,146934,151,130,0
af1504cb-e158-4024-bd25-442c83de4647,66,57215,153,158,1
794cf813-2f8e-4bfd-b2f7-c14a79a98868,20,34718,278,95,0
7f42fa61-4e1b-4d01-a762-d227c3d226cd,32,99378,214,151,0
f5ddb442-cf02-47ab-98e8-59794bc7b121,69,148428,169,84,0
7cfab7a6-b590-41fc-80db-8b0041a7f0c4,57,40372,145,106,1
47e1f430-c195-4a5e-b5bc-28ba17529275,40,131927,143,140,1
0f25244a-3298-4457-a7a2-caa465765cf7,56,129652,286,163,1
625d30e0-bc1d-442b-8bbe-cf45e2adebcf,83,141472,296,158,0
e77cd68e-8f2e-4f03-bee3-291fa2b01bf9,46,80587,191,133,0
300bcc97-79fa-4808-a680-5a1027b7bd96,21,60572,156,83,0
bcbc9bd2-0d8e-4d74-9d6f-b5773a853f5f,40,91457,195,109,1
cdecc87b-dce9-490c-88e9-a0ece71335bb,86,47095,144,159,0
9508df31-5f25-4b78-9530-752b2d277c40,73,131142,219,88,0
fb142717-cadd-4c99-8db9-6f3d30599118,79,109598,233,151,0
a80649ce-7f40-43fa-812d-bda9bc1e0721,84,87999,298,151,1
1f81d058-e124-4645-87dd-d543f263ac74,26,91903,177,155,1
b45a361b-1d58-49aa-9ebf-680b4b311338,38,115455,155,101,1
1a4be8f4-8409-4270-8455-6ac6f2f869da,22,92780,144,104,0
a458a25f-7f53-4128-891a-6824f9602ecc,18,130777,188,100,1
bb265289-0c67-4ee4-9f26-a133977f3453,78,140955,228,119,1
9785450b-c025-4967-a817-9a289de89e37,86,143975,132,132,1
003d1f68-828a-4929-9922-fe0cfdc6263f,29,104410,257,92,1
d93d4cb7-2545-4910-9758-d8a216ee0a13,70,119106,203,137,1
5eb49c9e-a8c4-4f0a-b325-97d0068a2fca,57,67327,263,104,1
57aaded6-ab5e-4593-a992-1671ae5d32c0,23,34574,203,136,0
22615120-c69d-480c-99f8-b6dfc3c2637a,84,78008,148,110,1
2e3761fc-cb86-4b35-a5a0-b089f12325e7,81,134606,123,176,0
4a9b5459-e185-4a30-b16a-d671c9357b47,59,46019,220,112,0
a1ef9a6f-a966-4852-819a-7b232cbf6a3a,69,95486,217,168,0
6c57ade9-7818-42ba-b4b4-e5bf77aa8930,46,53077,267,97,1
64f6424f-0364-42ae-bf61-08f20873948f,75,81513,278,88,1
bfca0b32-94f0-41e5-aacb-028ed9aac926,50,47202,149,99,1
7131e4b7-2f80-4343-a2cb-43cf5345c044,90,118170,176,122,1
18ea8e95-04e3-4321-9a0a-725277ecbdaa,22,127235,157,171,1
99a18d69-a2f2-425e-bb32-fa139fc83a1d,30,121003,139,97,1
edbbaf94-2d25-44aa-a050-23ab7c07f514,88,114585,120,159,0
ea4df96d-aac2-47e2-8321-1d692cd11d21,39,58218,134,150,0
60aa0c17-e762-40e1-a639-1fe7c5a29bec,40,93641,214,114,0
d0425fda-f490-415b-b399-15a5d0b15909,75,42574,147,113,1
a5d1305d-1f43-4fad-ae45-f933eed352da,31,74924,155,175,1
31253315-af88-499c-8d49-58ebc9b58b8d,55,90698,141,152,1
4f51aa40-aef0-45ae-9ddc-f4d2cffa14ff,38,110219,251,104,0
675e40e7-9eb1-45ba-9238-75f7ccbbcb4e,32,41616,235,172,0
6a651822-b169-489e-b9a5-1bbab12b9796,88,127549,294,121,1
c17e9ccf-8889-4120-91ec-2b9016275246,32,85069,140,88,1
bdd7a2b3-7562-4382-a2a0-5ad5b00e49ca,24,135748,157,162,0
60e783a6-31f4-48c6-a452-a34df09de931,67,93297,202,167,0
d5b9114e-ceda-4969-88fc-2ca03f374745,81,95642,237,124,1
a5ab237a-3297-448f-b8d6-7ebe616b97aa,27,113111,143,151,0
b2ae304b-8d01-4882-935a-1b298895e6ec,69,128387,158,103,0
963a61fd-9341-47a2-b24d-142634412a82,57,48915,196,165,0
f1439b81-6194-4c1c-b652-3a1fe9584679,78,91357,123,117,0
d1604f09-fd3f-49a1-ab39-a3af27de338e,27,33594,191,106,0
13a82cc4-4ccc-4df6-97a5-866510997f49,89,86944,257,130,0
a0a7f0f4-47ad-47f2-bae3-24226bd05bb8,63,127622,215,106,0
03ce86fd-a4bf-49b1-9602-7b072e0385a8,79,133852,198,142,1
adbc8e60-b464-4e2d-bfdd-60ca6fe06882,44,64022,208,155,0
a552d6b7-aeaa-44ef-9520-5e6a4335c656,86,76365,291,120,1
b211f00c-8c13-4896-b946-e898d41cbe02,63,96187,214,159,0
f7e1ab14-7c23-437f-ac4e-f505057c84bd,27,77509,216,123,1
a27fc02f-e6a2-4faf-af54-edb8644d8057,85,51369,288,177,0
29bf1df4-734b-45c9-b939-19a88b368608,76,66589,148,106,1
45896ca7-27eb-4e65-85a8-47c357fa57e5,39,78487,137,151,1
34d8b5f3-1cb2-4bb9-8652-54f282a15c30,57,92244,201,134,1
3eb8ac80-b847-4d2d-8b19-c0a7bd36e90e,46,140488,177,175,1
3813514d-4e2e-461d-9dbd-f7510678b1d2,57,95382,156,102,1
4127680f-8dac-4461-ba8f-ae9a46ead646,88,76454,141,99,1
cbc73603-a393-4299-8fa4-285bee265df9,83,109255,278,167,1
ad57f8a4-f7d4-449e-b1a7-e96f73cadef7,33,122767,231,171,0
0602fb06-f75a-455d-bcd4-7fc444007ae4,88,81660,245,155,1
33df20de-eba7-4f9a-9837-c6ed2cec953d,49,88712,141,127,1
bd607834-b241-4334-ae5c-bc2a50f43211,69,56140,181,121,1
2eee4d6f-570e-4b52-b56b-4d0719c1a55d,73,133775,232,147,1
6e4636d9-1e21-4ffd-a63b-9b0ae196a220,53,134021,215,155,0
e6b32ee2-aad7-43a4-b9a0-64afff34f6c6,51,50989,245,107,1
1d6e294e-296e-48e9-9a00-ac3531fb0911,51,71520,241,80,1
ba10b066-af59-49df-a37c-feb5de3a9af0,80,62634,194,87,1
ba4b6467-1ae5-4f05-9b60-1253eb8d3025,46,140754,261,114,0
49edb4d7-abe3-4ae8-b460-1826f7769f6e,38,37827,166,148,1
7c154f17-e0ff-49f1-8ff5-ffc8858eaea4,44,54882,134,124,0
28d97c51-2b67-4911-92c9-6b17e551a53a,32,67789,285,142,0
6d8fc900-0a32-4c61-83cc-a528b3e420b7,46,97207,124,127,1
7934adef-1cfe-432f-8ef5-3760dd5a52ea,26,59877,171,105,0
cebcf210-a532-4710-be00-3bab2d46590a,24,94394,140,155,1
ec32556e-7b10-4ac8-a9de-d84900d526a2,70,119667,161,153,1
66891b64-37d6-4275-9a07-637683dd4e87,23,129438,191,177,0
41c3dc7c-1668-4ff7-960e-4514806ba5ce,59,41887,143,163,0
626302a8-50ea-457e-854f-bf1a09add97a,74,46662,204,118,0
aeb67d30-0082-49e4-b780-36244d9a5ca3,70,41423,287,151,1
2fb8133d-6326-439c-bd65-7ed602e2784c,50,139193,144,115,1
a0198b8b-7a99-4483-8acf-68b5bfd33d1d,32,108252,287,168,1
690309d7-bd8e-4dd5-bfa2-2851e3089d30,85,93771,194,141,0
aaa611db-366c-411f-b5de-49453b83f0ce,78,124910,227,164,0
b0a95668-4074-4a49-afec-6de3a6e967a5,62,100333,199,108,0
6c5143f1-aa8c-4d81-a046-6f3839c6fbe7,24,58254,177,81,0
dcfb3399-b543-4403-b684-858f8037e4ec,20,91220,139,94,1
eb5051e3-127b-446c-8cf3-2741030600a2,41,114386,227,133,0
89c642f6-bc14-44b9-958a-b4acc9715700,29,34323,285,177,1
593cc684-aae8-4231-a17d-de7e3b9de667,80,102760,214,143,0
761f6895-0601-4b73-939f-db8620eec9e8,33,89651,228,161,1
b9c0f76e-650d-4be1-8845-93a82448e153,38,38340,236,127,1
5665988d-42cf-4947-bc91-3c7ced2e7ae7,89,61626,190,176,1
6c76624c-9fea-4169-be4b-1b3406524600,77,83824,141,175,0
6538d11c-a89c-4ad4-9295-0f833e742547,33,71122,211,102,0
e694ae0c-2d45-4a6a-bb61-02934ad0b8e2,45,64808,277,167,0
38523801-5255-445b-9150-74cbc379437d,55,107892,176,81,0
11f654e2-611c-484f-a6d8-77c0f8d80c9c,66,78523,277,139,0
2955edec-ff22-4d22-85b4-619ea6d736f5,86,89724,274,124,1
60f6da41-529c-460b-a6eb-72ca7e520680,81,125798,164,110,1
7d38e775-0638-4f93-8bf3-b1ad2b6fa965,89,41186,224,174,1
c1780698-c8b5-476d-9109-c8afefd873c8,20,73188,255,146,0
81afbb21-b0c9-4826-a4c4-37e739420aed,35,38765,209,93,0
acc7726d-1389-463c-9c73-25d946f74bc3,59,141280,246,94,0
0bf4d185-3eaf-4673-9638-58894835c044,21,52279,284,91,0
07709cbe-3fc6-41b1-a616-f31a9778743f,43,128384,233,110,1
160515b4-b94d-452f-987b-efd2fda1e1a5,29,52906,271,86,0
b37d83c9-f86d-4f48-8e19-31ec4301b91c,86,68887,264,106,1
c77b92d1-079c-4418-9314-f1b24051a5ec,22,102996,267,157,0
8547592a-bc6e-4d1a-9e20-fcb358743abb,28,129765,274,168,0
a3279f6b-0b13-4e88-b24d-5fb61ff2c0aa,32,51337,160,159,0
20b51be6-8ec9-4572-a5be-a28ec21cadf6,28,55574,123,130,0
553b8e3f-96f3-40f0-87d7-5b7f83dd73fc,59,135807,147,150,0
7f634dd5-9791-4270-b6a6-8eb60cab38f6,44,68636,165,175,0
fc7901b2-d818-410c-826e-9951277d8aee,84,55171,244,85,1
1e24ca89-7736-4d84-8928-e849758b0648,37,119223,212,171,1
27681faa-244d-4841-9620-644e25de2029,57,40935,204,153,0
62981580-bc83-48d6-bec1-01651c9a1054,66,134036,121,119,0
40d906cf-55da-4937-aa21-8a1bc80a9795,63,135090,243,125,1
cb75abd7-c62b-4f3e-85d6-21fd7ee312f0,76,132783,185,124,0
f3bf47ed-78c0-4a7c-9838-9f22a08f0f8b,32,65439,257,95,1
61bb6e94-1c52-436f-9070-9c0ab75ffb7e,55,43705,140,103,0
0e20fc23-fe36-42cd-baa3-9233cf334110,76,81051,173,109,1
6c02e2d9-48ac-48a1-9593-4a8df9e181f3,81,70149,129,80,1
000e25ec-e189-4740-ab24-b2f3086032ff,63,145084,171,130,1
bc638346-5e8d-47b4-a191-44ea8b804f5b,65,105804,287,128,1
e8e745e0-ff59-4e7c-9e13-c39407e3ef15,81,143325,208,113,0
ec1761bd-6ebc-47a2-9ec5-36aea121ef4d,63,120105,199,97,0
ca167ff7-0c20-4c7b-a718-46229cc16537,87,115790,169,177,0
ca4381cd-c9e7-4742-bddf-88a4596eedaf,27,43421,167,148,1
8b135014-eb07-4aaa-84ed-e67858f9b46b,43,38272,240,127,1
094f96b2-f28c-4753-97e6-2b6d95102c18,26,35578,298,152,0
3a508244-b829-4b82-af96-ffee26db19ac,24,101201,255,117,0
36fdbf54-6693-47c1-aa82-b2b5e7b81231,52,54205,253,101,1
25797125-0c0b-4f34-beee-c6c447e5d28c,34,148690,205,147,0
76b4135f-a788-4085-b894-e58e4a54d66f,47,45919,137,157,1
937eb2a2-7685-4846-915c-90013185f7c3,49,143630,251,145,0
0d621f56-9985-402b-bc78-4a33c3b63d98,63,110117,266,137,0
16a742c9-2a6b-453e-a3b4-016dcb07880a,87,42720,212,80,1
e4f1f5e9-7353-4987-823c-e5fe2a3cd5e4,80,37014,136,144,1
af7476c6-b444-4285-8ece-ad6e16086341,45,77516,249,142,0
41f7123d-c958-4a17-bf3a-f2438079f670,41,70675,286,121,0
908ae915-c861-4ced-bafb-a66638200d25,74,67864,160,104,0
1d6f625f-1b38-473d-b3bf-09fb3cd7266e,27,93427,148,178,1
b1203207-3d57-406b-a9d7-bee416f83da7,57,45567,253,117,0
33e224cb-3951-43e6-91f9-72be27b262cd,48,45534,180,107,1
596c4d03-f2a3-4691-b91c-2ff465a41776,31,113376,249,151,1
fd117320-1eb6-4e12-8581-6f92d2a0d00c,63,148838,247,128,1
2df93c56-5245-4786-ba82-7b8a45398865,41,62862,168,136,0
8ee128e2-4508-4978-b798-3eddce52314d,31,141832,127,145,1
3d744367-f5a3-48de-81d1-b70a0831c071,65,71384,220,117,1
5b375b17-550f-49fb-983b-cfe3ff683e16,30,70306,193,95,0
29de8512-bbf9-4767-8125-3cd54873b3fb,67,40843,274,96,1
766f7228-7663-4862-89da-60cb39bfae1d,29,80799,184,174,1
12de57cd-db81-4fd3-98d9-dc76d957f4be,49,89756,165,131,0
78ef6749-a689-4e3f-8819-ac8c5f659487,76,109653,275,122,1
c57d9468-7ab2-46ac-9a86-93dddd44d7e9,34,48980,253,112,0
29578394-35c7-4e2f-a35a-2a53016f7130,74,52643,231,152,0
73185694-f006-45e8-98e8-a98800cc08c7,70,81851,292,172,1
1b28711a-e29a-4767-9c56-38c5d44af877,83,38357,261,157,0
579f90b6-0f8a-445a-8621-0a893b444eae,30,47201,276,133,1
9d843dab-dc2e-4021-b77b-ce092b7c32cd,70,105489,264,128,0
3943c218-fb96-4889-be60-34babe580bf7,86,144462,192,167,0
654cb1e7-344d-4f3a-9b21-d2e9ea12b90c,73,98756,131,166,1
ed85c677-833f-47f0-bfbe-442c66608d6c,31,47398,229,119,0
514c66cc-9436-4fda-8ed7-08a46053eb6c,78,148919,258,177,1
b30872d5-7213-4fea-bec0-5e68ab04edef,25,92626,299,163,0
e1ce2c73-5342-4d9d-8364-c110b07fcef4,60,116022,243,165,0
6298f6c8-05fb-44ce-bff9-bbb282191ae7,54,53637,222,85,0
1116dd7e-2f2e-460b-84ee-8db17590711f,56,99412,224,93,0
74d8e1be-f36e-41ee-a59f-b3e961620138,55,39163,140,110,0
14ba1262-9f72-4bc5-aa21-cae3d9508ba7,20,105089,121,156,0
9ea67bd2-5fe8-410c-a063-24744d01fc87,55,54277,128,87,0
32112dee-9718-4336-9c1f-f32be995b45d,86,139142,283,88,1
dce93275-1402-4763-9503-fc7f7061d052,49,36572,263,83,0
79a07f4d-4fd7-46d5-8f6d-0ded7782f656,38,108316,167,99,1
f7c15f5e-a618-4aa4-a81f-ce5d9792ff59,90,46727,196,172,1
5a7aa881-5695-4327-977f-99f0159e6035,25,112455,207,152,1
d3dba548-30fc-4636-a40d-71b25bcfb8d1,53,89218,164,152,1
befee375-20e9-4316-81fc-a8e160dd5575,55,146098,196,109,1
8d2fc8d6-5ed7-4632-9bec-924622045a9c,52,108218,182,143,1
5d72486a-dab8-4f5d-a199-f715e35fdd18,85,74640,245,158,1
06e3280f-4bc1-4cfe-9473-bccf1f770ab3,48,40480,257,133,1
12da50b1-93ef-4d6b-abc6-74dd9a5d1ede,89,101491,137,166,0
4f7f2742-93ad-4691-8586-929d5780d4ed,22,82922,204,137,1
2c4f58fd-4187-4457-a147-f146025a4fd2,71,36301,299,112,0
975e0eab-bb32-4689-89a3-26743f72e36e,61,99750,277,144,0
a43fb286-a4a6-418c-92a5-f579f43f40b9,35,55199,263,175,1
995ff387-eaef-47ae-bf87-ed9e59bd757b,34,58107,253,163,1
32176fba-e794-4495-b3d6-e9cacb554b56,70,31075,120,130,1
eb1dc606-b27c-46d2-bb55-f953dd2c5334,64,74649,296,140,0
e5f4ec39-982f-40ba-be79-f63669010096,62,56192,253,178,1
4f71b58c-1ea7-4909-aef0-db656fd5f7a1,21,38620,280,155,1
a5780226-2d47-42b4-8031-69382b93ca9b,61,82115,284,130,0
207012d3-e3d7-49fb-82a8-bded6749a268,89,56415,166,108,1
6c1469ad-e0ef-48a7-bb26-9bb27014dabb,19,46099,122,171,1
bf11201b-7851-4ff1-baa7-8e2be6c40f5f,52,86010,239,178,1
6608d488-5ac2-4148-b403-92743ef2532a,54,37588,203,87,0
df268493-f33c-48de-af11-ea60e76512b5,83,148854,123,83,0
c8483e1d-90dd-443c-8d58-dfac38fc990e,38,86515,169,91,0
70e963f6-9467-42e2-9d76-b9ad0855f4ef,52,149552,299,119,1
99589678-226d-4dfa-bb51-25fbeeffe7ae,70,135763,185,96,1
ccd8ed52-7738-4531-a783-cba44323149a,22,147555,167,169,0
d6ddecf8-cdc9-4a39-85b6-63c4c568c13e,76,95128,238,172,1
b5374fff-5654-4c85-890a-92af017febbe,78,80770,240,98,0
b1a454f1-1b25-460b-a8fb-95d43cf9a987,70,116387,180,163,1
30b46258-aa3e-4e8a-bbca-db837a81a686,65,39681,273,94,0
53556675-27dc-4bcd-a78d-c43d3b5ef084,72,130824,225,159,1
49bdbbfe-341f-455b-810c-af02d720a87b,75,68829,149,116,0
2ad206d7-f659-4c03-8d53-7573c26384ff,83,30889,178,84,0
ab08e575-cb4a-4d06-8202-5d0e3849080c,49,58525,273,123,1
b1c4a1de-9040-44d1-b3bb-b993a39441d8,51,59078,136,163,1
6a9bacbb-398d-4c21-b1e3-1732b8b0add1,64,31695,122,174,0
5c9fd7cd-0683-4f3d-a3dc-56c2756b0746,32,110230,238,92,1
6364038c-6852-4116-bb94-0f24a8106d75,80,41428,199,164,0
944d4890-840c-4bb7-a768-280fe0e9aed1,74,131604,165,109,0
7db2c619-8881-4ae0-af5a-2a106e105244,64,84383,205,126,1
ea6fb947-0fc7-4b9e-8e00-5832b8e407cb,40,116189,153,90,0
6e62ecc3-b9f6-4c2e-8708-819b50855827,43,70759,187,178,1
9cee0450-c22e-4b60-91ef-77ed7494b478,49,45839,162,159,0
ec32e00e-478d-4677-af1f-1222d4f9b2d3,66,51642,226,144,0
d52f523b-4e49-403f-9433-e5161c68d915,74,107506,241,153,1
e093c88d-b4ee-4b35-a654-6f5ddd24ede0,67,115932,285,168,1
fe2933ec-64bd-4e42-bec3-00e4e85fe298,85,62103,132,94,1
710151f0-d005-449a-af33-feb2f061a771,88,72854,179,104,1
0bfce7cf-6732-4499-bc03-a5454bbefec2,69,143407,167,83,1
4995fb03-1920-48bd-b6f2-3cdae0bc6a81,45,132224,224,129,0
b65798d0-5d63-4ed4-8382-60f637368b8d,61,79565,216,129,1
1667dea6-ea8c-4c91-ac33-9da3460c63fc,49,58917,278,83,1
2a34b0d7-4a0e-4ab1-8bc6-efc1c36b52c0,63,66162,286,146,1
b1e175c9-92f2-47ae-804c-dec438f89c2a,77,94607,259,80,1
c1ea0592-aa26-4c7d-99c9-40b0009df68b,44,98014,156,160,0
bb0ec9e1-d701-4fbf-a213-9824524bafad,54,52096,127,151,0
bfc31560-ae41-420a-b3aa-d935e72fc228,21,37900,282,162,0
21d9a88e-e477-478d-91f1-add612aa9db2,71,89436,290,91,0
c5761ae1-3b27-4d5a-98a4-aa50ff2c9327,53,125695,165,167,0
2298911e-b383-45f2-9090-1ee06193f527,51,48296,128,135,0
ebd97ad6-36c1-4f9d-a3bb-a5bc8e4ea43a,56,79003,243,167,1
2ec92240-e7cb-4bb7-be7d-167a41472fe5,33,49389,226,150,1
f6aed826-210e-413c-8508-f8ce01f66193,61,59056,280,146,1
fa34af2c-3005-4a31-9967-44c9398d7292,72,103467,224,83,0
7ba820fc-584e-45a0-bdad-963c9b67e213,43,64343,257,149,1
8250afb6-fefc-4003-8396-f09d22b97045,27,61654,262,125,0
f6c09781-10b1-4589-8dce-4fb597443f22,46,149480,121,165,0
93174c08-2a15-454d-9f48-6e41cdcd11b2,32,50684,146,149,1
7917c8b5-f53a-415d-9827-f2835ff2ff84,45,52714,261,87,1
47227bc1-d03e-4c29-a184-466c153fbe55,63,141573,152,169,1
977a0921-1ce6-47ce-84cc-241a42bad719,26,96025,157,86,0
ec720f46-67c1-407b-a1fb-714918deb677,72,35160,256,110,0
cd6cfcc9-5d7d-430b-8e53-c62ebf0e7213,34,80995,157,101,1
efadb57b-3964-4af3-94bc-b54798fd2c26,83,97818,147,178,0
792e4c69-c67d-402f-add8-379bbc6682d4,71,60383,122,95,1
e7bc94cd-6d84-465e-ad0d-a058701fda00,37,95792,204,165,0
b387755b-d81f-4c49-9ec6-7f94f589a884,59,107822,235,102,0
eea3a9a8-a9dc-4b3b-b8a9-c57b1ae81134,26,60073,252,145,1
9d08e0fd-548a-47bb-a1d0-dadd0769693d,25,127488,283,89,1
c36371bb-ffb0-4347-b640-3af1720beb9e,87,84333,237,119,0
b3208a60-05ae-40c9-a5aa-1aadb42c021c,76,145616,256,142,0
ed644b05-e6ab-466f-879b-cf2c11d59d4c,29,40528,158,151,0
fbfbc1ba-5d97-4795-8b76-9fce94f50f28,38,68908,181,168,1
c8fe75c1-fc66-4804-b9c7-3ae92128cadc,32,116553,175,162,1
893c5c4e-f232-4df4-a368-96ce53c1a845,46,137390,131,132,0
8189f973-a7aa-45ed-8962-e3ef0985eccc,39,56603,295,110,0
4a0fa084-6a7d-4e77-9112-c2c0e75642a8,41,147631,163,106,1
a5d625c9-e696-49c7-80ce-7cbb4826e8c1,56,53206,201,180,0
efb0162c-8e89-4362-925c-b132d0d32f65,31,79935,184,141,1
26f679c4-193a-470d-9a3b-46ea022ae355,82,67785,128,171,1
f4fb8cc7-1e64-4a5a-babf-e7c5b3f5b5aa,71,80919,283,123,1
67d63925-274e-471a-bf26-b5853b8d7c7e,73,138285,159,129,0
a8569bfd-dcc8-41af-a3d3-2e1398f28211,30,117906,138,163,1
0472a70a-85b7-4ac2-af4f-6629d3542ffc,69,125576,181,153,1
4235224f-1532-4cf6-8b15-41d8ad1d29f4,79,60480,146,100,0
98a54648-44c4-463b-b627-35ae25ce80b0,30,143628,300,132,1
7706b0f3-3639-4c98-99e4-66e78b0b802b,72,82264,154,101,1
16bc691c-81f0-4c64-a902-c18ae4099793,44,108236,174,156,0
937cba0b-7e5a-4d0c-8fd0-77babf6cc328,75,113727,169,83,0
a501c448-5d14-4a79-88dd-f8c50da71ab5,52,109551,124,163,1
46ac9004-3432-451e-a043-a4a463c1e096,76,102216,122,173,1
bf76b2b4-e7e2-47ab-af34-89602e50006e,28,87604,212,82,1
1df26fb1-326c-4cd5-a141-6c5c7aaf9476,46,107717,162,143,1
3d57c784-5a5f-4940-ae6f-21a500fce981,37,138623,135,87,1
64ceeffc-0cf9-4b2a-bd05-120adcb0056f,36,76773,172,116,1
2e40983c-1a82-4f8b-949b-fb4d3cdf8c5a,40,91305,169,113,1
13070c1e-0fa9-4da5-9b31-46f6a7a2eb85,45,51609,196,132,1
97df2ec1-39e4-41a3-8f93-06d2b4a72720,27,72607,299,172,0
3f69bbcc-384d-48bd-883e-50e151104536,69,122646,175,126,0
7304f006-76d0-44df-bee3-0a136fb82715,58,106845,247,120,0
5869641f-f65a-434a-93cf-9c81e37d4efa,78,55337,259,89,1
729436c6-843d-4581-8899-6b7a3b140148,69,95537,129,169,1
4c780b9e-33a6-4b6a-aaf2-9ea5cabc4fd9,28,127436,210,111,0
295eb4e9-8095-4699-bec0-f522ace9f330,23,44882,201,126,0
a086408c-aaa4-46b6-9fc5-77b273243fcc,48,37433,211,89,0
f43fe037-119e-4900-bb12-86d4d807815c,53,77127,151,109,0
6f74c724-a27b-4e2f-88bf-fdb0e2d37bf3,35,108786,204,135,1
4179d4ea-7b6e-4e78-9087-7adc5e2e9326,75,67599,142,170,0
5304db91-702a-46cb-9d10-fb3ae7bab21e,60,128524,291,113,0
f89bbe2c-e05a-4cc5-89b8-be6bdbf466bd,72,131620,226,136,0
0e3d89a2-f374-4f7f-a88b-40474e694b59,25,93902,126,168,1
da8dbe98-0f12-4f26-88b8-2c834859b561,77,75461,211,116,1
838d857a-d1d8-4811-a93f-a822b6f079b2,33,35005,287,109,1
327fc15b-0d0a-424e-9934-e284d517d365,50,128587,254,84,1
f1d1aec0-052b-4b9e-999d-dcb1f04c2f6a,50,137434,169,171,1
e040cd9c-539d-4651-b8bc-5fe11679e825,77,83087,281,91,1
f7b0a931-dcc0-4654-acfc-eddf874434b1,38,91976,153,101,1
144ae0cd-f146-4bee-b39c-319eee7b6fd8,35,120420,164,94,0
42f6840b-caf8-404c-a7bb-c51918fc8a7d,42,113445,148,151,0
f844b292-70da-45c2-9389-6a7fef75be38,44,46233,287,116,0
8289b4ea-7c6f-4ad3-b38b-3ee7e8fe94b4,31,110678,249,151,1
01c809f9-a871-47eb-b28a-0fbcf8f04dc9,30,140958,213,141,1
bb199132-82b8-42f1-8ddf-8b14ddb40092,34,120083,240,81,1
f6fc3aa0-7ec1-4aec-9d75-015cc4992d34,52,87667,166,111,0
a8fdfbcc-540e-4fca-98f3-9b11859bf925,43,92779,132,80,1
b60fa1fd-212e-4458-8975-05fbdcabbfe5,46,61176,273,86,1
140b73e0-29b3-421b-81a5-0d525118d627,70,109291,294,127,1
e9e70285-1f25-4710-b15a-212e2192657f,35,58978,126,106,1
c4f82f00-339a-4e37-a6f4-c2e9da7f205c,84,71023,129,89,1
802aca77-7dc8-4620-9847-da7787210cbd,72,61809,221,121,0
aa7b0112-faaf-48a2-869b-033e8e4a2021,30,70238,127,125,0
9ce22d06-f31f-4f72-ac4b-52d3c9b9ca49,40,74007,250,180,0
0e94a159-d12d-4884-86f5-319cb2f69311,31,39957,291,146,0
7dd5103a-dce7-4215-ae35-53a85217d9fe,37,116103,170,119,1
833c1b03-4c13-4403-a069-ad8a9a985175,44,82919,173,127,0
2d79eeab-1c18-41f9-b46a-6e6d45f9f8e3,27,143953,276,89,0
4829ad77-e7b6-418a-a247-dc30f179a032,19,51706,184,119,0
9e260477-4f11-4f46-b6e6-a42b3752015f,50,110285,163,138,1
8a94191e-ba62-4995-85ae-c82640c7c0d3,69,51502,135,82,0
b46444da-1bae-4680-8927-22abb95047e7,40,95660,272,172,1
474365a7-8dca-4431-a87f-770c39011891,80,88906,287,132,1
faed3fd5-d21d-41d8-ad79-dc26ac57da11,44,83832,134,159,0
747ed66d-0af8-4713-a8df-28cb38bf8163,83,108566,265,107,1
2e339dc5-9738-4552-9060-1df19f377cc6,35,129384,148,164,1
872bb474-8a65-470b-b83a-577c0b7f4657,57,68006,145,117,1
b33309d1-ee57-4a65-8c96-bfec015582f0,73,131959,188,173,0
6c9224ec-e8e8-4ada-a369-bae8741209a2,22,52182,199,132,1
767d8c20-56ec-4629-aed1-fd8921527de1,85,65164,274,144,0
ee4a7e46-4829-4ca5-b152-e3f723af98f0,44,67280,246,100,0
3266b18b-1a5c-436a-a753-01cbe08b7b0a,54,144411,146,180,1
27237ecd-c605-41af-86d4-77e5453b2f87,63,44228,225,99,0
5456e37d-01b8-42a6-852e-ad918024deb8,64,77414,278,83,1
c5082fc6-75b2-4cc1-aeb7-c84493d87898,19,80932,239,124,1
d67bbeb6-73f7-4340-a530-fadaffd8f80a,81,126010,161,164,1
e9e2c34d-0a57-40a3-8822-74dc9c59a245,63,88308,143,173,0
2d4ce5ac-1bef-4057-8e7a-b2d20572a4bc,90,146019,201,166,1
3488b608-98a0-4844-9620-83165b2d7c3c,52,118839,205,135,1
5ba89c50-2fda-405c-9a2e-f5757ec3df93,62,114439,183,172,1
a6b6051b-f91d-4e96-bace-4f7800c9c65e,50,120351,139,129,0
5ffd4bdb-45ec-4ff4-91d1-11ab7b12c079,82,49386,141,128,0
37aed7ad-4f78-4655-810f-9d4f39d870ef,78,83886,215,98,0
ffe31085-b271-4a51-96bc-8a34b965c54e,84,100337,290,159,0
d69dfc6d-9773-4bf7-bf2c-4a4fc1d905cf,54,55017,228,111,0
6fdf4b93-9633-4dea-8a42-310c3f665175,75,44253,199,99,0
255f7b97-bae0-4930-9b8a-4a0243fdc3be,44,46292,288,117,1
5ed8984f-0a70-4a9d-8545-ef96f3aff60a,51,124697,244,140,0
b6ebc179-417a-45c3-9f4a-fdb059a6a2ed,73,108826,249,107,1
3e10dfe8-a7b4-4c7b-8fd8-88c18ee02066,23,63758,224,116,0
62bdd206-847d-4a09-b4a2-1c2e8a2ac10a,69,118465,258,113,1
c9cb864d-a7b7-42cc-88bb-41cd01eef0b0,19,113426,210,140,1
34e22f00-a5e4-44a4-ab34-a122a7a5267a,60,127981,232,152,0
ed1527f6-29d3-440f-b7aa-5fb57c351875,52,139211,231,148,0
105d9c56-bcb9-47f5-a1b4-4f5f31002834,52,135868,256,94,1
b12ef7b2-8358-439a-9935-55eba2c81e87,54,51721,282,115,1
cc093520-1584-46d6-8fb5-fb3f87fe4e90,53,122311,173,145,0
d1c68235-bf98-4d03-b874-c4ca232787c7,47,77143,246,101,1
a6ef83a2-8f3b-482d-81d7-5875039d5066,50,78375,125,87,0
789055e9-4025-4697-9483-a18d80068fc7,59,107654,216,112,1
82c93085-1685-4d6a-aa73-34d43567ae89,73,102263,282,148,1
6c4d745b-8c61-4a53-a962-9cb09d1945a1,58,80359,236,147,0
65b5f540-bb1d-498b-9a6d-a9298d252bb8,64,149939,168,93,0
9644f36c-fe7a-4ac1-959c-bf02164db541,79,50978,229,148,1
90ca52a2-2ecf-4363-b009-d18384c819f0,90,41629,184,99,1
094b609b-e6eb-49a3-b929-b3b7a84bd470,25,33488,198,154,1
fddcd58c-906f-4214-b5b0-eee19e6bdd5c,70,127709,161,137,1
4e865031-c30e-4ed0-9564-685131985111,34,78792,233,92,0
dc695cfe-222e-41bc-b9e1-264edc471b57,32,82481,155,115,1
67a43093-9268-4a44-971d-ed30d4a6ac68,75,107905,200,162,0
ae44b810-13f5-4062-a8f5-ff3b1eaccd14,23,82247,290,123,1
42a2b0cc-3d39-457b-900f-5cb0f92bf21e,79,98878,257,149,0
4fa9e306-3775-4cbd-8796-6f519bc64508,74,37014,194,155,0
c8042ec2-5c27-4470-8fbb-c6362c5a4200,90,48749,295,83,1
b1452405-1185-41f6-9e70-e3171ccd80fe,66,141845,122,174,1
b6081d59-0b8a-4db0-90fd-f14f4278db88,81,84083,293,113,1
4afb2dfb-4fe3-4cf4-8935-c956b2144405,26,50086,183,160,0
81ed0ce8-85ac-41b5-a097-3ccebb53809c,82,74336,268,127,0
8fcc1c38-4792-4f14-8b9c-cceb23aff768,29,70174,291,138,1
f2ab506a-1411-4d1e-b001-6c70dc9101fe,40,62904,228,116,1
5f91d9ce-04ed-448c-b644-a618cf262fe3,27,65233,230,166,1
6a96a4ff-5a30-4181-afc5-da43f3daf470,47,117513,255,91,0
5697dcba-8f9e-42b7-ab14-9ac5ddfae662,72,42812,163,170,1
c1947124-cecb-43e9-b29c-cb4178f7ac4e,37,67158,152,100,0
d1b839c1-99f7-4d91-a3f2-deafc4532c3f,78,86154,182,169,1
c3c1f302-4611-4b20-9e03-85cdc7a38aa0,62,94817,206,82,1
c9cbfd22-1227-4a16-8fcd-a6fe15561e3f,63,135661,254,81,0
c3c3c4ff-4735-4a5e-974f-f4f2efb47535,86,140787,166,89,1
7b6e3876-93c9-41b8-8f3f-7039efa259a8,49,65689,222,135,1
e22a27ed-da3c-4bde-b6f8-460a095441f7,43,94713,120,106,1
c2f5dc35-15bd-4aa9-a041-c43b75c4aef5,90,32682,125,140,1
1fb383f2-dd3f-49d9-927b-dd525b360c69,58,104043,294,162,0
b3cdcaf1-6052-4c02-b2ed-2069f97ae2ca,62,48348,273,82,1
fc199dc3-3bbe-4b7f-8cc1-5209c9548ce2,39,38789,276,133,0
8f02e0e1-95de-4a37-969a-140387b697f1,33,110607,179,154,1
9d4750b3-7158-4f72-85dc-c539f421b48c,30,51376,212,122,0
03503419-2e48-4989-a75c-0a2611b273c7,34,87285,242,173,1
9b67158c-0b26-4590-88c8-376650eef032,32,42114,166,146,0
2e3029a5-cab6-4585-b08d-6ce674e6c4d9,72,119481,254,83,0
a68a35e2-29ea-4489-96ec-20d5abdc00a3,22,121778,245,134,0
7baba21f-9f3f-4f1a-9a18-78a78579de60,63,98977,193,118,0
6c5a21a6-a186-426e-84b0-1a0cd4c7ef6f,87,130311,198,93,1
7f0badd9-1543-484d-9ae8-476b1898d819,73,82416,175,175,1
db5f2397-884f-4ad5-9815-5ed049406061,47,52374,265,102,1
679dd1dc-c967-4b20-b2bd-0aed547c9d4f,22,48160,298,88,1
7a481e97-4295-467d-8318-7b5dff851fa9,78,56312,300,102,0
f5fc12c0-8ffa-4bd6-a282-0220d95f18e8,18,54037,259,163,1
4cc559e6-337e-465c-ad63-ecac473df026,67,68785,183,140,0
e6df33c5-ee2d-4347-bb05-bba0fef898f9,66,55720,261,162,1
0e845bd5-4cb2-4c9c-8c16-9b72bd2c00af,32,100929,164,126,0
dab294a1-a6c1-4e41-99dc-6423380cc7ce,72,47803,282,91,0
4342e6a2-4bfc-47f5-a9b9-f3a93d659dad,30,104616,168,119,0
1a1c3175-24aa-4ce9-b54c-16e78c70c06a,34,70092,192,100,1
8002022e-eca4-4e91-a32f-a02aa6a9f5db,77,112411,136,136,1
b2566ae2-2eef-42c0-8068-f2d8b5b935f4,89,91551,134,107,1
0843caf9-118a-4f36-bd3f-1c5c8e80cf34,37,138624,191,177,0
528f2d1f-0dc5-4be3-8817-fc9c51a61f0a,85,82785,219,118,0
1cf198d4-65d4-44c6-aeef-b18293e8e5e9,84,65405,123,111,1
df524c98-19e0-4802-96f4-75ca0773a27c,74,100694,273,179,1
b6ccb2c2-d4ee-48d7-b220-deb0ef8853a1,28,109051,140,132,0
8acd36c9-4d48-4672-868d-f720bbed8d5c,39,82709,300,97,1
34e4db7c-d415-4efc-b127-a0b537895d9f,67,97167,169,128,0
93eb911b-998c-40ac-b43c-41c609209a2b,90,86504,188,105,1
0c4448b5-83e5-412e-bdfb-f967bddba0dd,77,66700,148,152,1
2f6c63e5-5cf0-4859-b93a-4bf3361b806d,48,67628,269,137,1
0a35f178-7617-40b7-a6ed-0e3d3e8a61c9,35,138890,252,153,0
af133ba7-767b-4ae0-a5c3-f2074f7d8ccb,88,111040,134,174,1
c42d57f4-5fe3-4301-b34c-ae2a0e09ce89,38,41458,139,153,0
057fc9a5-9737-4a3f-88da-0a017c6008c5,42,145450,230,114,0
ad1534f1-5b55-4f03-8a37-ca985900740b,88,115440,276,100,1
079c8bbd-4c1a-4c64-9f3d-7702fcfe029d,59,36019,139,133,0
f0128bb5-39c5-4fb3-a150-b05ba5e1c22b,37,117345,160,125,0
576ac891-ed3b-4511-9d44-254530c3f944,18,100755,218,111,1
728f35b7-f73b-46e0-9ef1-88ae2b2be745,49,139840,139,161,0
1b8cfd2c-0b62-4f48-b275-e97d070c5974,89,88725,175,171,0
497a368d-54dc-43af-886f-2db89235ecfe,49,92230,121,118,0
f08a9cbb-b421-406f-8e50-ecceb54d4f52,69,67765,210,148,1
c1800741-605c-428a-be55-ea9c1d702b25,36,68595,249,179,0
39756bf6-ee3a-42f1-9009-805239d970d5,74,104151,194,81,0
8c3f8ac1-c3d3-4ff1-b81a-2869044bccd4,74,129329,166,116,1
94fd5c8b-db6a-4dc2-8cc2-3ba590a0c37d,62,136881,196,154,0
a1fd08bc-e601-4b07-a7e6-24290390a911,74,122498,212,130,0
c1968e41-5b74-45d9-93fc-4de71634091b,60,103173,149,159,1
8619c2c9-d728-4598-bf6a-fcfc973c7129,45,90038,140,127,1
bd05408d-3505-4dfb-aec7-c58953cf6482,71,70753,152,86,0
0fc8ded7-80b9-4d3b-8926-d0134c2b7ffc,78,122143,298,123,1
d52c5e55-e682-49e8-b04b-8a37e8aa5e66,79,68177,250,120,0
19ff3168-cc8e-406e-a99a-2664259868d8,33,62145,142,165,0
02115e4c-2a45-4553-b87c-0d8c59ac7616,67,134144,174,94,1
abd177fc-fc6c-4e04-ba5b-8bd4447f89b9,18,100741,194,95,0
d309d48c-defa-4d87-af90-01b591d07a0f,59,72506,152,94,0
fe4da907-0153-42dd-a80e-e20a558b1ae0,59,133822,274,137,0
733d8aa9-f1d1-4876-b53c-6e5cb1e0ed38,44,145522,290,180,1
f0253556-e95e-4499-82be-d2d86e876c47,90,68158,164,142,0
2780858b-e07c-4117-b967-28107ef01b05,82,92570,122,162,1
ebb92a9a-a603-42db-9f66-608fc7f50987,20,88026,168,165,0
d7ecd24b-e932-48c7-9bf6-77a6310bc1fd,33,114198,225,140,1
66e084c7-f5ae-4a1e-bfca-e1d96e7e804d,33,144126,266,141,1
4fdd2a5e-93df-4234-a908-51ccbf6e80b2,83,95824,181,104,1
13bc7b19-4fd7-4fc0-be7d-0c9ad0e5f2b6,55,125786,169,176,0
e588de1a-f800-4e77-88ec-021dab0813bf,71,101473,165,159,1
e1d39855-766d-4db6-b819-205d79c561a7,77,136445,120,168,0
3d369114-d380-4c44-bb2b-38014fccf492,74,78550,122,179,1
d9ae8f49-9b6a-4a61-8874-707f18b1c083,24,76230,197,115,1
916a229a-89f3-4990-a453-bb8fa0c06ed1,28,80690,231,94,0
b444f090-a9a0-4ed2-a1bc-464909ae3f66,46,149581,122,166,1
74fd170b-934d-4c31-b178-8b8b6223c240,42,103373,156,127,0
fb9f7902-e8fe-4075-931f-02124bc29dbf,72,48308,284,176,0
d5a1268b-8f9c-41f9-9982-56d10f735617,29,34907,299,150,0
7f57eb4b-aeb5-48b2-afd5-68a2ac5881de,45,92252,236,105,0
9735b2c1-22d1-4ca0-9e46-14ab1dc42c43,35,126684,214,115,1
4706f490-5a7c-4e8d-9320-052fca74082e,31,87513,225,141,1
657a46a1-7900-4552-a83c-e7dc47deb77d,30,97225,187,119,0
858cc039-6f88-41dc-acee-a3a46c3e96ab,32,125812,156,108,0
178da01c-0d14-4c15-a824-34e84eb2f259,59,91961,188,101,0
41d9a3cf-72b7-45cf-9ea4-69c86931aa43,47,139035,246,145,1
ddd89ada-4172-4044-8acf-998823831e74,49,106552,239,83,1
ba7197ae-4c16-4e3e-9580-61ed1fed2c92,52,117737,242,89,1
044bad81-4a9b-4d43-b5c9-a8b61de7d214,72,123776,230,84,0
4336be4b-74a8-490a-a43a-a7f3765cdc5b,80,105218,130,154,1
47f94154-f399-404c-90f2-7073207b2000,56,36007,233,82,0
06f88810-24d5-4992-b680-5961a3f89ca3,64,81291,279,122,0
ca60b408-eebb-4a58-8767-1a18fd679d1e,71,46978,237,92,1
57a27061-9eed-46cd-afcb-ba3f59a7deb1,68,91239,224,139,0
3a4deb92-b91e-43d1-bf9d-704f5a812372,27,47180,160,83,0
1577c9fb-41c0-478c-ac8b-6803166a769b,89,91116,263,82,0
97a87652-28b2-45a3-8c10-38535725bc8d,30,71261,201,121,1
4ee4cda5-97ef-49e9-b949-f16a41ddf580,48,32444,167,150,1
391b1fcb-c3aa-4d1e-ad82-a95ef8f00826,65,44985,208,91,0
14b442a0-8ef5-42c2-95c8-eb5c8a2b480b,47,90365,142,130,1
8be6fc88-db52-405b-94e0-d140a6309495,35,39458,287,161,0
bf101a22-fdcb-4a18-9ab8-9846d3709b85,85,132717,247,143,1
b02ee978-2c43-4656-bb10-e57a3624bac5,23,121044,179,155,0
b8da529e-ab39-40fe-afd9-39758d964d1f,35,115113,263,111,1
1ef91250-2b17-4042-b99a-5681294fbdb3,90,50654,129,175,0
e3c30a28-2c61-4fa0-a9b6-27af0fd34b51,71,125485,189,94,1
a856011f-a78d-46a6-a1fd-e665ac413fcd,24,106163,237,141,0
c4327a7d-7d06-494d-a740-a7c406b0974f,73,76858,124,123,1
cf597289-1a5e-4ccf-857c-a8c6d5451f68,88,30049,248,83,1
cecb6560-08fd-4f8a-a0ae-27cb652b1517,25,93477,268,175,0
19b7f6e2-b084-48bd-9b5d-29c31b3c4e9f,48,125509,227,150,0
25b8c70b-2de8-4ea4-ba73-01017ffbd42d,52,34018,157,103,0
46b69dee-8006-4ba9-9464-8b942694cf08,27,36315,255,85,0
115e219d-aa09-4cc8-a70a-86749fb9e31d,32,75960,181,148,1
fc06c7ad-9eed-4ebb-98c0-f27c8302e6ba,30,91389,253,135,0
a988ce16-7594-4415-9e80-814b24632193,31,86930,233,85,1
6f028f79-9ee1-4760-99a2-6a8092121f5c,47,81144,136,179,0
6d6a1b40-9038-4536-8f90-56d45d218c48,51,60625,138,152,0
73892440-4ddb-408a-a6c2-476a14691313,35,37183,122,126,0
0ac828e0-1afc-48af-b8f5-3a77dccd2671,39,33748,133,104,1
7f16d775-df6c-445a-8856-4ed030d9d61a,32,41857,174,107,0
8bfd94bd-33e6-463f-a769-d08b5e830ee8,76,112849,124,125,0
cd2d4e56-c3d7-4407-af4e-9b1dc1afd3d1,33,124318,289,85,0
cd31c2fe-5acd-4e0d-b9eb-e1691ac3899b,84,82210,285,117,0
f9b43060-db59-48f1-8dbc-b8d306815711,57,39290,151,101,0
f0c3f918-8f54-41c5-895d-151f351f527a,76,79881,176,91,1
d052a1c4-fd2b-42cf-bbc7-8920f216e2b2,64,148278,254,92,1
958643ff-1555-4fd7-a44f-25e214b7b8b5,37,59998,239,114,0
7e2b792a-0b89-4a6e-8970-2324adb82a1d,61,88934,225,118,1
526fcd80-3fff-4895-a661-fa3aab3d54be,38,94540,299,115,1
2d3e559a-b089-4bb6-aabd-ae84515f570e,26,69592,233,149,1
923201da-4f73-4dbb-8b0e-7be4ad60824d,36,82563,241,132,1
7dfa596a-82b2-45fc-adce-2d9055a6032b,38,86609,210,99,0
40ac10c4-bdef-4d0b-a0e3-e45b5de4c024,27,86878,215,178,1
5f104c53-2a74-4c9f-b7a3-be2519f5ed6b,19,116122,172,153,1
420b6c05-60a0-4a25-91f0-888fa6241df3,86,99705,214,127,0
ec36ad18-8d1d-41fd-aff8-4423a23111a2,55,36408,286,84,0
61d2e84f-1bad-4cd6-be06-25f9aaa237ce,47,30758,188,172,1
e8668fc8-a0a7-4016-913f-dff9c6e60f98,85,79283,144,155,1
99abeaca-781d-42b6-bb8d-29cd61944c19,34,138924,228,126,0
ed3a0bad-303c-49bf-9dbe-d0bc74cae3fb,47,34427,262,96,1
7fc06497-83e1-4d53-b561-0a54b388bd24,79,38530,293,90,1
44982e21-d298-45f9-b5b7-21a9d7e9cf57,64,111511,218,109,1
e9a38925-5662-4f19-8a3f-87bceeb6aebf,47,84111,262,103,0
cc457286-a69d-419b-a88d-9a7b325afdbd,36,57676,165,101,0
0aa84599-eb46-4387-9eba-b02205658c02,20,54884,196,121,1
3cc19542-3469-4ea8-be8e-8b1bc1227246,24,109801,195,84,1
7860b043-d705-46dd-a5c4-eaf7a8369556,29,92854,180,112,1
4a511b1a-ca29-444c-91a7-ea066b13a513,75,106588,249,167,0
b16b0dda-c23c-47ed-959f-6f8ec833ea0a,64,63627,279,167,0
8286adf7-05fc-425c-a8bd-85d587ccdba7,49,93165,179,80,0
baea482a-36d4-4053-b6cb-c4351845532f,75,133201,144,148,0
20a45410-8577-4dad-a8a0-c609c0d707b2,29,67990,269,180,1
075dc1b8-f69d-4888-b2af-07aa915efa3b,33,77563,273,138,0
6d2cde42-24a5-4cf3-b464-47bcd9901a7e,46,49649,289,119,0
c1851b52-d394-4430-b33d-93052d735d51,84,106651,166,129,1
79d08583-94d2-401b-87bb-08c1672c4fd4,62,33901,250,101,1
2bcdc27f-7550-424a-99ea-9e0653044b22,80,59865,249,120,1
06abd4a7-7bf3-4b94-ac80-e1778f923ab6,36,115567,262,174,1
cf9e18fb-22cf-466c-976e-e462973f04a5,79,32328,265,141,1
c4113461-da7a-4757-bff7-fe5c4d2446a4,23,148691,292,123,1
707d29c4-b0aa-44a8-8b58-9a29b5e61069,34,78498,206,92,1
a8b2aa09-1e29-491d-bd8b-f1511975800e,56,77844,133,171,0
d407058b-fd9d-4176-8bfc-3afb0171afc0,21,94378,154,96,0
0acf7b60-7c73-43bf-b85e-652a2b33e41c,80,106702,280,152,1
408448e8-171a-48fc-94b9-9fdfdd11593f,81,85146,272,110,1
8bfa05f5-288a-44ab-ae87-feb139dc2d50,57,136110,122,108,0
aa3917df-0162-4de1-b74f-e4743ab0916c,40,145442,186,97,0
8678e18e-c6a9-4523-8148-374fbd03ebac,25,54042,164,117,0
d3f6308b-d1a2-438a-a0fd-1bc4120604ba,63,114821,178,148,1
f86dde46-53dc-4314-8ac7-ee9e03def3b3,57,66109,235,122,0
0764e66e-a73c-4282-a03f-6b13a55c5e6e,73,149481,212,82,0
fef7dcfc-5c7d-4cae-83de-9f10550a988c,61,60398,207,106,0
d403bb47-1d78-465e-96a5-eda034255b6e,27,65407,198,96,1
42198adb-45eb-4089-9a49-5b98e1ff5ada,26,115709,236,120,0
c08d167c-eb95-4eb0-84de-43aaf8f371bc,75,124687,243,171,0
6ecd88a6-06a0-4144-a648-302ed4ef367a,29,45430,127,177,1
b8ec85e8-1079-4eb7-8e58-a0c81c170600,86,96667,144,180,0
f0c43c73-ee27-464f-82c9-a756e4fe531b,25,71481,181,91,0
facd9050-0e9b-4b44-b6fc-b7e3f439d529,71,103411,198,129,0
8af53c07-3baf-4df0-a7fc-deeeabdd8ea7,89,96808,300,84,0
8793f2e0-8eee-4b13-b3ff-07e50dcea51b,50,148303,281,130,1
5ffdad63-a3a5-4015-ae38-0dc929e6fd78,22,142040,237,138,0
031bf3e7-2db8-48b7-9db7-da0e300d88c7,81,108479,126,158,1
9794790e-0fce-403f-9873-fd2b5541b198,31,111530,138,113,1
8fc4b395-880b-4cf9-b59a-dda12803b183,56,137858,202,83,0
34d69da4-f3e9-4ec0-9b53-87c7a8ad4076,89,52018,226,125,1
ca055171-6e03-45c1-8c84-51b27ba47714,72,117090,239,123,0
8841194f-c86e-40e3-9cde-3f85d64461cb,21,122649,145,143,1
e24eafcd-9680-4d7b-bae3-ccf02a34ed6f,77,45286,280,90,0
71f6850c-08c7-44de-be5e-76b5eea29f57,29,135758,209,141,0
84a7239a-f49d-4e7f-98cd-049bbecbc0d0,72,113931,227,120,1
68a4d25c-5d92-4742-adab-e3a459e37559,63,71656,127,154,1
e7ae354d-c9a3-4efd-86eb-474d68431447,39,88118,269,179,1
6c757135-ebc4-4871-a59b-bd3c402118b6,48,88752,218,102,0
2816793d-babe-4289-87c3-c7ac7d06e845,26,140256,160,156,1
960b6151-3ec4-4c3e-a657-5aa661cf3619,90,146310,177,92,0
9936676e-5b8f-48cc-b7fc-776f933d0270,35,126820,183,179,1
e442ebc6-89ef-41d3-a73f-8f0ae10271bd,40,108265,124,128,1
9f05b764-a82f-44cc-b496-719eeeb94169,54,42496,290,155,0
efbd1f5d-82b6-474d-a9f7-3bd1810880eb,67,139779,265,158,0
e4989b34-7fb3-4895-8ec8-8f6bc910b3c2,54,46070,280,141,0
0ad44854-8deb-4fcf-872a-86d78b8cb436,54,50017,184,118,0
7a5ff72d-c53a-46e1-95f3-cc4e559e491d,60,38353,220,156,1
c9895fdf-5ada-4c7b-9a00-d9df47a7b062,80,143730,202,128,0
f19ae960-308e-4aad-a15f-9b56c9dd43a3,46,89189,206,146,1
917d4180-5bd6-455e-851b-83f17b18d6d9,78,58316,226,141,1
30bfc649-f604-44a9-8b0f-920c627a67a1,75,39692,201,126,0
675b0b3b-47ef-4b17-8e33-0932466b303e,88,79439,259,91,0
1e821c21-4ac4-4ab3-8622-792a5f333e43,84,116842,130,109,1
026fe1dc-acb2-45fe-a213-2ff3c4284fe5,76,149348,154,174,0
0b5d6b64-e03e-45dc-a896-caf95e8d1214,36,96283,281,132,0
78ed7be3-1489-4068-a271-915874a7f90b,74,102856,279,144,1
a3c92138-5468-48d8-ace0-94f4c12c22f5,71,130307,268,106,0
7af3b859-f944-4235-87da-10c6a96fc6c6,39,138220,186,151,0
f3e3deaa-116e-456d-bab8-9a3a579bb121,67,63575,202,129,0
73042a4d-518d-4c66-b382-19cd64dcfad0,36,149028,124,102,1
05fa22d6-81b1-4cae-aec0-c5283e3dfc15,56,92297,170,94,1
a84c5655-3e1d-4143-9da5-0b21b0cbce36,76,141617,251,119,1
e0371cf3-bd05-4fab-bd2c-0644e94e14f8,31,44097,182,137,1
2debdad0-69a6-412f-ba77-53aaaadf8dfc,42,41691,206,108,1
e090f4ba-de2e-4927-b030-db360b3ffa55,76,136154,142,104,1
0cc73a53-9574-402e-9a5f-392209d557b1,51,110708,209,107,0
3f1ef85f-1fea-4822-8521-cec40bfe0634,88,51000,250,109,1
4712de54-3376-4a52-b3b7-6bc22e047e12,18,137391,223,154,0
ffbbbdf1-76bb-4cd0-bf67-33caca5029ed,70,42283,220,130,1
eeca9bd1-2afd-4f43-8007-5d2fe588810e,77,111876,285,127,1
e7a3ab7c-0953-4ade-8f61-891e3b0694d4,85,54606,162,96,0
a6964915-af12-46c5-8530-5ca37bd82800,29,38471,174,135,1
0f2af47e-9549-46d2-af1f-387075349a1b,89,126748,232,177,1
a3f15f19-ef12-4ec4-9b0b-58ba5246f4c9,46,131688,206,155,1
2ec70320-f72f-4c40-91c0-e29cdb2c939d,43,42697,297,125,0
44276c5e-fae2-4ef6-8e39-4b93de6b7146,43,41175,130,111,1
9ca79e00-07ba-4521-bfba-1514673b7dcb,64,103731,142,115,1
b15b5e31-cf72-42fe-98b6-4b106a806ff7,66,33445,181,82,0
ff78bff8-7968-4509-a340-bfb3f368126d,52,119542,202,82,0
23b12137-2f5c-43de-884d-6f2d3940b17b,23,139880,281,158,1
7f5df1cb-3a93-4942-a5d8-86b5fb7159fa,90,120130,209,165,0
094f1a3b-c098-4bf6-a3ab-fb6056ac0ea4,34,57682,199,177,0
c233d7d5-e972-40a5-8dfd-6fe302ccdcf2,24,52807,150,143,1
d948c155-705c-4bb9-b6da-be1b8a623e0f,61,111672,198,173,1
4daa21e0-195e-4f44-a77c-40b3c71f6e04,48,37394,216,122,0
7c071f13-60fb-4988-b025-5640aa15282a,62,94524,225,105,0
fd9b04dd-b223-4b89-a3dc-99b394b58733,81,83857,229,104,0
942ed401-f8a5-4634-91c5-e1f561cce521,25,119352,197,103,1
683990bc-0b58-4600-bef4-e31b7549e955,38,54298,148,155,1
b8454a12-7878-4d80-a80a-74cc0e7a6352,55,121479,147,81,0
d032d3e7-4a17-45e3-bbff-65957a8f44ee,75,113913,148,175,1
fe135a33-1d24-4679-9c09-78c33ac71854,61,58645,231,158,1
5db13062-c36d-4ed1-844e-af1f5d8f4fe4,45,72803,274,118,0
9181b1c1-2516-4c68-8b6d-5362c05e8d76,62,37921,279,150,1
a839868d-523c-46e3-a8ea-dbc993adde77,89,83922,176,93,0
4a888aa4-6033-420d-808b-262f44068c6c,53,61272,134,123,1
9f545251-f7ca-418a-9a12-c18ca404789e,82,43618,234,91,0
ebe6fd47-ab1c-4f07-937f-3535e372c5b7,74,97190,126,91,1
7a148a78-5064-4947-ab04-f9be850af662,39,98106,233,80,1
0e5d04a4-937f-4866-a72d-3036e9e77f33,36,40313,189,160,1
c46e84fe-2f9e-487e-918b-367d1bef890d,74,52263,271,155,1
b280c6d4-1f0f-4025-959b-df5a1b55dcb4,33,39912,233,170,1
353d6df4-34d0-4439-bc2e-e2578991094d,42,111478,253,179,0
04b550b5-b7b6-4808-a366-434b2846a651,35,70564,193,177,0
45baded3-a9c7-4f0f-b5f7-74a0760f3e06,62,38540,272,180,1
4fc32f22-4cc6-4433-b4cc-44a49f588079,39,52984,215,81,0
550a837c-433a-4fad-ab47-e364f1d934e2,66,147108,233,159,1
914b4dfb-664b-421a-9b2e-4603491dd0b6,86,60690,185,153,1
560701e0-e856-4dd8-8ace-f339dc7124de,78,112143,201,96,1
92063de4-4141-4ef7-a529-fb198728841d,87,86212,272,93,0
4b8cbe6b-4e23-46ad-8ab4-82fb6dcc7f19,19,51807,191,178,0
6ce85038-0177-4320-a8d4-24f3234294e4,51,66886,123,169,0
375b84e8-36a5-4805-b5bd-cd1e352a0bfd,34,31691,188,113,1
3f495eb0-c93e-4718-ba8a-497fd7657d7e,85,119639,190,87,1
380e0826-1db6-45b7-a2b6-ba537b62472b,69,70135,195,113,1
e22f5a66-2690-4430-a6ea-5fac5dd84c95,41,89909,132,80,0
2d021252-30fe-4c31-b4c9-39c0801f7f55,59,48337,143,149,0
97c1f291-39dc-4af6-a11c-7bf4cb6fb043,62,128906,178,118,0
7fb650e8-e55f-416a-881b-da8f0eb73777,54,56209,196,84,0
cb9d8b53-8835-4146-8243-04116ddc3177,52,97954,125,178,1
a461e69f-1722-4fca-8d60-d346030a7bfb,22,134730,190,163,0
e5f7811f-3904-4287-8ac1-8247ac0b29dd,51,115584,177,171,1
9032e2ad-6fda-4132-9496-0221e0d15da7,43,102385,126,180,0
6ac85332-66f4-468b-980e-f006b889eacb,77,136565,165,81,1
246a636a-2620-4263-a1c3-bb4bab04bf06,81,51175,169,158,1
39aef152-242b-4295-adbf-3aa9ca2f4ed9,72,145627,145,159,0
4edee0a6-3108-40d3-905c-a6097346fbe1,20,96799,256,158,1
7f262452-b167-4b20-b75c-a92d31d717bc,79,79183,133,106,0
f3f91ae1-4e87-46d6-9205-1490ff0f156d,46,60693,224,119,0
6e1a560b-2ce8-487f-9608-463fbc70b440,48,119391,240,173,0
a95c3fce-a911-40f3-a7d5-fa5a883820af,86,147145,265,86,1
9464400f-53fb-49e1-baf3-332f2f8b9609,81,112814,218,144,1
d64812df-b1b9-4ee6-84a7-99cd37c44f0f,21,33930,218,160,0
77647de3-758b-48de-a43c-f0f6aab6c88f,44,86290,257,160,0
faf25c2a-b27f-4edc-8fa6-b2a2f7098615,72,117878,274,140,1
3b1e3343-30b9-4341-a681-9e355ec852a9,57,77692,158,157,1
427c59ff-2975-45f3-acd7-837f09f4f5a0,36,122760,264,171,0
dd97965b-6144-447c-90fd-aebe8284695d,56,114875,203,157,0
a7392eaa-f2d2-460d-a8f6-78a9a6a878cb,81,38059,137,91,1
5fe4ec70-9cf3-4d54-a299-b5f7fd8c53f8,34,96956,230,104,1
fa45acaf-c257-4464-a904-018e40ebff91,72,50624,296,110,1
9a07c84a-49fb-47cf-9d01-bdaae1f64b1f,71,88382,145,114,0
a009149c-b086-4cc9-9ba0-e1e7e61cf66c,82,76117,122,116,1
f2c912a2-e797-4a4c-8cf1-dfb82432cb98,39,126828,285,102,0
7eeddd77-c486-4909-b337-784a8ed3511e,33,134179,228,149,1
6c5488cc-1561-4d1b-8bac-b682db91f8d3,57,85376,159,91,1
72dae667-0d4d-4ec9-baaf-3bd2e469dce9,56,94440,263,159,0
fa2c3b92-aceb-4f45-ad46-e693006427e8,47,105131,191,146,0
0bb34596-2c70-4ddf-a0a1-ca19f31f14b6,74,108637,180,177,1
5d06eabc-40cb-45f8-9fbd-2ff4e5e7d472,76,106244,172,80,0
74320e38-d5ce-4c0a-908a-6e226a868796,35,123962,228,109,1
067c7db6-f7e8-4d48-a5a2-dfa24b079bf1,76,147838,144,170,0
7bd40099-25d6-478b-8a0a-41443cdaf9a3,34,129375,185,129,0
064bdeef-a257-4679-be5d-6cc8abc47271,47,46165,175,136,1
93c5f333-4b65-457b-ba17-4e3dad8e04ea,19,87154,130,82,1
96e3838e-7894-4311-83a9-3bfa2fe453e6,42,85355,258,156,0
35eedc50-4013-422c-b2d3-39b7212a95d6,87,91055,121,105,0
7cdef059-50cb-4127-a94a-beb6f9282f5e,50,93416,293,177,1
4c6b8d40-1462-46cf-ad70-277c2a50d2ed,69,116161,137,117,0
af8fe10c-a02a-4ad9-83c9-375286f802bb,25,80522,184,99,0
923fc699-380f-4c49-9c26-8b6865a52a16,64,61601,137,139,1
9eec8172-3ac7-488e-90fb-426d5d1df5ad,45,84911,186,128,1
58d0ecd7-1502-4e08-82dd-2c1679d9db37,72,132539,230,127,0
285b0ade-244f-4544-bc10-9d7ec6d73fa6,85,67372,135,175,0
4ff95b8f-8628-4868-9e38-d149b58f840c,56,32494,215,116,0
b92cfd91-4062-44e8-bfa9-3e8acab9148e,25,147155,259,120,1
b1669f7b-83ca-48a8-b2f2-2c74c8945ba2,52,53492,202,143,0
4369d2d3-7bed-4ea6-acfa-7961a4aa6395,26,102341,140,97,1
92e841a1-1d93-42c3-8423-c58022d0d9f8,50,126024,245,163,1
47ac02ab-26ed-49ce-b89a-e93283a0545f,22,62936,153,103,0
3fa771f9-4110-4b6a-9d24-558d0be3ef08,64,70831,123,104,1
ef126cbb-05fd-4ffd-a6be-252100546a1c,40,63659,199,81,0
dc278d41-cd93-4059-92ca-f69119b1db51,32,47980,169,114,0
d3b4a599-d93b-4468-8ae8-c56ee7e3a24d,19,48353,125,138,1
859563b4-d1a2-4948-8681-9185ed39cc5f,82,52410,260,151,1
88a8b29d-2c41-4c9b-8153-df1103276cd6,79,84966,228,170,1
c3da4626-5295-4a32-8413-69f7481803b3,77,93691,284,158,1
815f0626-79fa-46ec-a937-8bfb4e3e87ad,22,31918,206,112,0
2815b1ba-433b-411f-bd7c-a7ed8c662840,43,131542,199,163,1
e8fb2182-d3a6-4c32-9a99-ce127b885870,88,111110,272,99,1
7564f44e-23ff-4461-8226-830b500c5b11,60,38478,134,101,1
08c57635-1450-40c9-882a-fae40de7cf46,27,131126,185,116,0
4b34dab5-6166-42da-89c7-dc58438fe978,28,33657,264,134,1
be1267a8-c570-4350-b973-543cb51613c3,37,97263,172,100,0
3c5d610e-0454-4b57-b6f6-14713ba7c708,88,85820,280,170,0
24e0efae-074c-40bd-8d1c-9395c5726c27,30,90257,171,107,0
4825f112-2f5f-492e-862c-869dc5631a8b,83,144743,194,119,0
a05f87a6-129a-4b30-913d-cdf65d74a6d5,67,141248,282,141,0
449a88d8-1b9e-45d5-8101-0e5eb24ee5a7,85,63481,164,123,1
5ce7a898-dfd2-4625-acee-f971dd657766,78,99560,295,120,1
fffcedf1-b82b-4525-9dcf-d87748e2045e,42,145101,127,179,0
6688c1b8-fbf9-4dda-b904-59af8f016717,78,117463,168,124,1
bdfd40be-daeb-4413-9d18-7458fb74760e,30,136522,226,91,0
e2d44592-a2e8-4002-9f41-01ebbedbd631,39,82179,227,153,0
75bae73e-f6f5-44a3-a0be-2643ce36a168,33,63976,284,151,0
88daba35-99f2-42d3-8371-828e397e4ebf,27,91279,293,102,1
d01d4281-8ef3-4f37-a165-70b8294e1c1c,24,128034,242,165,0
5fc0df8d-c977-4d30-a028-5743f75661cc,31,141458,239,119,0
48aa47b4-47fe-4e66-aeb7-31b1060b0884,26,112304,177,95,1
587752c8-6fea-46bf-b8c0-44f7e13fa17e,45,114783,265,97,1
c058f5ed-45ea-43fc-8685-f7c0e5f211d6,23,91419,236,152,0
b35309bb-d317-488e-a8bf-21278c37cd61,22,68352,124,101,0
c416c857-cb4d-4493-9c56-70b147079f60,90,80750,270,127,1
4612ce8c-ab0c-4729-a7c5-3f1146cc0a2d,24,89725,185,154,0
304c7225-09d5-4b02-8401-f0617b58f133,23,127861,206,166,1
d2462c77-abdc-4912-9ccc-e4caf074f607,20,96642,207,129,1
83601ff4-8212-485b-83ce-cdc08dfe0b45,27,125170,268,171,0
0d68e99a-fda2-4fc8-a517-0ebc18fec316,56,33283,168,110,1
28892ca1-97e5-42c6-a5e6-dd4bce4e0d61,78,120833,190,168,0
5721a521-c05c-4e8c-be26-4669047ebd77,71,90848,127,105,1
d21a25b4-f8fd-46dd-afa8-0f2217b032c0,60,149791,183,86,0
e02b8182-9802-475a-ad04-e4a0c65584b4,24,86607,135,153,0
3280810e-8b53-4190-80d4-4f116f878b9e,74,87421,225,156,1
c27a7c3e-ad1f-44e9-abff-8b93c03ac705,20,45296,281,173,0
9289cd7e-48e5-4c9d-baae-6b598a19cbc0,64,126831,204,173,0
f4ba1e3e-3829-4b10-be73-020dd5364774,47,114183,285,90,1
a722293c-7681-4225-b039-a600c82c2166,82,133498,296,142,1
25c0bb79-f80f-4b87-a6ff-78ee08c06675,40,41129,129,151,0
28ad3bff-1e44-4e43-915f-9ac833c5a7b1,64,55392,213,140,0
1edb103e-d8cb-4664-87dc-fd2248ac505c,50,135238,215,81,1
b7662373-a705-4325-9eff-397a2fcae175,56,35048,189,84,0
84269aa9-b475-47e0-82d6-ff62f159b3a2,86,90985,270,147,1
2346cb20-ab21-4d1b-8eed-395dcb2c74ff,70,78570,191,166,0
5ff7116e-43d2-4186-99d0-3fee1ad830bb,48,142731,129,98,1
d3111846-1ad2-45c9-aa7f-d44b80f0462f,50,132809,219,84,0
0cbb150b-10b5-4634-9174-4c9e99726e25,69,137606,156,120,1
eb8a8c5a-5ebe-4d8c-9711-771c42ec3663,43,64692,184,111,0
352a27e9-4ce6-40b4-be9d-d62893aab2b1,30,100501,210,179,0
328b9c08-614f-4032-a4e0-9bb468ae6b33,52,114001,250,173,1
b8f003ad-4ebc-468c-938f-fc77a86b7222,22,146097,170,136,1
d4328ed1-3218-4ed5-a0b9-ec01eb18dcde,30,30881,188,175,0
608d9e85-d0da-4ded-837a-9fa890c0eda3,48,147244,132,103,0
1a15fae6-e18e-4dec-9d2d-2636d4b1b48e,76,72644,189,180,1
0a912326-13e3-4d11-a1cf-a7710f5bb833,75,45393,225,125,1
0cf3a2cc-897e-4fef-bb9e-96b3b9f95cb1,37,103862,231,128,1
84014472-d568-4e1e-b556-979de08c0f20,48,123785,173,85,0
15be6f11-65f0-43a2-80ac-4b0fca244f44,29,45570,131,97,1
8746f06d-7bf4-40f8-90ee-446f67d8cbf2,73,34892,224,99,0
72169447-c176-40b7-83dd-38f5c2405345,35,137593,238,129,1
50611679-80df-4565-9527-b7fcd8a4e562,76,142045,135,99,0
bf13cfeb-855e-48fe-937f-ed960ae3c807,79,48753,211,90,0
811ea3ce-3708-42a9-bc9b-1b959adb4ec5,68,138488,137,141,0
1e53be33-957d-4077-80f9-2a05e9e4164e,42,139176,201,168,1
5fca94df-149b-4084-aac3-66822b44394e,87,149692,235,87,1
18b4da17-36fc-4859-b4fd-d531d7e52e05,68,55966,250,136,0
b5a8e474-02ce-4f68-aed4-f802c24fe166,65,99454,249,176,0
fe2ed977-9963-449f-b224-2c9b58112a7c,80,149314,257,120,1
ddbf8a24-d8d0-4db6-8448-91843459b16f,82,138318,163,98,0
932769cd-d823-49a8-92e3-e303eb146d94,23,102570,273,88,0
9055eff0-d1ae-4737-aae1-ffc6d7bec619,82,53654,183,174,0
355a05cd-e828-42ad-98d6-4e2a43421a53,73,40121,187,120,1
cd1afbb7-b0c9-4da8-8492-6a08b9bd181e,33,61100,262,90,1
7f05c3d5-bc65-4cf0-9ab6-3ea90566b10d,40,37833,179,167,1
103b7672-28fa-4238-a602-972eeb2332eb,72,53431,133,161,1
6e226a46-6f59-4cff-8c11-dc9cb18d06b9,33,38990,249,151,1
7b8428d6-892c-4896-a22c-977dac43834c,51,121468,239,88,1
c78ddb7c-7be8-4cd5-ae27-49e112cbb67b,68,100787,225,88,0
8379f97b-909a-4447-b3ec-aa25fb3c819c,65,92146,145,102,0
42bc5a73-9bc4-4b28-9171-80e8f45f83bc,84,127150,234,96,1
c5cd7711-0d4b-4f1d-857d-0ca6fada4b8d,26,79298,155,133,1
b8ab45ba-57d9-4a87-8df1-d442ce20d94b,39,78355,220,119,1
1d84f621-a22b-469a-9226-c0ea56d9c199,89,54831,211,157,0
80266a2a-2e44-411d-a868-517bf2489b4c,59,83380,259,90,0
98f50612-b19d-4d33-93f4-885b05b2ff41,36,50942,296,153,0
80106cfa-2df7-47fa-b887-4d55d998b347,39,100715,154,174,0
cef17b44-164f-487e-91c0-006628b6602d,42,149696,140,93,1
d4cc9ff3-1bf8-4945-9cda-505cca7a1875,58,93965,220,145,0
9de3763b-1fb8-43e5-abfd-203037f82e78,38,65884,292,131,0
c29e8d78-bda4-48ac-84e4-69a9dfc4151f,63,112568,148,89,0
7f1fdfa2-fb48-4ea7-9a67-2a5e79e019d0,50,128401,208,109,0
0c5ca332-d8c3-41af-8d38-1831d36b112a,62,86614,193,159,1
aa0ac0f0-3c9d-40fa-b179-c5bd165f4472,29,60039,177,167,1
55cdcc10-84f0-4aa0-9265-550fc6a381f2,63,115663,240,117,0
38992965-9e4a-4379-9879-f151b5c83f7c,85,52472,173,90,1
ac8f82d9-1d44-4859-a082-ee0de1d6aedf,27,149678,209,104,1
63ad34a1-4a65-4381-8c0f-3e38055d8005,41,68137,273,165,1
9a9549d0-8ce5-4462-a39a-7ba0775a79ce,68,72036,188,137,1
53fe6513-b999-457a-a841-29a3c2b48b46,63,117232,123,123,1
aca7980d-da3b-41e5-9c27-c7a963f15be1,67,31465,280,81,1
5202ddaa-65ac-4630-9d98-cfc01b5e9fe4,58,54344,169,159,0
b7b3f737-6f3b-4508-a8be-520bd3c460ef,67,45075,259,127,1
805b360b-1ac2-45b5-8a6f-da47acadb763,62,76927,258,135,1
df8736b5-6479-40eb-b377-685a54a0ac23,23,96422,215,165,1
684aa397-da9c-47d2-9c74-b1cbdfa117da,72,51553,135,136,0
6708ab9e-6a1d-4db1-898d-c446a867c5fa,50,71311,291,173,1
03193977-8a34-4574-b094-fbcfaaf2f186,21,122664,243,136,1
f85faf25-46ec-48e2-ab76-4b600d816201,47,142798,196,114,0
ac373102-3edd-45c6-b147-2191fbf58bbf,49,31713,274,173,1
7fcde90a-b6fd-492f-b734-f4f4454a819e,24,105294,262,144,1
64c87934-3c8c-4534-afb7-28039123a67a,90,33082,257,156,1
c4e3133d-bfc8-4547-9c97-b62aafd5cc54,34,92443,150,102,1
ab30d928-dd5a-4d41-9168-cfbad915fdc1,42,135537,234,147,1
195366ea-41c6-46d2-8adb-ad391c14f311,50,125765,171,136,0
e7d9407b-dc07-4bcb-ba10-dd21438e2f77,78,57926,134,90,1
99693a38-eb5f-4b6a-9220-a7517e87311d,72,61031,181,105,1
b4771a17-3dbf-43dc-9fee-bde2f1b72c70,74,124022,138,172,0
3a1da4d7-cd3a-4c25-b2d6-21558493edca,35,128369,139,137,1
3f9c1eef-0bbe-4f9b-a4d3-26cdb3959e51,79,63709,251,158,0
394cdb48-0647-4a74-b3d0-98190f047f5d,78,30367,210,97,0
e9bd53b0-1186-4b7c-8199-bc61c6eeffbb,51,83335,192,102,1
cb74858d-4383-4f76-8a1c-0735048d980a,57,104361,154,175,1
50b67361-6919-48db-a212-8e118570e789,20,83250,259,122,0
7a1f3cf7-4297-41db-9d22-98dfc8ed49af,73,142171,234,169,1
df8c59c3-94d7-4808-915c-c32f5268ea83,88,127632,225,161,0
599599b3-4c22-4ec3-a98d-df879f6611fb,52,124543,154,114,0
62819b8d-bd2a-4e82-9c15-6be43c55e4d4,57,32434,142,175,1
85e763b5-bbf4-4b72-acba-31c1abc40325,54,132436,142,158,0
d603fb94-e808-4dd6-9c69-97b57fe23e53,24,120630,124,92,1
172cfe8f-4d37-427f-bd04-9e36ba5629ba,63,77634,295,89,0
b6dd1a94-ce28-4476-9e80-482a63365074,70,100746,186,92,0
72472791-4418-4bfb-a337-a0d056ecaa61,85,128909,239,154,1
6083ae7c-4a00-4c99-8c0d-23068883380e,85,138747,297,94,0
d67eab56-2460-4553-a69a-a7e134918684,53,96100,289,108,0
a03532f0-5d6a-4591-a34f-11a9879abf4e,88,34961,178,123,0
4a43fe82-fac0-4b72-997d-886203cce147,56,104225,208,93,1
37149592-7fda-47a2-a895-edb5ca08cf6b,64,111602,203,113,0
10bb935c-558c-463f-9d1e-719258a4c3ce,61,37069,126,148,1
16b7abe2-8a32-4690-bd25-252a050f2e63,90,128078,259,178,0
046fc459-f940-413e-bf04-c70784c7f5a2,71,54186,223,127,1
e9eed51f-4053-430e-bf54-d0c19628df43,26,136856,187,155,1
c423faa1-7b9e-4892-b463-b1cfcea735ae,23,96116,221,133,0
97650ed5-fd63-444f-a2f8-6f432d071ac4,47,68655,253,127,1
3cfe6898-abff-4b37-83d3-71ce386419f7,55,37056,122,132,0
86e1cd9c-88aa-4bb1-b59d-716a243b540b,66,32143,236,176,1
c3329747-21a0-424d-baea-c2f4e6345dbd,53,118974,275,86,0
b973b79e-e02c-4df1-b101-2d0bd583a6e8,55,75259,251,131,1
4bce006c-3c13-44d0-ab29-27f7424ba117,85,130807,232,85,0
3db09d77-d9bb-465b-ad1f-38fdaf1f6a27,42,57663,136,168,1
5a8f5770-f6b4-4907-b820-8f66d18a3ec9,54,140444,254,140,0
ffa5f3e1-1a86-4840-8949-d77548f3a0bb,58,142990,255,84,0
d00114b0-9d41-4723-91f3-ecd85bd20763,52,42212,209,143,0
3b4fc210-f15f-4b7a-b515-ec56263fe3ad,88,107632,225,124,1
bdb04a6a-f8bb-45ca-b9b3-224fde33617b,88,142767,231,84,0
967b90df-5d67-40c5-b911-93ed0e68b28b,55,68771,141,178,1
63f6b31b-e1b9-4553-b455-984f9c2cec24,50,38114,166,118,1
f0394454-7b8a-4c2b-8cd7-ddb31dddad8f,60,135058,263,82,0
cfb05caa-508e-4e40-9fab-c05bc07b34b4,31,86887,296,141,0
66e00880-0962-4e2d-a135-5a67dff1f626,49,33248,168,117,0
1fd381a8-9066-4b41-a9e4-ff41b00d0327,33,130830,192,146,0
74f3aa2e-a97e-435e-877e-d5e32fe4a4cf,28,111463,285,96,1
423ac931-d1ed-424c-8ca3-6bd7e75ba911,24,38437,149,163,1
44cc3ef0-ffdd-4719-9926-b6d159d3a016,60,61041,167,122,1
16366f75-bc81-406f-b8f0-def229b0b421,18,32187,130,122,1
d5c2376f-a410-49d6-9486-4e7123d14dbd,65,144585,162,161,1
f98be059-70aa-4803-a1ef-5744d27f20f3,49,32993,235,135,1
9ff0ce97-f703-47e4-857b-284909b6aefe,44,125503,183,80,0
ab105d78-f930-4cce-9c18-5872f73aa5c1,74,91352,297,138,1
c528f794-caf7-44a0-934d-b95ccc24374e,57,99928,281,145,1
3655e370-8619-4b13-a82e-64d79ad2c801,71,127392,282,111,0
abe69dda-ef33-419e-ab78-f2575ef68295,69,137396,251,98,1
6e8d444f-7866-469e-b669-ddf53c8c6429,20,45291,247,85,1
def08b82-fb99-45f7-aff0-c3db1bbb3fcf,33,32145,212,165,0
5845c5c6-84dd-40ed-9261-f3fc90e28a7b,59,44953,299,80,1
270c56bc-2faf-4139-966c-74257806b358,89,111901,137,138,1
5415b0ab-b841-47af-ad8b-d1b6e532350d,29,98226,250,164,1
c0f243a4-dfe5-4687-95ee-28c54db0a96e,25,40066,145,115,1
2c71978a-d571-41e2-9721-e7965402b151,86,58115,181,100,1
7ffb294f-1dc1-495f-a817-e45674a6c0c0,88,94469,166,152,0
f0b6b099-41f9-4aba-8e14-f71f44809ae5,30,117626,228,143,0
160850b9-8856-4921-b219-8affa9578f38,47,71209,262,81,1
d2731178-c19f-4233-8753-f0972df54c6f,63,143957,134,138,0
d64ee4b6-5777-400d-a052-9ba7c9e1a28e,32,149070,228,80,1
666785bb-a281-4062-bccd-586b3e2f72b2,41,121924,160,120,1
c7a9ed8a-e26d-403f-aea6-64f28dd88ed3,46,84512,133,110,0
b76300fd-36d4-49a2-a123-05ab17f1eb7c,64,135261,195,164,1
86a617ac-1a35-4173-ada0-dcd0793e530f,40,117348,225,178,0
b1abcde6-e9c6-47dc-8525-336872a3909b,48,92350,156,150,0
ed77fa09-4e4e-4395-ab48-b78e979fc510,39,83254,190,154,0
ee463134-a89e-40cb-bdd2-d7a2daa615cf,73,129879,292,82,0
2eebfd1a-c41b-4c2a-974d-3b8f0bba1a47,29,96849,182,86,1
461df8d1-0a09-4e7a-bcf2-6986f254b680,34,51948,300,158,0
e194c3da-4083-4e5d-a1e6-3f0ae4bf63d2,36,149978,270,123,0
8e4adb38-f878-4fec-992b-bba1dba4679c,84,38201,187,131,0
1b864e6f-b89f-4427-aabd-06ad1e7d51ab,86,113402,224,149,0
5e5306c7-b65f-493e-a1fd-64bcce63ee9a,54,108715,248,115,0
d8879751-094d-4f0c-8005-2e8a239c0b4a,29,100340,204,148,1
5191c1a0-ea6b-4271-a2b1-ae78601c61e7,73,36234,193,153,1
921bfacc-d5b6-4356-909d-f6348d2d0edc,53,89112,179,104,0
d2ed3f14-78f8-4413-af47-a330f4984b22,80,137098,145,149,0
c3ba1a78-dfb3-45be-945f-914c3a1d4809,44,58744,124,97,0
49c7f388-bebe-4680-88df-da5868f16011,90,112987,180,111,0
ac19baa5-2ae8-4886-8cea-8ff08339b206,76,133051,264,158,1
0940243a-5fb0-481c-bb07-2a439df36888,34,144265,162,179,0
f304a2e9-ae00-4423-8432-8ed20f54285d,70,91937,152,86,0
3dd2a42d-ec59-4fe3-b4b0-cf79872268b4,38,67666,179,145,1
94fc9d4c-82ae-4780-8787-08bb8d5b1591,43,113954,228,137,0
8efd415d-3565-4bf7-9616-2ddec0964373,36,88339,158,141,1
88ebf722-7bfd-48bc-a0c6-6f52f5de6e0d,67,105251,159,159,1
a7f785cf-383b-4f1f-85eb-92257a1c9aca,37,119003,140,87,1
6ae0899c-2483-4469-a616-aa7b9cfe0253,64,115234,180,154,0
b56dfcd5-eb28-43c4-b645-898a9c3e6cbc,60,59133,159,108,1
20066640-bcb3-4586-bba3-8b023456cdc9,72,120696,270,95,1
e9971bc7-1dee-4c13-9077-daa84972a1d2,90,95022,283,125,1
765fb067-ae77-4465-a7ef-24a337e5242e,18,141692,187,82,0
2f12cf5a-042e-406c-80e1-b4bca423acb5,90,109136,135,143,1
a0e1d41b-82ee-4b28-877a-0a36186844ab,25,137017,135,137,1
9719cae7-4935-42ab-a2b1-d5760301bf35,56,147458,178,131,1
d2ffa9e5-c1d3-4fd9-a12f-41fc4c977841,42,149341,203,83,1
124a32d5-6b8c-4a65-96a3-59a837ea0581,64,119365,215,157,0
7bfb6a52-e28c-476b-a55b-5bb684e58244,70,101676,175,83,1
fe10bf68-d56f-4966-89ab-05399dfc6f40,80,44175,184,106,1
1c3c34a6-11a1-4287-89ec-8dd2b5e49ce5,47,76335,171,119,1
2295d6cc-471a-4564-bea4-867cd0ed6508,86,87040,213,150,0
7211123e-cebb-4757-97e2-45b4b7deb7de,41,123663,246,121,1
5761e1d4-ceaf-42c1-96bd-62ce2019e82e,32,100653,127,162,1
485c2f48-aba0-4dbe-a0ce-23fa88dcd08e,45,82696,206,174,1
4284abdc-c6d7-47da-a1f2-06dc88a9e884,56,47594,237,157,0
ae84cc41-7918-405d-a268-033dccb0eb58,66,115897,241,83,1
50599c0d-f25c-4bcc-85d1-c848580b898c,78,81836,221,157,0
fa3e05a6-67da-414e-923f-af0cfaf18435,34,34337,215,100,1
f809ed4a-8984-4542-ab0d-02653361ee1b,40,64080,243,169,0
bd793804-eada-4f7e-9018-086e68842cbe,86,135536,188,178,0
740b0250-8e91-4b0e-90b7-183726f7cd86,50,44259,222,88,1
97f4cb91-f00d-428e-bb7f-22e3943a539d,35,78737,177,89,1
3139d8a4-c59c-4b4f-bcfb-da86b8b5a9c0,89,91445,199,150,1
1c0e586b-fe09-40c6-a5f0-9f01d42a926c,50,40049,142,94,0
a35babfd-216a-4ca6-99ba-93e51ee41edc,89,49876,183,177,0
b4ae6034-67db-482f-bb90-a23755213066,85,142833,145,134,1
c14d3a93-a317-47cb-8a35-2fdc3d024ee1,84,100865,160,137,1
392235d7-7c5e-4375-9bbb-29eafc110a71,60,55241,195,166,1
a6ac595f-e096-4647-a97c-5be01a8ba34b,76,50363,210,101,0
3d141534-0706-4fa0-aaa7-d79380aeeb56,88,81088,290,136,1
f4e6d2e8-c419-4349-86aa-ade44e421581,37,116832,124,180,1
f1374023-1eaa-4ac5-a896-3249f47a0d9b,20,117648,282,82,0
b43e28b4-ce76-4c91-9ca7-55b081b5090b,41,53429,179,97,0
9c6ad606-adb2-4e2a-baf4-421e9973d653,64,117075,251,94,0
f8b43ed6-9fab-4c6f-8192-482956a0efde,57,137555,242,113,0
a1744341-6506-435c-85cc-ebf1732ae0ff,23,57160,295,93,1
2dd7536f-1df7-4d42-a2dd-1628ae670acd,58,33145,139,97,1
25369102-fe0f-43df-ba4c-b8b84e20a384,30,145067,295,166,0
79c7ab80-2f4e-4523-8efe-7c365f1c063c,54,92640,131,126,1
ff87bcc9-500f-4b9f-97e8-b9022ceadf09,60,123175,278,116,1
ecbfc168-b39c-4f8f-89a1-1d50f96d1dde,64,68412,238,122,1
a506d250-8b01-43e2-9016-53de124d7221,48,65900,207,178,0
ca58c4a8-6a39-4ac4-8ee6-490aa318694a,47,57009,191,129,1
ccbb5641-50dd-45aa-8aee-0d73d0b51187,67,56042,136,127,1
540640f5-112e-43e5-b753-bb465502b3d8,72,86592,265,173,1
bded2e4a-ca3f-4b02-a526-107708d2f170,76,42694,251,83,1
5aca8494-f590-425e-b736-1f40f5af72cd,42,131043,289,128,0
bb2e5c5a-826e-46c5-a234-a7e69dd989f7,48,91347,252,155,1
0b7cb0ad-ec59-440c-91db-e28b9343c5d9,42,139834,293,131,0
8a08acd9-49c2-4e07-9adc-5a4c15188bb1,56,90263,280,167,1
51959fa9-70e1-463c-aaaa-f7a3d842542e,27,66390,197,169,1
c7866bc8-bb9a-4612-88f0-3f5411858723,49,91790,247,113,1
19c65da5-4225-4266-b0c1-775d063860e0,31,48509,167,162,0
1e5c6f89-9c29-4a81-9231-a405b65db600,56,128891,263,104,0
66b24220-1da6-43eb-beb0-f69c51c268c4,80,116417,230,104,1
c5d51351-9d2f-4288-b8f2-2f059dc521ec,89,47658,199,178,0
6a74b63c-8866-4efc-a291-27e04eec2cf5,50,99840,233,81,0
fb1e6994-d33b-4395-a043-dd17f5735ab9,22,94559,170,115,0
e9f38852-6b95-4a57-8c49-08d39ef89923,34,54122,232,143,0
e34a70d8-0af2-417a-9ed7-626be1bb3f26,25,44650,205,121,0
1214bb80-757e-4af8-a7c4-9d68a510d7ad,73,121236,178,165,0
7aee35d0-9a79-4886-8eb2-635d713998e8,89,61685,296,105,0
148d10f1-911e-44d4-bcbf-f5ca748854c5,58,92272,131,135,1
01355075-38d4-4a6a-8baf-e2d9ada4409f,30,59725,257,92,1
07d8b174-b1a7-4044-b251-3ddf4bbbefcb,19,108408,158,101,1
0194b8b6-8c97-468f-b2e1-e7716bf45274,89,35878,160,97,1
bbe1ebf6-f7fd-47f7-91c0-89862beae14b,41,73121,147,154,0
0bb7107a-372c-440c-95b8-e3bd766202f8,26,95647,138,100,1
f1b48e62-2623-4fd6-806b-7854e0fe7335,30,82692,142,147,0
edb9683f-afa3-4e4b-b196-ee48ccce17c8,36,103487,270,114,0
0470f82e-e4c7-4885-8e91-c2735b358d97,65,51641,287,137,0
a3e2b12c-f367-4b64-9054-3ac93093ee4d,83,83016,225,168,1
3a68bdf4-708b-440d-ad03-0cf80221c2a1,38,120782,122,167,0
fdafa2b9-3441-4215-a415-8d1b88da3281,68,70032,276,81,1
2ed2daed-d722-4483-b65f-f1086ce6a601,22,48841,228,159,0
a5b4da91-9121-44b0-8331-b8d62d613fa7,18,131730,214,176,1
77003607-c1cb-4ffd-a499-badc9e447bf5,22,123397,291,147,1
6651b12f-7e3d-4daf-8d4c-f7310b2b483a,85,111650,194,98,1
d16132b2-cf5c-49bd-8ed0-28c189bb464e,60,125761,185,147,0
67946bbe-1ec0-490b-930e-cb8838f4e259,76,123459,261,144,1
57db7a2c-499e-4354-8ab6-47a6ab90ceb4,19,119592,215,146,0
7f1231b6-54b2-4577-91bd-50b2fa70ea38,19,91132,249,123,0
60a1d773-1db7-4509-9899-ad1b48eb3c04,79,32330,245,133,0
a726b2f9-46c8-40ee-a0b0-517ceeab3cf3,25,101649,271,145,0
8cf25c4c-6144-41ea-957f-e0e0170fc5c7,29,62776,177,126,0
f7a4d2b2-154c-4248-9bfd-0813b995661a,55,122796,133,158,1
57b5f73b-e186-4cea-9c14-ff0aa5013fb6,62,86200,206,151,0
11b4f638-8495-437c-a688-c6783b51624a,34,138634,237,110,0
0653c748-e7d1-4538-a005-50ea5496b385,50,101465,267,141,1
95d15387-3e7c-4c34-953c-5ed13fa0ca4e,67,96064,168,156,0
3a70700a-36db-4e7b-8d83-c2bb0ca958e9,50,140307,254,129,1
7e99ea00-ab70-40d3-b111-6c93bd76cbfe,45,87008,270,152,1
4d9e7f17-6cd4-4b81-a98b-d7005b970e46,23,75073,266,92,1
e988c3ae-a34c-4992-a25d-e46edd8fd13a,50,74582,266,119,0
e1a4edd2-d2e4-4162-b6d9-18142060615f,76,135003,298,150,0
cacc2feb-6a19-431d-b28a-f8cf3614b505,63,120753,239,170,0
7ac33e90-d5bd-47e2-b4d0-eab3b53a3190,83,49611,187,145,1
27228959-4aae-4bbe-bd91-0fbd10d3dfb0,27,89099,199,147,0
d31d4f74-d91d-4d47-a90d-35a817214f59,18,74554,255,114,1
16744e33-41df-4ee9-afc3-d2536aa25876,58,107604,162,150,0
116ba287-309e-4677-b7fe-5855191dd5c5,31,36273,229,115,1
fa18684d-e46a-4b43-8e46-66ce53adee5b,61,115695,223,85,0
7d551cf5-e34f-4745-9b50-c1c1ad6f04b4,83,119099,240,104,1
b0f40a66-829a-4154-9000-c8460ca4cf32,42,57190,196,141,0
d0b53fdc-b103-46f5-b4c6-862e07a0000b,58,48078,253,177,0
1a903628-1e1d-419c-afe2-8d5af4f13431,67,105304,132,130,0
8a0058ef-7cc7-4899-b86d-cf6bd1b53f6b,28,60842,255,166,1
ac666122-626e-40d1-9349-c3afde254c7d,83,142990,266,158,1
dce3a73b-07b6-4713-886c-70cbad24bf73,32,123028,280,136,1
80f22d54-7e4c-469e-a2ce-22ddb7678bac,77,144602,287,161,1
ddf9cae4-a55a-47c4-aae5-d039900208ec,66,94166,183,120,1
15b6a9d2-abcb-4683-959d-e0ea91102810,28,142618,128,124,1
c4414e75-f73b-4cbe-9143-b60760a3c1de,70,31676,238,154,1
8236a6be-7ebe-4041-b744-233b5bbf914f,32,64792,136,144,1
fbc6650d-1778-41e8-a5e1-a0c62d310427,61,30268,170,133,1
b69b4fad-1895-4820-ab9d-1757c7952dee,88,111307,247,123,1
38b79a2c-1105-41d1-a9ba-380d7470adce,87,91279,227,178,0
af8f22f4-e2c7-461a-86a9-4f7482e63ad5,81,64520,229,86,1
957e3ab3-caf3-4fd6-a647-94811d225c7c,54,66594,255,85,1
b43bb7d5-0a85-4e73-9904-3660d048b3c7,58,107251,149,128,1
1c4305f5-f8eb-416d-87bd-ab4b9ca03c2a,39,51637,263,83,1
d63508a2-7099-46cd-8e04-987027cd42cd,85,91747,226,114,1
87455a56-0931-43ed-a10c-d3fa7ad9bfb3,52,103631,196,137,1
e297d30d-e79a-462f-b174-f9b856bd5f19,74,58797,203,120,1
dfa28418-6590-49ad-bc98-16ecd3708cd2,44,57412,212,100,1
812b6a31-4918-4079-a0f6-8c00408f9d9e,72,72507,219,108,1
442f9ed4-83b4-4803-976b-6983f4ac112d,34,101065,180,141,0
643fe28c-dd53-4b01-a08a-112165d2a486,71,60527,160,176,1
03e92005-9f85-4b54-84ea-e0372c3bff7a,21,75512,150,158,0
de1bf464-14b8-4d74-af5e-d346e4e72716,25,95213,181,135,1
69e23a50-88d8-4a55-98dc-fa8d721ac600,43,52409,167,93,0
920524d5-8a4c-463e-bcbf-8c5a0e7a91f7,53,98271,213,104,0
10613870-6c64-46bf-bacd-21b4f56e8004,69,46572,285,124,1
790d3b8a-e880-4d1e-9c69-6abdbc4c330d,44,47104,139,104,1
2309c005-df9c-4139-baba-31b04418df34,19,58423,175,149,1
c9178cd4-c291-4103-81ac-2f329cccf92a,41,64381,128,116,0
a5427251-8300-4b87-bd63-bb6c0d246def,50,33579,296,164,1
3567f8fd-865c-45d0-84ac-8b987b529bfc,57,145393,246,107,0
014896aa-aa06-48ad-ac81-414f1dbbff93,65,66975,163,130,1
d9453da9-502c-44d7-9bcf-eb98639ed2f0,36,126555,194,152,0
21b7e51f-302a-4125-bb40-de4f1c705163,62,138235,250,100,1
b2369df7-67ff-43f2-9b32-11a40bc6ccd0,64,126077,293,156,1
fbd38709-c4ee-43c9-9a3d-dbe167c4554f,74,129764,223,139,0
b6806ffb-4258-4290-b9a5-662672b5e3e9,56,42009,169,145,0
d73e0312-1eed-429d-b206-c0be15d50b34,77,74640,246,125,1
b625ddac-01f5-4504-b1de-42dd9b05173f,34,119543,244,174,1
47637027-b880-4663-8908-3062929f1d42,69,99100,236,157,1
2bf99587-7b9b-4f06-b7d5-c4d4fc8b2b3e,21,30679,128,99,0
dfc0ed19-d657-40bc-b606-ca45834e4f7e,25,98083,247,136,1
188c0046-f145-4160-863e-3a6c9a0a9623,81,126542,123,171,0
ebdea8ab-e8f9-4ba8-ad0e-99fedb4b25a4,52,129449,283,108,1
d340c6eb-7397-4b11-8171-7941c1048b7b,63,76066,279,134,1
9e2558eb-d2a3-4569-937f-ba53e5500c33,62,58355,221,156,1
0b9eb865-f754-4b59-af45-3c64f2bf1239,68,67146,236,107,0
17c13024-a3cd-4e46-85d3-42b6828472a2,35,65566,132,132,0
62ac1a04-fdd3-4fe0-8ca0-84c06259363c,31,71589,278,135,1
78771b93-12c6-46eb-8386-5941cc323822,21,66214,169,97,1
d3c25abd-c37c-4e44-b895-d07c2b7372e5,81,84863,167,97,0
1de7b4c5-e17f-464f-8b06-98eb1b188b5d,34,34904,248,136,1
20b105a4-d157-4a5d-b212-3e4bcdc809d7,59,63024,289,98,1
e5998590-8783-4a03-a5e9-13bb38da954a,51,67762,209,175,0
9f1a094d-659d-428d-9481-58c5fa54ded0,29,48401,211,132,0
edb7f51a-c962-46e2-800c-a2cb5b76ec3b,48,135350,219,151,0
72d35f7a-7db7-4e8b-9ac3-69b957057ade,24,111058,172,120,0
7a84a702-42d1-4a0d-b1e6-19606cc79b91,30,139439,227,110,0
5811ced4-cfba-4714-9fe2-2235c5c1e4f8,28,97389,293,129,0
bc3848dc-8673-4130-aaa6-2f56820e349d,78,43156,189,151,0
6ed596b3-b888-402e-8f34-b057f4bc1e6e,59,138555,259,120,0
a3636709-23e3-48cd-9618-2bcd52c4c748,85,84967,260,108,1
5a24c41b-5800-4688-acd7-afd327ba2750,49,112132,274,94,0
38b40ae6-0f4e-4e70-9277-fa0f00ccf082,32,75762,250,134,0
06372a07-ddeb-4326-8da8-70ad0439bb11,62,89314,286,148,1
ed433df1-17b1-45bf-97e2-41d81a236fd0,85,88723,249,133,0
be785a9a-948a-4073-950a-1473514aa6d0,56,64164,296,105,1
6e650a0d-385d-4f53-b7a1-86d868db31f7,19,96566,249,104,1
bf9a8873-f946-445e-be36-f51f1e62fe6b,40,118048,271,118,1
3af351ff-7142-4384-b4df-2280c0f434ba,85,32431,281,115,0
9a101749-fbc6-4913-bdef-7a5723bb54d5,55,45709,297,100,1
6f45542a-c019-4e08-a747-c6d53b54d598,87,131069,227,175,1
0aa1133f-476d-4e60-8346-5c22996d5f17,55,98357,248,113,1
e5d5bd09-f190-4561-8697-d89415b2a611,18,146840,295,105,0
b2923931-66fa-47f6-82d1-e69ebe41d351,81,102561,188,141,0
e4f22dc2-e3ee-400e-9b1b-571417def7c9,73,108409,141,160,0
6d733b18-ad90-4e34-b567-f92300c73573,70,137882,280,126,0
9bf083e2-410e-40e6-95f8-8c58dd180430,88,109254,234,147,1
0cc039d4-6ed1-4ebd-870d-e87ac3c940c9,32,69555,197,89,0
0d63693a-f7be-451c-84a5-abf728bd1324,84,93358,249,133,1
7a158fb1-9f68-4970-8259-2211a9caa994,34,58273,125,86,1
8e92230f-9d25-472f-8b27-c39afc6a6a5d,88,70113,206,93,1
7b32f5ee-264f-4b5c-b789-3e95279cd78a,31,111634,168,139,1
46d875e9-8f73-46c9-acc1-e66707704918,58,47877,172,100,1
f5981ea9-dd28-4081-b09e-da966db87165,75,110638,295,83,0
5734d411-1b69-4ff4-93c7-322079ad01c0,23,100088,219,98,0
7ed3f238-a7f3-4397-abf0-28b152c824e9,22,67006,145,158,0
c0502d48-4622-402b-bf0a-53f02814ac32,80,35393,186,139,1
e8012610-5f6e-4b2d-8fd3-47f295d56a98,22,114555,163,118,0
8aa416c5-635a-40c0-831c-1cd4a21edb1e,62,128941,284,178,0
e07271b9-5559-4596-929d-c40d3405180d,86,117609,172,118,0
490d0be6-d0b7-454a-8d24-4e8dae25a51d,62,80509,184,168,0
7375138e-bb2c-4f31-8242-2d2b01e70738,53,108424,180,114,0
cc422f3e-5c23-42ea-9b5a-2bd3dfbd16fb,48,79770,151,82,0
45048c51-cfc3-4bbf-96c6-a96a241990c1,64,72991,261,91,0
47f4ac48-7a9e-48c1-a5d2-3e9a643bdd96,59,69260,224,107,1
601f3d3c-b902-4182-b5a2-b4c31a91cf68,54,55302,199,98,1
f17a91e8-d948-4af7-a306-72a0abf4c2af,29,146323,191,95,0
d06f3f36-7fd7-47bf-a6da-ffadbb9eb724,66,109946,240,118,0
8c941fc6-64aa-45d1-8c3a-4cbc812b5ee1,72,50990,137,178,0
272ed32b-acba-4157-92e9-3d6be32780ab,69,133805,288,100,0
b327eca2-75a6-4a51-8fad-4e30aad2a870,23,48157,222,103,0
6b024b70-9d0f-4c9e-a148-a0cdefbbd4a6,69,101242,161,180,1
04a60884-f224-46b4-8368-edeaadc6d08f,71,49863,217,100,1
be235ac7-9abf-4f20-82f4-68946fd21462,31,73348,274,163,1
2ec48c05-4650-4904-809f-40065ad6c20a,79,109023,151,142,0
6034f986-f962-480a-9fde-da3941bbe370,56,149895,214,173,1
256405c2-4303-4ade-b56d-db592b99cb8f,52,149028,228,136,1
6ec91494-03e8-45c8-bc06-552686cac36f,70,137468,266,139,0
eb94b1e5-f166-4872-837c-0ddf06d9f805,55,58257,222,102,0
65594a99-c8f9-4eab-8ae0-e00e3384fa6f,57,41220,253,138,1
aee5a6eb-9a64-4d32-9a1d-d3e061410a54,40,138674,260,147,1
6a36481f-2ec1-4795-bdf5-68dee9ba4655,85,140778,281,179,1
3af4f2f5-2ebf-43ec-9889-704fe31b358b,88,63434,185,89,0
3b64d13f-7eec-45c6-91c9-d0d94c94c878,27,32301,247,95,1
6533c637-5df0-44c0-a5b6-418cc362ccf2,71,107748,165,81,1
a4b5730f-6c14-4c81-8ace-01e40fc7cb3a,19,39130,272,159,0
214b3264-8b12-449c-9e7b-f4648dd4958c,44,34859,292,88,0
0f40365d-8193-468f-929d-c98b8d9e3e65,88,142458,173,172,0
4dda48f9-6b15-4b5b-bbdc-6e6260af9579,30,89478,221,116,0
87b03884-7001-4da4-b807-9fe888ab1a96,45,43446,268,109,1
5fb9dd79-b6c7-4636-98ca-dbd45e773f5d,34,108549,124,178,0
00c4a99e-8642-420f-ac2a-cf76a9fbc743,71,74303,247,152,0
b4a2031b-892d-4fb2-8cbe-78da49f94c2c,51,94358,268,135,0
269516f8-54b7-4cc2-b0d4-720cd3ed1561,61,137864,277,169,1
be392320-5cab-4dea-9704-24d11d7d70d9,86,58540,155,156,0
41e7a060-5614-4bbd-9eb3-3b3894372370,56,107580,257,144,1
bf1d2995-8f83-4d5b-b856-d8238807a44e,71,129420,262,112,0
cf28b920-8b3a-435a-9f24-5acf87ca2047,25,80853,120,179,1
863245d3-394b-44e6-b8e8-91c0ceac5af0,33,146417,247,152,1
df86d957-f554-4b39-acf1-0902bd50ab3d,87,83797,233,175,1
000f1845-acd6-4536-bec4-8ed7a393c1c7,80,85103,295,177,1
80bb0975-b2b6-46c4-ae4c-eb50ffb47b79,65,136104,127,135,0
96cd3013-fcbf-46aa-9440-1a0feb952827,45,106310,294,116,0
ee1c5ecf-e3fe-4973-a8b8-8d823399294b,32,134245,223,175,1
5575cc3d-ae78-4a38-9014-036e392d30d9,80,124850,169,180,0
4dbc8fca-2419-4aeb-85be-b90f21d6892e,75,115484,190,92,0
15b10d9c-1e83-4588-bb27-c43690bb2941,35,58978,258,144,0
629857d3-08e6-445d-b295-c7cbc197c951,61,77861,300,140,0
e8ed44f0-e0bb-4c01-93e4-e75da0795dde,63,133734,177,155,0
96b8a104-0dc5-42f1-b3d0-0239cb56eb75,52,103924,298,178,1
5eab43d2-01c7-4f26-9877-8899420274fb,85,63624,233,105,0
7a154456-c7e5-4c77-bd81-b88b85f2b205,27,69282,154,178,0
4f9775e1-2252-4ae6-b0f0-e922a6dbaa9b,36,123100,228,144,0
d4049354-ee59-4565-9aa2-df724c013e12,24,51382,265,88,1
1981d139-a4a0-4d42-90bd-bce92b9cd8e4,68,43452,129,131,0
9a7d9d09-dd20-4eac-917d-9fe7bc3e66f4,65,121814,134,93,1
0b95ee36-d044-4b60-8f07-38be8e75be14,90,64606,120,176,1
775d35fb-3377-423a-9026-88d366f1a993,57,121850,223,157,1
b6812001-68e3-479f-8a8f-9934614addb4,28,94034,130,171,1
0e4b82e9-8e63-4d35-b3d3-4670c1ac38a7,50,149738,288,140,1
d68308f4-b7c9-4e32-96dc-84d4fe272962,24,92991,143,120,1
fff32894-fc1f-49c6-a9a3-4d8dd0ab7368,66,134099,132,123,1
2515d901-43be-4b49-870b-9d0610430019,67,132052,166,175,0
21628cab-0b92-491c-9da7-9bb23f84f6cb,80,55438,258,95,1
c1eb42e4-8a8f-4114-b268-c10823e5d09b,42,149536,284,169,1
9f8c74c7-f404-4b22-8168-cc470dfe70cc,40,119496,165,122,1
3bfaad73-b5a2-42b7-aabb-3e964ca20420,23,42865,213,139,0
21860965-d752-4b72-aa31-33aed8f043d3,48,30724,260,147,0
78cd7289-d578-4c6f-9e2f-403fd5304bdb,52,62566,264,88,0
8a428e88-19c7-4504-b037-41db7566a5bf,73,31949,147,95,0
3e715a2c-14e0-4029-b09c-5f0ee2241426,73,72912,271,96,1
c9904726-2ffa-46fb-808f-2d2a5acd82ef,28,149564,276,158,1
8c271334-55b8-409b-8a5f-bd6fd78378a3,38,87470,253,87,0
0e8b0984-0012-4952-8e0a-48a06f4fb359,55,32868,215,141,1
b577e9cd-4a17-4df9-89ab-95619a3288aa,42,89269,190,90,0
c11a45a0-e93e-4d28-83d6-44ead229d36f,19,56292,280,157,0
023d8088-4a08-4a2b-8c47-87a7bfecbe2c,79,132744,276,178,1
2a685a68-9b5e-4fe4-952a-fbabfd318008,71,40867,213,121,0
e0aa916a-f71b-479a-8457-1b31c18c8004,55,122467,254,101,1
d7faff94-d8fd-4593-ad11-ccd982dc2fde,41,83516,192,124,1
da682d78-e457-4baf-b97f-8f50c8dd1b73,79,32262,254,149,1
2106f389-603b-4255-a38e-34d7b4a6a9b4,20,110776,136,153,1
fa825146-dcd2-4ffd-863c-61d9b2d761a0,50,84603,283,144,0
7835c5ba-ca67-4ef6-9d84-e80e4af1927e,76,122587,213,138,1
58a70ba8-8414-4fe5-a2d6-479b7d83aa2d,87,104169,228,143,0
6de7b1a1-7e67-46d0-8f77-7df65ad11705,36,124471,154,101,0
5cc41ab3-687a-41dc-8610-a2039823ddeb,65,85247,215,100,1
8f47449b-020f-4948-8c39-993a374c2434,31,30952,120,174,0
9410f40b-f721-44b8-b774-4aa09bc344a4,26,45677,281,138,0
c041afc0-413e-4d96-aa94-44c729013b85,43,85068,255,166,0
d0971605-e815-464c-a26f-ad6e1842d6bc,82,77697,202,143,0
bff76e16-ff11-4385-ade6-7ffc2094ef8b,68,125324,271,125,1
39e53b0c-7f55-4653-b4ee-19e608a2d730,53,79399,266,137,0
ab3cda48-6d2b-468d-9789-2e9910310ee9,38,133223,141,149,0
9286a98d-1eb3-4076-a5f0-dc6dbf0e15d3,28,52526,129,98,1
2b02f612-8e0a-4fd0-88f7-b95411fa3a47,37,76185,165,126,0
2bfd2318-4df2-4e74-8d04-7831ec24da6b,29,120757,120,153,1
d9e7cf23-7160-4561-b2c4-3d55a28ba307,31,44891,223,88,0
07fa9c86-b81d-4b34-9359-bf7839f93dfd,68,68568,215,87,0
bf4d75c8-ebb3-4c8e-8434-0574c54c81f5,27,120223,217,96,1
c765f489-25d3-4548-a8b2-455824e74a5b,21,100679,133,139,1
c7ab29a8-bb4e-47eb-823a-748086845656,57,123369,286,104,0
4f8e9f8d-e58d-4388-84d6-2eadaeeee034,38,91888,296,124,0
c6d9ddcb-0069-4a65-a5b5-fb4ada443c40,51,133103,226,93,1
bc70ca68-ebbc-49d7-8cf9-7d24a3a54f91,28,135292,120,105,1
5aee111b-aa92-436b-ad63-7fe89daff2cb,33,146948,191,81,1
f89ef7fa-df03-48de-802e-e6361466377d,50,44641,249,161,0
ba545472-4a36-4e5a-a3c2-1ae27056e067,68,100943,255,127,1
a7c01304-eee4-43a0-87d4-9b9881dd9027,48,43711,164,97,0
e9d236a6-d57a-4907-89a6-ed42cf3ef681,57,57467,268,133,0
d37bb909-bd90-4777-8824-0f3add9fd2c4,56,66038,295,174,0
89978c4f-cfbe-4889-9eaf-c01201dd803e,37,107537,212,163,0
f0e793bd-48c8-461e-8bb0-1e906e9a3be6,38,81746,189,169,1
255a20dc-14e3-4f57-a668-a7276ca52ed8,49,133769,215,121,0
32b98cf9-f98b-4277-b09a-0598ff0b8592,20,65825,124,116,1
77a87541-afb8-47a7-b69e-e4b2f865fc2f,68,104068,214,111,1
fec03552-2b90-4928-80dd-2bd82aa82e6f,62,121583,124,110,1
d98eb1a4-3717-47f3-bbf2-f4eb0cb22128,40,147638,126,172,1
3d3ab083-e56f-4499-97f7-df136044eb63,45,59432,220,93,0
f2b67e81-e5bc-4d53-a46d-5bf3c2449819,41,118033,212,165,1
fb603328-3a22-47df-864a-c103cf7e7ffe,65,40173,298,172,0
2dcfd743-32a5-4af9-9b00-ed22811c1634,73,95212,211,165,0
54a1ee43-916a-48ca-ba04-895ea038d49b,25,79656,297,143,0
3e472c97-adf7-44d4-b76e-151fb3c156bb,48,145026,266,166,1
36b4566b-623c-4604-b6cf-761cf7e8da5e,19,122806,181,83,0
f5352a2d-a356-49fb-b2b0-3c220a81ddcb,51,141271,287,162,1
93fd6ffd-654f-4d56-a0b7-a7ad36d32188,36,132068,207,131,0
160a4b6a-5125-4aac-9384-f81b1c37a88d,42,79280,227,176,1
90b467d3-c8f5-45d8-a16a-cbd11d238b03,51,118002,138,88,1
fcc36720-79c8-4904-a208-68f5007c98e3,41,33656,158,173,1
02221bd2-e06f-4672-9692-374a47ccdd1e,46,96946,214,137,1
7fc89abb-769c-4155-ad29-035217284242,73,35676,169,90,1
7665d2ba-9498-4b32-81a6-990c3f3bb6f0,77,116903,228,131,1
614ee648-61f4-4fbf-86a0-b92a67ad3165,18,146007,134,83,0
f0af343d-5ccb-4b99-aafd-189f06a952fb,45,111767,165,88,0
e90c6aa3-b104-486a-8784-80c9c35c5894,79,130793,240,133,1
2e2473cf-84d2-4ccd-8364-b8f495c108c3,56,58124,230,162,0
3a85298e-b441-411a-83e9-fbd6f30043dc,32,149269,298,90,1
750f5d57-1d7f-41ab-a174-e9fe7c924b0e,61,96091,282,106,1
679f8d6e-d7d9-4526-8feb-df91683c7573,28,110934,266,119,1
557f4900-2183-4168-ac0e-27dd7bdbc779,19,122473,120,134,0
2d3f6d43-48cb-4875-b4c6-731a79470188,64,106751,229,80,0
52c3b316-9c90-4a21-bcff-e39fe886b73d,55,68054,161,144,1
0da88fcb-85ca-4f37-bb55-c7b731fbfc62,73,103372,168,130,0
18d91bfe-f1f5-4515-981a-1f17e2fd10f2,43,108477,157,177,1
c860792a-b34c-46f9-9c63-725f6454021d,80,132881,202,110,0
6761669f-c24a-4c26-8fd8-9b97578e87d3,48,87778,142,129,0
0a4c3c02-a74f-4e1e-8fe0-5ea46759e8e8,71,90216,216,88,0
c99d06eb-2bc3-45ba-ab4e-35c129c3ad8c,25,90379,150,172,0
a46670c1-4747-4987-9eb4-1041b693dc5f,25,43730,210,164,1
7c965225-1fda-46e7-9ba5-2e3ae7554b06,75,40806,233,115,1
e54a34d4-4dd4-425e-bc26-2ea052d1cf46,78,32451,152,126,0
729249d3-a706-48d6-b48c-9ff3ad7b31a5,86,109946,138,166,1
b382c545-23ee-410f-a2e5-444d6e9274af,41,80263,265,109,0
0a813cce-bb67-47ef-9ea4-fa63fdb7f65a,19,133883,253,103,1
5e8a42ca-30b9-4695-a8b4-5ba302c56dbc,89,114269,167,104,1
5a25973d-08df-47fa-aeb2-71c2b773b24b,61,46971,280,151,1
b73fd798-7ddc-49ad-bf6a-e77de870870f,36,42008,160,101,1
4649779f-11dc-4ef1-bff6-c02bf5437cec,73,73933,287,88,1
6f70673e-9dde-431e-bba0-94f0ced15d9f,83,140514,140,96,0
9389cd0d-4b63-4a61-b57b-bd1cd761426c,38,35840,239,179,0
3502a32e-f5c3-4a6f-b291-21f24bb5dcd5,74,52488,123,168,1
55ee04e0-627c-47ea-8911-406134f75d40,75,33555,155,176,1
a295827d-42d7-4a76-9a0f-3a68e0abe6dd,54,79640,193,108,1
276808a8-acbb-426a-92cb-e9a5ea3ace52,64,148760,135,124,1
0bf70195-7e22-4e0a-abd7-452468d1af6e,37,112046,202,129,0
d6ce1b5a-e1bd-468f-bb4e-ad50234b9e94,85,89217,161,132,0
258eaf05-f010-42cd-8222-e19f18dc4266,89,47327,137,82,1
d4cbd11d-f5bb-4c5c-b4a7-5e083029e26c,89,72662,294,140,0
e584280f-c0ae-4cc4-88b7-db77571893e6,71,92945,297,83,0
19ab5059-feb1-44e2-83fd-eae6e47b0e44,21,62985,294,107,1
5694380b-6f87-4dc4-b276-6f83ee954e1b,44,114607,147,109,0
d6b6fb89-65a8-4753-a4c2-1dc369fbf4cb,50,147602,189,148,1
77df5b61-c3be-4c1c-984a-39c16dc19eaa,88,54713,179,170,1
4a97c33e-8cc0-46bd-a832-9ccf14e879a4,57,60270,178,150,0
6d2f0c98-a427-4254-ab58-20ed79c68230,57,45148,195,123,1
75bace18-a14d-4e85-9c03-0a072b4e2a3c,28,117085,212,133,1
f97be905-7dad-4950-9a8f-682e3c439d00,75,85406,207,131,1
9ff08bd9-a273-442d-ac2c-433adec10757,42,64051,172,94,1
c8ea7eb1-bb51-448d-83ee-036df006cd8f,24,56302,297,176,0
243307b3-2207-4846-aa58-69b5a66257f3,90,38458,297,172,1
c82f2af7-124f-4895-8a53-ea7df44e89d0,31,87139,179,104,1
ad0c8401-29bb-44af-88c1-c133a3bf12ae,19,111993,160,91,0
131a7d2a-dd3c-46e3-ab46-fdb1f4685b4c,23,58203,216,96,0
a5cc7052-e617-4467-b97c-eb6bbe967fe7,51,30195,186,143,0
e8ad28a2-4c0a-4572-a9ad-d4dba5bfe948,25,86799,298,82,0
5db082dd-b615-414b-a087-805461ae6a35,79,111090,197,90,0
0a4ce56f-3312-47b5-8a4f-1a27c56cbfcd,55,71399,127,145,1
c6cb45c1-2bf3-4397-8997-27d9f519eb74,41,60045,142,94,1
ad3e17fe-671d-42b3-8a0c-e6580f192a7a,18,48515,133,86,1
33f4f9ed-0315-41db-9646-1c3d601453c4,53,119533,189,82,1
059fa664-d54b-4b30-83ee-73d61cf4c805,29,133388,177,151,0
773b8d3c-f020-481b-838c-bea553fd1418,89,122370,275,116,0
b4fecd36-6ec2-4c07-b45f-441974a57512,39,92182,281,108,1
6c5bd062-a47c-45dc-b0ea-fa7e0886cae7,52,116893,145,144,1
12eeddb5-87af-4518-ad83-37d13fa00144,19,77630,290,97,1
9a465a40-4a5e-42f7-9388-a789218e53b9,27,32938,225,132,0
5558aede-71d1-4c82-9249-8542d5c955f7,33,74109,175,128,0
801ba5f1-ffe7-426f-bf67-0ef4d494c85c,21,114449,193,148,1
b358f1fe-15ef-4642-9bd8-50be1667b85d,70,107681,199,143,0
7dac7707-e755-4856-ab55-02ce3bca5831,87,148818,150,148,0
5b9cfdb6-4beb-4142-8197-b9f15438dd29,89,149700,277,101,0
6d9e8480-2f7a-4129-b006-40eb593ba721,37,59115,122,94,1
054dda53-2ebb-4766-810c-b38f06c4d955,75,31147,132,133,0
83f63c08-a7ef-4a86-a635-202a3b3398bb,54,62908,169,85,1
6af058ed-fd5d-47e8-86fa-97ebe6d4cf78,21,135137,145,125,0
1d5933df-fbeb-4f64-9156-a4737db50b94,24,127623,131,143,1
d3c22d50-8840-4a1a-a16f-cd51041f9e15,57,41850,189,162,0
728ad947-dc12-456e-9247-63d89023f8d4,48,49247,188,145,0
7e312170-963c-483a-a3be-fed3b5537d05,18,97623,142,180,0
edf70f28-b9b1-4956-a11b-989e64475a5b,85,109270,266,136,0
43490ec1-6397-45b9-b5d5-d1200d7990a0,71,147881,279,125,1
0ea80e21-1e93-49c4-99f7-5ce95b18f2ab,54,120603,250,104,0
4117914f-fce2-4b14-9796-77afac4cba65,90,55422,214,147,1
67e4d9b6-d6fc-4d2a-8a11-61fc32d1a4fc,88,34459,291,161,1
ee212ad5-23f8-4056-ad37-6fff501dac4f,89,106034,183,112,0
66aeb2ac-7c12-42b6-b88e-5c1f5343923d,36,96452,197,87,0
8ceb5f50-76f3-4c83-8614-058de793ddfc,82,140611,122,81,1
361f766a-adf9-4e04-89ec-197b93f095df,54,99105,248,143,1
214e28e9-b084-4262-b41b-428bf4fa849d,71,90149,136,146,1
d6e36a33-3c2e-4037-b3de-7ba14887882b,80,66413,240,92,1
2bba36e3-7ab7-4f91-9d5b-744c7a04f2dd,29,40352,261,82,1
f36a5069-58c6-4366-b851-093895da3daf,50,135162,159,146,0
f6eda36b-9ac3-4fbb-b3bd-3fa9869ae5ac,27,129128,230,120,1
c341916a-9854-4767-943b-70bf5b22ebc9,38,49530,174,122,0
0260caa7-dba8-4e62-b838-171525298641,48,114467,192,106,1
1585c32d-0c20-4e63-a9ea-e78a24716119,80,73703,215,152,0
f934f30e-ecce-4ef6-ad38-8853b4234b95,80,82444,165,155,0
f4b091b4-79bb-4efc-b516-0dcb9186952e,46,131841,264,85,1
bd251abf-6238-4cfe-9c48-1e1caab7c70b,42,131043,191,89,1
33c92609-9bbf-48cc-8837-d369c67fbd32,56,52877,203,136,1
5d48c043-d9a6-4d0b-bf2f-6570aa5b4bc5,84,66913,267,140,1
872e02e1-e707-442c-adbd-522e31d3d256,89,128565,161,94,0
d402c290-f14e-4dc1-8bbd-476179d7505c,34,140040,201,95,0
76ba390a-6785-4fd3-b991-b2212f7143af,31,39488,299,148,1
c08ab352-9e92-47ea-a237-d6166ded75e5,69,130032,192,125,0
c1f66bb3-04fd-4231-bc99-e61a4923cf40,40,88707,140,92,0
91b7cb7e-e5e2-4cb2-a916-dea2e463ac31,32,100838,171,141,1
4884f306-18e7-44ff-b0e9-ac727d9aecc2,20,39039,293,87,0
882bd9ed-eb08-45ff-8fe8-8ee5cca612b9,47,111643,257,103,0
90cf24a2-1b01-4acb-b39e-cb5d3c6aadcb,46,111349,266,152,1
12b14b26-9e90-4cd8-b5c8-5d3c1827969f,59,109525,165,102,0
fe62009c-fd6d-43d3-a8ef-df00f0dba400,32,124872,271,86,1
47f92d4e-cd23-4384-a33c-55c128068840,70,143527,191,176,0
409dd5ff-a343-46ce-b300-991c6f0924e1,67,131983,263,102,0
1a3cd653-b520-46e7-91b0-fed0f45735a8,51,119374,279,132,0
de60ae7d-7a57-4caf-a7e8-e1776c34fb1c,31,147752,157,163,1
928dbcf9-511a-4e4e-8bf5-02a5803b1d98,55,110945,289,179,1
6be47413-c4ee-43d3-aa22-e50a8f45dd7d,67,110642,234,161,1
157446a7-3ad6-4e2c-b495-1a8cb7036c4f,45,95047,252,114,0
12d1e4dc-382e-430a-87fe-e6f7e2fac0d1,37,122288,256,166,1
f262ef78-fd38-4f67-b02e-a4666a6b8874,54,38565,150,81,0
50b51b19-d4f3-43cf-8405-6a8e1e8257af,43,90691,254,112,1
ff231631-e063-452a-9da9-2a0e6acc4cf2,47,81038,158,100,1
a4b8e9d2-e054-4116-80c1-378c617bf859,43,139529,169,133,0
9be56302-fc2b-41b1-a73b-1e750e65fb2e,40,38707,141,170,0
8d677cdc-450c-46d6-87fa-23145a4905c1,70,107251,152,158,0
a4ea383b-884b-405f-86c5-14c5285ff92f,51,52119,297,180,1
d835eb9b-715d-4be2-8e54-a574fab085aa,52,136027,179,93,1
63795373-04bf-4d79-be63-93bc00017e0f,65,132223,190,155,0
ad93d6d0-4222-439e-8578-6324a63b8796,44,58254,206,153,1
e7983c3e-f7c7-465c-9923-741cfa44e06b,25,134605,249,126,1
039f4673-b5a1-4f91-a1d6-cb304baf081e,80,89609,223,89,0
cf027127-ad8e-41a9-9193-ea3b2b43b42e,22,146526,217,90,1
a61a7c25-ba95-4350-a4cd-1b9ad93939bb,59,117579,271,172,0
95253c69-616d-42e0-bb71-e15f32a932f3,37,34135,209,109,0
d0ae62c8-e9e8-4fce-b349-f8cd81974990,33,54326,259,144,0
24620b9f-d858-4de5-875d-600b69ef9420,21,78432,284,175,0
2218c298-4983-4b89-8ae6-c9be8eb7fddd,83,55360,242,129,0
c8397764-d09c-4792-8037-4f1bb71c80f8,49,45891,126,101,0
3fd29161-4b44-4f8e-82ec-8330df895d69,43,147366,167,128,0
1a08e84f-8854-4657-819d-29a374928d4f,72,134288,231,103,1
36365742-ce58-49b2-8b00-3a668863a559,20,82153,206,98,0
f1466c5a-f076-4b6a-85c8-cfac2ee863c2,59,55803,171,161,1
803066b1-2646-458c-964b-7ea151ca8156,54,51818,180,114,0
58cc8c86-74bc-4882-af83-fedf72b921f2,58,139893,134,149,0
60ac2770-099e-43eb-a971-29fa5513b87a,27,69775,162,153,1
ac7a61b8-6649-4375-8b2a-17b22785f9f4,87,31511,261,135,0
3a0b34a7-a6ec-4343-a15c-f1f1e0b5747f,35,77685,121,134,1
4a3322b5-526e-4063-a0cf-d01124a48d77,67,84521,271,98,1
2b7afb26-0821-4c07-9b6c-a5cf0c838ad4,72,104770,181,133,0
74f9f792-0c9e-474d-abd8-bdaa34106772,43,70642,266,155,1
cbcc1bc4-1c35-4c6c-bc98-3dab30f6473c,27,140762,166,99,0
d06162da-c6c8-48b9-a885-71ccd7294101,39,107225,270,103,1
fbcb1b93-4346-486f-8bab-d78e84bd1cd4,76,148391,223,149,0
40dac704-c6d8-48dc-90f3-29cd2a6680d5,84,74042,274,179,0
6dcb6589-d746-473b-9646-03f7da0e438c,86,108204,131,119,1
6f5a3dcb-7b35-482d-beb2-e1c794ee8498,34,73841,264,163,0
33bfae73-5abb-4043-872e-a75e0e80f913,62,113991,168,98,1
1335a591-b21f-49ad-85e0-22d82e69e831,29,119482,184,137,1
f89b1cba-9695-4336-9eb8-b4eaf42ed94e,69,68619,128,175,1
152d5a8e-dca6-43f0-80d6-e5d025114f55,48,142521,292,124,0
c8e95cdd-b2c3-4b3f-9d9d-512887aaefe5,70,132859,236,131,1
05a2f9c9-9426-4b0b-b9ee-3772eb8d8c7a,68,137340,297,95,0
d60f2d73-56f9-4661-9855-da73c0eacdbf,90,56136,222,133,0
89653d7b-a91b-4e8c-b9e9-33779a2110d9,53,116142,148,139,0
d49e5c70-7cf5-4ab9-961b-c93785746fde,42,42765,181,179,0
5d382202-3f6c-485d-a15d-efa0ec514a1f,56,42661,199,100,0
0efdd762-dbe2-4d6c-88d5-37411dbf83a7,29,146791,146,117,0
ad59d2a2-9370-44cf-9934-f20999668f9c,26,48348,288,145,1
a7f7cde4-d1fe-42c4-a2ba-ee118a10a57d,55,133697,293,175,0
80254c85-b39b-4594-973c-bb6e305de56f,78,81696,221,104,0
2267868f-deb9-4806-b1b1-f9913832e106,56,66437,225,150,0
be9d335a-415c-4676-a3d7-a327c00d05c2,75,38819,247,168,1
33a12432-7060-4849-85fd-3c87be26b06d,30,111021,242,143,1
97336be6-65cc-4e73-a239-91260d9d4521,50,116560,131,123,0
60b1d689-1f0b-4c86-ae3e-c8c734a51418,62,86042,216,103,0
11d314aa-d109-459b-802c-8f2361dade97,43,127194,260,109,1
efcd60b4-f93d-470b-9926-5d9936d9ed93,19,68775,265,85,1
c31769b0-e133-4a98-ac61-22652e20522c,23,96201,227,95,1
59d85886-6aef-4685-b821-856b829b1e7f,85,64413,282,124,0
512a755c-56a2-4035-9d6d-3b9f233c8e40,62,99867,226,94,0
44177367-77df-45d5-bc28-578fb0002c8e,37,46323,189,81,0
11939844-4a24-471b-b057-e6feb08555fd,36,87140,200,149,0
8ca3d7ac-5d03-4e52-8efc-76f9246f6ab3,20,95918,244,87,1
a6357770-a5ab-4f40-a0c3-c39ab017915b,86,96785,280,94,1
8996f27d-576b-42f1-8375-eba19808a54f,25,83592,161,140,0
4cdf6ea8-9180-4d11-9d89-6e366c29ba8e,73,107229,173,173,1
5b3a5d69-9eda-465a-bc63-69ab593b67be,35,91462,237,153,0
bb4b1b48-6fd1-4b01-a860-e9a5410661ab,42,63988,258,83,1
11cacbec-bfe2-4097-9dbc-6e658fd98022,37,55843,192,96,0
a816e292-0d35-422b-a244-25aa3d3808e2,78,107727,236,154,1
279498a4-f678-4dad-9a60-da9a3a741a81,20,142634,121,153,1
fe88120f-fb84-4cae-b2cf-b7e76a11d110,43,120383,172,119,0
f4329665-71b0-45e1-83c6-489d7f654a59,38,106631,292,175,0
a67bec6a-6f10-454e-8152-f3329a5e15bf,37,140584,224,169,1
202a840b-a620-4e04-9953-37f6847c1d64,32,137952,277,155,1
ae5472ad-311a-4885-b1df-346f32f3babc,84,90777,159,155,0
9113905f-09e9-40fd-b17e-b757fc00162f,45,43112,172,159,1
1118bd6a-ffd1-4b65-89bf-2f73f4e485b1,48,106114,296,94,0
5d488112-ed7e-4070-b286-47ececfc179c,46,104742,300,150,1
ff7b66c9-9223-40fb-9f00-d19719072a13,89,63282,278,174,1
6c1686e7-3b97-4ad2-8384-e221a23dbf9c,42,131936,177,102,0
acb9de2b-f02a-47d4-b76a-f85bf8a1e2fe,42,134395,265,81,0
052619f1-e239-4d97-ae97-c2e6c9c31d14,41,69710,203,116,1
e457e69c-2bbf-4d40-87b5-2b3a2bd8a931,41,87223,272,107,1
15cf0718-3626-492f-9ff0-6ec9b6ac0225,24,53417,274,175,0
1075584e-2b9f-42f7-9989-a2795fbac671,62,51402,198,125,1
e6d5de55-535c-4c9e-b9b9-40b386b18030,19,61802,175,146,1
cc934a1d-5292-40b7-bcf8-1e557b3469c3,34,73894,296,179,0
29988bb9-0c2c-48dc-a247-cf81a5ee899c,32,62752,201,159,1
8e54ecdd-4347-4be5-931c-8886af6163ec,39,48196,198,155,0
eec668e3-0013-45ca-b38d-94dff5eaf8ff,73,83664,240,177,0
5ddff309-fc76-4f39-8b25-8332eafdd48d,61,104828,289,149,0
c1a1fae9-15b1-4a46-bf62-f8c94948dbde,90,69115,143,103,0
971f8b17-0942-428f-b9db-bd45acd02873,43,94026,298,153,0
192d0855-7a70-4579-8e1c-ab7392ea27eb,85,62553,196,112,1
bf96aa36-0c5a-4a71-8658-631f370f9b2f,21,114463,124,113,0
c5fe999c-9262-45e1-a3bd-b640d3119420,54,107822,176,145,1
bd02558c-5a39-4ca2-92df-c5967d516465,76,145208,203,111,0
3349905e-85fd-4b7a-9418-845868c7409d,56,36363,242,82,1
0d742aa0-9808-47a0-9923-843dc2702cef,86,132377,222,180,1
2640af55-532d-4615-84e8-330b298e65f4,40,70843,144,137,0
7c88b341-f032-4b97-a6a1-d2475c19e4f6,20,37925,208,147,0
1047f637-c616-42a9-bbcc-78aa2a916065,74,112770,162,161,1
eef0b8a4-4597-43dd-9b11-c0daf5482837,22,50606,168,144,0
1937bb4d-cdb6-4640-b5fc-dac5b9e3ceb6,73,51102,248,141,1
b05f6ae8-293b-4ca4-a3f6-44183485a76c,71,147559,265,159,1
04446498-40a8-4e08-943e-7159c703246f,79,56511,148,109,1
95e67e2f-8c73-4cc0-8a81-793ddeeb1259,52,95660,229,163,0
789bb31b-402f-48da-b3fc-6308cd2d60c1,83,54080,196,153,0
91f3c9d9-5784-48ce-9feb-ec4bb39cf416,30,44878,180,98,1
b9f3afa5-28c3-42de-a14c-1fbeaea8c732,49,30111,249,94,1
931bfd82-1cf0-42e7-9e4e-b8b304d47bfb,26,31925,165,168,1
31a33015-3c48-46b3-aabd-8154c9839a66,73,86852,258,170,1
f86f24a5-425a-4a56-9d3a-3da08cc440bd,70,82080,192,180,0
06724161-88ba-4294-913c-192fddede4b0,76,34675,137,90,0
844a428f-8255-4374-902d-ec8a7bb7dbb0,73,71951,263,170,1
0431327a-4194-459f-950e-4800fee518dc,40,62753,274,167,0
88f84605-cff2-40b0-8d72-0ba81515695b,22,98559,221,157,1
3c99087d-d7ad-4d47-b06c-62c17cbdff14,85,149377,251,130,0
6e09a770-de6b-4c0f-9d9e-c19d609aab3d,53,112997,146,131,0
892b02cc-115d-4c16-8015-c8f4fc924a64,24,140208,181,123,0
8233c36f-7457-4e86-8376-1ec259286284,85,53067,183,82,1
720b45b6-42a3-4868-8bc5-4c82418ee74b,90,55809,258,130,1
b74c0bd8-d177-44fe-9861-411003d04ff4,50,120097,183,103,1
22fa4189-5283-4133-a992-c90270de5586,74,67200,251,100,0
3d62f093-abb9-4ea5-a57d-bd6601ae3f3e,20,131853,175,85,0
7f8710e7-b01c-4802-9c40-3cbf394a0659,24,85645,228,126,1
1359bbf7-daea-466c-ad7a-75ffc1a517b2,38,54098,157,84,1
ff4d5ac6-1eff-4cd7-b60b-b8439b01ca8d,65,131330,221,165,0
62a4aa0c-9f9f-45eb-9126-54304f8e7c8e,27,96055,134,169,0
ce62767d-19c9-4826-b25e-8acfb99ff50f,20,126318,252,160,1
f7c242be-ac57-447b-ba8f-33ee505b9bc1,66,84269,125,110,0
9294e88a-a6fb-47f9-bc62-7b9fd54126a2,74,45149,300,96,1
167e8f10-4a2b-45ea-8f02-61d8cc1f30fe,71,111725,271,130,0
47cd3152-ad5e-412e-9977-7f302428cb0b,76,44933,224,148,1
bd044acf-bcd1-45a0-be2a-6d8b9350b55e,76,109595,284,82,1
cc863d34-2d34-4564-9204-a6742d67421c,61,80008,266,166,1
08368e3b-b033-4bbe-9041-fa2752ae31cd,55,124984,145,124,1
d84355bc-d0ef-42d9-839e-5c9700654315,80,134412,254,162,0
9b5b3174-096c-4930-9ef9-4de8c52e27bb,43,78885,188,87,0
ccdfd8e0-0185-411b-b51a-12f319debab0,25,135851,274,122,1
c5ff633e-5341-41a8-aab7-dc9c7ec2ba7a,72,43308,276,126,0
c93fe9c0-152c-4e62-adc8-a180782721c6,38,42884,292,84,1
15f4e00f-3504-4902-ba8f-8df894322b5e,89,149225,201,151,1
717d6427-559e-4cee-8161-60bdd71fe1d4,48,98916,154,174,0
4ce5490d-cda8-4abf-8645-cbd0cff82000,80,84086,142,134,0
5c698007-d834-4a09-85d6-2aaf1b822368,21,48681,149,119,1
80fbf012-c7ae-47c1-aa02-e6251d90d986,66,64680,299,144,0
f7251481-776b-43d0-bfd6-bf37bdbda260,50,112336,226,116,0
36714bb8-62b8-4040-8f02-3adb697ec2c5,51,128606,183,116,0
bfcdebff-d706-4483-a593-83d9c4966a77,37,139972,201,156,1
68487c97-7d34-43e7-be1b-d44eb5a46426,88,78928,151,139,1
f4605787-7c7f-4dec-bf08-76911ff1e7fb,46,84572,223,106,0
e1ca33c7-55b6-47c3-9307-31af95057291,80,49595,197,121,1
d2a46a2b-ab40-49d9-addf-755dc8c3f45e,49,39970,264,164,1
1f5845e0-e985-475d-ad8f-3e2a1ba5680e,21,82542,123,133,0
c399abdf-9c16-4d62-b8ab-1fd751eb2bc5,82,99511,288,87,0
afb5179a-d9cb-4c20-9517-b2b70d6d6d12,31,42518,130,166,0
36bcbd78-f9f6-499b-9bab-ff3360ad9850,37,79022,195,154,0
e6dccf33-bc5c-4034-b8e4-0ad9dfed87e5,80,106988,181,106,0
2d7c8a1d-36e8-4a42-ad90-82668796e0ae,83,127308,249,177,0
fca64c9c-792d-434b-b2e0-9630649df4e6,84,142619,239,176,1
fb90b7cd-e4ef-433d-82b5-9c9bdb4da57d,49,70841,155,180,1
fef844d3-8004-4fdb-a7c0-922af7da0266,73,77007,208,118,1
b8f62e25-048c-42aa-b18b-5a09d5d70941,41,134988,216,173,0
679ef820-f9a9-467f-b8d3-176693db4d13,72,113193,203,161,0
259db325-4e76-4f43-a859-ceab991a321c,54,62844,123,167,1
9e1a31c9-2802-480c-9ced-9abff92c66f9,21,112217,152,135,0
eabb885e-7f09-4de2-a507-28d2540804e2,48,48902,211,108,1
3d213b9b-f312-41e0-b42d-9ff2b690026e,52,83885,167,102,1
bed089b1-ac87-4d34-a4c3-1780045df060,36,66777,218,177,1
f05ed1bf-0710-4d53-bee9-13550d761234,45,149117,149,130,0
540ebf9e-a264-4fe6-8a65-5004c5367ecd,54,34189,253,173,0
53eb934c-8b1c-497c-b558-3240fe37eca4,21,132812,154,136,0
e05aa05b-3158-4ad8-9495-607f159bab3d,29,63749,237,133,1
5d4c9182-236e-45fd-b26c-a3e50dc0465d,73,34346,271,87,0
3baefa8a-1cd7-42c5-8ba8-16f57308ff45,43,109214,184,120,1
52791be3-12fe-417f-88a0-9799594b63a3,62,111364,145,136,1
bfb14a48-dc43-4acc-86b2-db1370b05cf4,59,47074,121,91,0
177e798c-4122-491c-b1ce-b6e09034441d,58,34599,185,96,0
e7a9774c-f494-45f7-96da-a9e7b7dcdd90,48,43363,140,139,0
1831e8d5-4caa-4784-a934-577a2120b977,53,79064,279,105,0
903a1ee3-a030-41e0-ab28-a6a7845d82cd,78,45886,296,150,1
6e8fe088-f1d6-4d74-9023-16e4f4ddc5ed,88,114365,297,126,1
2469d66b-054e-480d-90cb-763782d8538c,36,39306,286,120,0
e1c578e5-8b0e-4520-9125-ee6daaf94045,66,124670,226,91,1
1fd72ca0-c510-43ce-aa96-06bd28aaf3c5,88,134957,178,121,0
090d0720-c959-4a3b-9dbd-5502edd67933,18,116022,200,134,0
9bc0c652-a458-49f7-9cf9-30e13d7a5473,75,143294,166,137,0
2d2ab1c4-a720-42df-a152-c1ea615aaf30,54,142708,272,107,0
3286beee-a3b2-4224-984e-08ac571c7343,88,35587,198,82,1
25f7630d-62e6-4b34-896a-e944242c96ee,60,71035,189,174,1
13c288f2-5af2-4672-b1ba-61e13e6793eb,79,121209,244,176,1
b7900b56-f710-4b52-b7bc-514337285afe,30,70757,187,171,0
7d4b6db0-ae1c-4b95-a9b6-c6c5f08eb6b6,28,118458,184,109,1
7ef4bb71-1fd6-4f66-b6d8-39ec51b4824e,85,122916,161,140,1
8735b192-5b49-4390-9c0d-ee839cc45e80,56,149630,132,94,1
0ae42d49-04f1-4d47-85ed-37b296ad9b28,58,69584,126,171,1
d4f1ebc6-cc58-40d1-bffb-61d8c802d870,30,71744,192,80,0
3e3cdb63-7496-45ca-b6ef-a294821f5489,34,32912,300,127,0
dfdab5b2-a4be-4341-ba3e-fe820c58aae5,77,64261,167,166,0
9f4fe3f7-e208-4596-8a5c-34b9450cc307,40,63663,236,153,0
b9dbca8b-7b74-42f2-8170-a239628bd43b,60,84370,178,167,0
b76aa6c7-c3cf-441e-bbc8-3099f8eb8f90,41,80542,174,130,0
a2e550c3-b915-48d6-ae3d-5042005e28f7,37,132789,149,89,0
95eb090c-695c-4c95-93da-08d6dfad8fdc,30,122855,221,80,0
f6244b97-58bf-447f-8d24-8df6a6dad529,85,117431,239,95,0
2399739e-4d55-4a51-8ea7-bb01712d8571,86,30625,183,85,0
a7027d5b-d52b-490f-9724-9e37d7e3fd9c,26,86595,215,125,1
4242ccbc-3595-41ed-b85d-cb71e3f29875,43,117552,206,85,0
21a3eb45-5ebf-407e-815a-8831c0fa596a,59,59347,169,98,0
777c8a0f-f2e5-47c7-8c02-d1638e173179,45,80982,245,122,1
1a57cfc3-fd90-4009-b489-df5f0a49d444,70,117242,220,154,0
fd581212-2e05-445c-a43a-22385e572ce4,36,125345,131,148,1
61967d18-a380-4fea-bc4e-14a947a68b1d,22,132544,209,85,0
7ffdc3ba-a515-4452-b145-63f797fef076,42,81577,190,171,0
64496444-f5a6-46e7-a52c-da6b60da51d4,61,77994,264,135,0
8585a107-729c-4ffd-b3f1-1a308ddd2356,31,75925,175,115,0
7afe4876-a227-4654-a216-3232ed60ee96,77,110230,293,118,0
6c10ad97-20c8-4877-9f5b-a1a6b9759802,18,80346,231,165,1
9cbad3fb-e0e7-45d4-8fea-d6f1fa027fec,22,78025,143,126,0
16b4b5e9-56ab-4628-8489-a584865b56b6,55,50193,193,104,1
a09ce07d-1301-4fc2-9add-115e74323ccc,55,87419,279,122,0
4336a2f5-364f-43e4-9429-698161d984fe,39,58474,166,86,1
a9fcc78d-156b-46c1-ad8e-61f4ea99074a,36,92989,247,95,1
2b120d50-496b-4aa2-bc92-515124e5980b,23,136640,261,111,1
38c8b3e5-f7db-4c0e-94fc-ad6d71b955ba,66,123087,245,102,1
e4fe0102-0189-4d85-84f2-287be4cf8eda,45,87366,136,115,1
90664c95-9e6e-43dd-8640-0b14251014b1,26,147301,187,86,1
0a258105-731d-426a-837d-6dbbc80d8688,47,147628,183,141,0
398f92df-f789-49a1-b71a-058690a8aa4c,86,83324,182,91,1
9a8ec5ef-178c-4760-8240-e825dbf7e059,37,121621,279,101,0
6502b328-5934-467e-9f67-d45efa7bf765,83,71078,121,178,1
d516f631-fd88-4860-a0d3-63f1f64550ff,36,135438,217,80,0
e588ccec-2645-4531-ad27-ef341810139c,31,74831,297,108,1
725c338a-e5a1-4b2c-b671-8fded7ba3daf,37,60993,278,130,0
9dc43700-93e9-4129-985a-ac5f8ffc96d2,41,46066,229,111,1
47eb457c-d67c-425c-8af8-71ff782d05cf,26,131117,300,112,0
fb6f6009-4756-4197-8ddd-2e420c1c312f,60,65632,192,92,1
05c297c2-bd94-4ad8-afc9-eaa3ddad8d6a,42,127599,230,122,0
40171507-4768-4bb1-b96b-032a359ba0a3,70,40373,218,156,0
ea967f3f-868c-4792-adb3-da0654b8cc36,53,90106,128,139,0
0d3d03e2-b685-44eb-b830-562b8e65b7d4,50,81347,127,173,0
65351ae7-59b1-465e-af43-2fc9e1617487,52,82658,282,150,0
b7cc44fe-fce6-4472-891c-939e4214d7bc,29,50083,151,159,0
2741d368-a0a9-41ce-a0b1-8f95e1b21722,70,38863,184,123,0
08cb4760-ad28-4fce-8c13-e4e8ea72fbdb,25,71569,232,141,0
d3c92635-31ff-4e29-aafd-efff72f7f412,70,86428,224,138,1
21dc4b00-cdca-4d77-9094-8c906c4e3b84,90,125230,213,162,1
0ed74e1c-6127-47a4-a364-26c177875e00,73,85495,297,130,0
a2a81b9e-3762-40ab-8f77-05b1e1685350,51,59511,262,120,0
f9474d0b-00d2-442d-b7c4-d4c8ff83746f,40,61499,290,87,0
fd55d0fd-37e5-4b6f-918e-64f1f4f2b916,81,103427,239,166,1
1d9928b1-91bd-45f2-aec5-89fc0eb606ee,36,82279,297,123,1
5332f9da-cdaa-4fcc-b20b-8eb33c41c216,53,138142,228,160,1
41e5d749-e977-45b4-906d-fc5fd5f027a2,74,82772,218,148,0
616affe7-d1b4-470d-9b5d-51a04aaa8f41,85,98032,267,80,0
7dbd29a4-b617-4a8a-a3f2-9613f25ed1ee,85,37668,277,145,0
2c9c66e4-64e5-436a-949a-bf1a9fd6b3c6,24,53255,132,129,0
18ff4809-c0e9-403f-b431-8d9ae14a52be,83,132020,284,104,1
94dd06e4-63d9-487e-bef3-c3962bfd14fc,26,71372,245,106,0
5bc367c1-4052-4b6b-95ab-4d7b16164342,60,80521,282,144,0
1e06cdb1-e564-4c02-ab00-598a74aeee55,85,100844,249,88,0
a37f6923-642a-4b57-bc2d-21ded2ffe143,65,36942,287,141,0
9e671a89-1581-4973-b335-cfa9ddf4c6a9,87,90793,169,165,1
d5c4ad43-9bd6-4690-b8f7-fed48f52f5db,43,71541,153,88,1
284c5fdb-896d-45c7-b05a-2f6a13e03672,40,47834,155,80,1
77d9665b-3685-47b4-bc18-2785b4f544da,41,80200,165,86,0
eb9e9527-7b0e-4850-9372-75f8e0dd0319,43,83616,158,153,1
a113b13e-7cc3-43a1-b056-ee93ac35ad5e,67,52359,199,165,0
fbe14bbb-6484-44b6-9991-5e08a3201d9c,51,95168,155,179,1
cf190f6f-72ab-467d-bca5-6ab1c1cf1811,71,119542,148,82,0
748fa81c-f3d7-416e-8862-56f294ca193b,48,62080,214,128,1
815cba63-9511-4e54-b756-ca4e5e9f07ed,40,145984,263,84,0
16599faa-fdb4-4ac0-9764-7d3e1eb29a37,31,103494,144,117,1
e6a915f3-f021-481b-a78c-395a797abacf,58,122770,212,111,1
8d4d65c4-658a-4358-a7d9-26a0fb148a6e,83,38419,239,141,0
366e140d-fe98-4e3e-b90d-3ce73e893d28,80,122097,247,171,1
45c80669-c6fa-4bdc-9faa-466d8724d8c3,36,70393,139,161,0
fcae032d-0a19-4b4b-97be-febffdaf8c21,52,115217,252,86,0
2e685fef-4053-4c1a-a2cf-7284c17a4266,69,126514,124,104,0
c81ad242-e6f6-4dd0-9d0e-d4d46281dfd7,62,60048,162,107,1
02887466-ebcc-4f73-b4bb-507e9e59f1ea,22,61114,177,105,1
b7321d40-be50-42ef-9d62-2a91c7325065,61,37142,274,115,0
9ba863c7-7d4f-4801-be4b-13ba5133d686,20,102621,154,141,1
36c554fb-05bf-4334-9ecf-4803cd5066cd,26,122884,261,154,1
c16d338d-b1da-4d30-abf6-2ce48b1595d4,65,79203,298,174,1
2f6e3699-0cd4-4b9a-8e3b-6f9c56d792df,25,49318,293,150,0
47e886b6-b4c4-4c26-9567-b0b562017e61,42,67975,174,110,1
07cbcfe3-56d0-431b-9585-da6ebc7467c7,60,78341,137,98,1
7c473c32-4f28-46d5-ab4d-57fe3717d840,65,139936,160,118,1
4034417d-15da-4b7d-a124-0de38c14edd1,50,44882,259,160,1
06b3a5fc-561d-4db0-8648-22b7822e6e43,24,71191,155,180,0
9f0014a8-cb9d-4ee4-8d5e-cc7b2865ef95,76,106568,236,119,1
29d51e8c-5dd8-40a5-b835-c1b55242c229,87,58401,187,97,0
354e7e8d-795f-41e0-9f13-5575565f302c,82,136169,258,80,0
e3f75761-dafc-47bd-9aa8-12264340f19f,72,139117,229,87,1
169bdde5-a1e4-4d14-ab91-c59972668bc3,47,75613,225,144,1
f7c29973-be9c-4d12-96ae-9042dafb187a,81,119514,261,139,1
39f08709-38d3-499d-b567-daa44957d9cb,53,120711,292,144,0
7a154140-8a94-4645-a8eb-756dedc2d1ad,27,111816,185,82,1
21511901-79d4-4dc0-a11d-741062effd02,80,52378,215,124,1
c0a73178-cd85-4a6c-b6e0-55b20a85ce82,41,35944,233,98,0
db644c41-b863-4696-87e1-ba1b53fb4c0b,86,71667,268,113,1
334a449a-13c6-487d-8c34-6663e8104497,44,45744,207,142,1
4bdd7e0a-d78b-4fda-bc5e-7df56fa7a9a3,81,65079,187,107,0
2924f72d-c0a6-4dff-862a-3aa27f0faace,57,106601,273,146,1
db6e19af-032c-4b3a-94f8-488a66c42546,52,100656,292,109,0
9c9652b0-0a90-4c27-8b18-cdd61fb40316,39,55132,222,131,1
d540f929-96ec-45c9-8813-a50a07d6e0e9,79,32125,138,126,1
b174e8d1-7f6c-43aa-827e-591218920e19,22,57076,172,118,0
56a9c81d-0c45-4ac5-9c4b-16444ec414b7,52,84576,203,92,0
105b4fb3-27e4-4e7e-8e39-05d40225c82b,44,123497,247,138,1
079aaeb9-a734-4538-9db8-0c57cb5754fc,57,73817,241,179,1
6c4d9fd4-f7b3-4b60-bde5-f42c9f7bf41c,36,64311,268,144,1
3091f49b-e9fc-4855-b04e-4741db70a738,66,96162,125,155,0
0b23ab10-5157-4a6c-8ec3-d7a259fb7a2d,46,38590,204,161,1
d6b6c72f-07a4-49be-b153-dfaf6e7475ee,31,57054,246,83,0
231b32a3-c137-4dab-811f-bdd41ecea3a1,32,34371,298,160,1
93a96d8a-1872-45db-b465-ce6db87b812b,68,93074,145,104,0
0635e11c-c83d-442f-a6bb-0b99cfe74dc4,37,83181,279,147,1
6b26f48b-7ad6-48e5-8807-27a63f831425,40,99906,121,179,1
ab6c0588-f401-4c02-a7b3-3f897e221a7d,63,104056,155,170,1
4f1adf8a-f831-43d3-8d4c-965c7f04dbbc,42,77414,273,121,0
159093bd-3a0d-4174-9044-67f3db5c7ded,46,134267,262,164,1
d6829f73-4346-4a47-a09f-578171571abc,35,140191,296,142,1
7128b347-6654-4630-b94d-3a54e6ad9f62,43,43296,228,93,0
8f7e48a5-4231-47dc-9af3-731ec965cee8,68,140415,231,104,1
a9eae411-9cb4-4202-951a-4e671210bd7a,56,53600,216,176,0
afec9692-1eff-41ec-b2d2-c220571e8f48,90,59809,212,172,1
2dc066dd-51c7-403e-8bbc-860f241e04c3,74,93576,213,170,0
76f351a5-8ff0-4187-9c10-27cf75ac5e99,19,33528,172,118,1
5683d474-d772-4bd3-a8b5-74ff473bd1b9,45,73693,274,112,1
f3273a0e-5d2a-4a55-9e07-9a0f7c0db286,39,53351,184,161,1
61e83114-4f76-46fe-990e-99d5c16dd20b,60,87904,230,82,0
4b2e2d79-dcd4-4585-af45-0394411ae425,37,127763,241,170,0
e73cc92c-af5f-4060-88c9-8ff059f23ce2,88,140895,217,141,0
92376f31-d8b4-48d4-a775-9e2d6ce894a5,39,55462,230,143,0
2b3bdd8c-211b-4035-84bb-ed41fbff86d5,56,95387,128,124,1
f36e2fd9-5dce-4ea3-a5a8-f3f28957d174,26,86930,177,178,1
835cee17-76fe-44c3-95a5-a2405279da36,84,79814,201,155,1
c5494474-63f1-4e78-a75f-a53251502f5e,84,105924,191,85,1
244edb0b-34af-4a75-9398-2853ccd3ec50,75,148733,284,132,0
fe5804e9-849a-43dc-9ae9-b0ef16a8ec31,43,78629,282,166,1
d063b4e8-3f9d-42ee-824a-f4b659ff3a02,22,37825,248,87,0
382b6b76-377a-4868-b56f-22cf608ec7aa,69,139917,183,154,1
d0b27bf7-5493-4545-909a-f84113eee8e9,49,141854,129,104,1
210a8af9-2528-4a3b-a069-a7adbc826b0f,90,68684,256,131,1
6eff8056-0fbc-4ba9-8165-39ca815d4081,68,90199,280,169,0
5f73d609-b47b-4fec-a13c-24f61c89813b,57,133511,208,129,1
9d304460-f1b8-462d-a958-9c7e22459333,90,90451,269,83,0
20ab04aa-4fd8-46ed-807c-98a54b7bc2b7,76,87744,288,82,1
f0974b39-33f1-4e97-be6b-d7c2dce52e01,51,140636,218,154,0
ebb9c56b-c59e-49d4-99e3-82926e76d6ac,19,129457,157,174,0
dba10c15-8b4c-4c46-b0e3-76bd8ca7e63f,24,90879,124,109,0
f96fbb16-2bae-4f92-90a4-e234860b0d96,50,49380,257,174,0
f48f4f30-b757-4127-94d9-ec55f61f7c18,59,82609,221,125,1
ef7a99d8-5b38-40b7-a81e-1345193ac680,20,111175,147,85,1
fa1481e8-2709-49d9-af05-e88e92619cd6,27,62698,129,133,0
76a7074f-8295-42c8-b3b6-a07f8e9d9e73,69,94474,295,178,0
a456f7e1-0368-4bab-8a8b-6ef715e51cbf,72,109058,177,105,1
1dc036d2-9655-4fdd-8edc-f0c4fe4bf217,20,40202,179,177,1
189e99d6-75e2-4b2e-8e32-8b4d7fb84311,55,98357,233,145,0
a6d645cc-85df-4612-9dca-468a39d3090e,23,118507,185,120,0
410b28cb-78b0-4b24-ae43-9915bb5c5d5d,70,55721,285,150,0
b6c1e801-43da-47bb-a6b1-8f2f77798655,78,95810,243,120,0
5327ad05-9d8e-4d69-8afc-470d90b37669,81,115130,184,88,0
c8bf670f-e1bc-4e5c-913f-7a7f5ad1c175,61,35314,168,167,1
378954d7-3a5f-4698-be61-d4c78e906044,63,107291,275,117,1
bd3ca3bd-2a75-4efb-8256-89be4004ea36,85,61169,227,137,0
dd342a17-ae60-4f33-97b3-617666fbbb2e,62,77680,286,155,0
f6e9a017-834c-46ad-ae4c-61342ef03ef0,50,107760,182,88,1
45578ff5-8197-4bd6-ad54-31b1d1832505,73,30528,123,152,0
2899d0b5-a9e5-4235-8066-a87570f2d756,61,32014,282,116,0
3cd46228-1703-49a1-a6ff-8a3373147cfa,79,83590,163,135,0
fdef6b45-e1f5-44ed-8b02-db923b3a0cc1,56,143973,273,126,0
c11e0f12-d00c-4088-93e8-91dd1eb71da2,81,30726,248,158,1
82a23902-3cbf-4c13-a49e-ae9981eb2d1f,21,124654,161,98,0
4ebaeb5a-a6dd-42ed-a57c-ab55cdf7aa14,20,38999,256,90,0
7f79992a-e9f5-4853-bd29-71f7c613bd0f,25,88672,134,121,0
65bed0a6-49ce-4b81-b51a-f0b285e2bc49,58,81673,191,91,1
ad63a210-4128-45b8-b9b7-481977d174ba,69,86171,184,104,1
3b276bd9-70ad-4632-ad1b-6d951e43f359,33,39830,238,146,1
b98f93a6-76c9-4d0d-ae5f-a38931721590,29,120424,216,162,0
91bbbdf1-a6f5-46a1-bf26-2b5da0a0e722,80,63080,230,150,1
591bb398-58d3-45ec-aaf4-93b953d1596a,72,122527,206,112,1
e5f4f9ed-a444-4abd-8a9a-55a6be6f5746,65,108659,253,162,1
9575fdaa-05c2-41f7-941c-0ddc03f707d9,53,96155,148,121,1
2e4e44e6-a2a8-48ff-876c-539d492cd6fe,48,67034,250,98,0
49274aa6-5d7c-4b5f-be8d-b273f6b863d0,19,108272,129,156,1
79cf89c5-3e55-42a4-9c84-f2c07daf9810,31,149718,135,132,1
64b168bf-5543-494e-aae2-3fe70a32e073,83,140776,250,117,1
db3d7623-a9ca-400a-9195-6d8172da94bf,42,139957,148,146,1
ed5988aa-f4ce-4509-b5fc-29c91308d1d4,69,56364,259,153,1
dde1bfd3-6a99-4543-a4fd-213fb919a76f,69,100237,144,102,0
dd127503-40bd-4e31-9cb8-6d42e12a6efc,40,77736,146,91,1
bc7d0159-b64e-46d9-af7a-0fb975a0c580,32,146034,288,132,1
2a76ef23-d0fc-4597-b086-e60ad4f37348,68,144011,152,85,0
ed4ecb5d-2336-40b1-83b0-96ba59398ef1,24,134162,285,144,0
a8905439-5af0-4de8-8753-b0875019a55e,54,49527,183,124,0
199fa9f3-81f2-4f0a-a1ec-053b0748b0ad,82,68268,264,101,1
6134a6cf-dded-464f-8a72-601904fc0172,69,115353,290,140,0
01682641-e404-4ab7-8a87-3ca7f1bd94a9,73,119952,141,117,1
e2319aa9-4d1d-4b2a-9654-2533a238125d,24,72035,179,119,0
6facbded-3cb3-435e-980b-259d17ecb469,32,46419,223,101,1
d387776b-d9d4-414b-b597-72f1c081aab7,38,46429,276,148,1
7edb75e1-ced3-4c33-b9a6-60ae44c9dbb3,39,112146,153,171,0
fc0b57fb-5867-4cf3-ab1b-9db8d39af965,32,84500,153,142,0
1d7662c5-3e3a-4fb5-b5e4-480e5bb2e7dc,88,88930,186,103,1
baeb1c48-faec-4d61-a08a-9416080ee5c6,30,127844,157,164,0
9a5c0ad3-e6a0-478d-9356-74e1a7795425,69,32019,168,92,1
3fe05492-a927-4456-a280-1be212420da1,60,120544,143,109,1
133974dc-822c-4ec6-985c-04ada59f12bc,62,62907,270,83,0
4256c64f-3de7-4e53-bc6d-376df69c5ea0,33,141746,264,165,1
f6838edc-0429-427f-81db-11f7984f770c,40,144646,146,84,1
f3f1f2bc-6c69-4b89-a508-33b40a4e4e4b,62,90256,217,135,0
1813a2c5-230a-4572-abdc-97378110939d,39,67900,236,99,1
59cc1176-f1c4-49db-8781-0e0873ea798b,68,57982,233,101,0
ad268442-3304-46fa-9034-06f8163aa4a4,20,51774,298,141,1
c8edc208-95b6-456b-928b-f94c5346c33d,23,149905,236,161,0
a0dc2ed8-e072-498d-a525-55461c849af9,71,52503,244,81,1
71c2c349-0c14-4e21-a47e-5471222b7804,63,83588,125,96,1
40499e6e-8ff4-4911-85e5-367c2574bd3c,21,87506,134,108,0
8e520a6e-2798-466d-981e-321a187cecdc,83,111502,232,175,0
5bf431fc-b2e5-43e2-9465-7d45f7849e2e,18,131118,284,85,0
880cc7e3-9f77-4d8f-9c3d-3f1e80781e80,87,96960,192,98,0
86130e34-b1cc-402a-bbc6-d092c9348982,71,120960,236,120,0
eea06e26-6a61-4472-a42a-f306c3ff1917,90,98002,158,112,1
1137eec4-9cad-44ba-becf-d9106434f679,87,82422,202,84,0
610382b1-9631-4a3f-9d48-4ea51804db6b,40,48930,255,134,1
963439c6-f0c3-4ff0-ad6c-793dbf326810,73,55047,239,141,0
bb8f765f-61a3-4f37-b0e1-9befae5a339f,33,81890,140,97,1
3072b609-73b8-4132-85d6-e2456b81ba11,52,35527,279,149,1
157acabd-d4b5-483c-855d-510ac38ffb93,35,67963,287,85,1
c65997e2-a1a6-4151-8147-00a67a94b601,53,85516,206,153,0
f1bee097-aa00-4173-8d3c-995bc57891ed,81,86716,181,106,1
83f96814-50c5-4c52-9be2-1bdc7d8ae55a,49,127773,216,102,1
12374771-7006-48d8-a9d9-522b26a7b419,24,146120,265,99,0
b1823912-5586-482f-995c-f3bd33544db6,41,117562,201,167,0
769e255f-7d8c-47fe-ae48-5b9533170f0e,75,39544,125,130,1
e9a2c4c2-2c2d-4a19-95f5-3a51035c1fa1,56,79032,133,149,0
1f79fdc3-d4a6-46c2-964e-bd037869611e,58,117590,266,100,0
c8a4b459-2105-4806-b2b6-e0914bdbd482,49,101364,262,85,1
07c3e470-8f0f-45b0-9bc9-67e1595863a5,39,84934,259,83,1
ac4de4a7-6dae-44b6-be16-dacccf10f07d,61,82350,142,124,1
97e9b3f8-b4f9-4a70-9245-d2ab056dd4ac,64,78715,150,112,1
52cf45b6-f48e-491a-a134-d9232e8df3c5,83,99482,191,157,0
a7daefa4-da11-40c0-99f4-d0239220ac7f,63,51453,161,159,0
ede85e78-ec93-4c68-9eb0-f9209913d11e,90,92101,190,111,1
973e0d92-b99a-47dd-897f-690117caa8ff,78,54704,221,123,1
251c2cdf-8335-4585-b694-26dcb9620439,23,111716,170,118,0
85075d81-6f39-48e2-9ace-0dde666df546,46,133770,142,148,0
780bb055-01bd-4be1-9a20-6b06f4e0f028,46,90925,192,143,0
2bc2b13f-cf06-47aa-a171-523a029feb19,18,76509,250,145,0
274cacd2-fb1a-4abb-9981-9bf7e981a68f,31,142874,231,85,0
254eae21-f9c9-4b75-819d-fee62585a019,73,109163,178,114,1
207b7b4f-07a0-4a24-9022-7b15f843e447,43,81363,176,177,1
b33bd991-3699-40c7-979c-f0320649351a,28,33454,225,114,1
f6a214fe-d4c4-473a-897a-cb808229e9d2,38,31909,151,97,0
b3f23a4b-7caa-40d0-acfd-53f22115915a,38,56578,270,100,0
faa45355-0e6b-4c76-8c81-60ef93021d2f,30,58365,277,82,1
48f47bcb-bdab-4c5a-9a5d-8b6c15f18afc,25,116568,124,158,1
c33367aa-6875-4448-ac8f-8230049cb72e,73,90073,295,80,1
90427e39-152a-4a35-9cc0-72c558e658aa,78,149996,124,140,0
c4c4a90e-c075-49dd-8ce0-e3d503ab8494,54,94869,203,120,0
d5063d31-b15a-4a3d-829a-d1fa6f8e80fc,62,138375,240,89,1
f2abcc8f-0fa4-422f-8278-f064df20677c,85,96286,179,169,1
2a16cf94-7abc-47f5-a021-d1ed6051828e,79,72982,156,154,1
2e8842a8-a945-4273-b078-49222f5e85c7,20,115746,128,162,0
24be9e98-539b-4386-bccd-9c921304cd51,87,83931,251,174,0
8ea5a00e-f615-42e9-914b-f00305806cef,22,62958,126,172,0
8fb88582-1cb7-44a9-983c-02cc5e089110,19,86787,207,150,0
d54df96d-4086-40e9-bede-fb0d1ceae313,47,109789,191,133,0
a4dfbea1-8350-402d-b80c-45ae301ef8ff,72,75067,295,150,1
8a253b19-783d-4c74-9373-10ce99e97816,23,114484,288,125,0
e4844f66-2dac-4689-a913-7a40c232e694,39,147686,267,98,1
a68a3f25-1906-4b8d-95ef-821bd8029cb3,37,79354,252,118,0
ba264c03-c66c-4ddb-84ef-a022e52cb157,47,65428,218,127,1
d14bb9a4-5eec-4c98-830d-ec47998cc84a,89,78260,183,84,0
65b645a8-5126-4d1c-b543-856b5c7dae94,42,130592,150,165,0
bc77bf64-c6ed-421f-bf49-919a83811b25,33,51471,295,171,1
a62e31f6-5411-4bfe-90b3-3208c272c272,26,146842,189,122,1
ae74213b-bfb3-445f-ab3c-730ba667ffda,32,79678,197,130,0
be206424-4691-44f6-b755-74cacce83638,27,130994,145,164,1
35bd4036-2371-4371-ae43-7343e858976d,59,124418,170,125,0
9845315e-3686-4af1-83e6-a9752fa19ad8,48,124030,234,149,1
228c9c40-7ac2-4127-b823-65411ee9b354,54,139077,197,132,1
e8015dc9-95c4-4c4f-83e2-cb66576faf35,78,52182,226,107,1
5f9c9097-90ec-4c8b-9907-8c28d8969ff0,60,101234,158,160,0
f2b9decc-fb21-403d-986c-b1242fb182bd,29,41880,134,99,0
450ae07e-c8db-4703-b626-9fe013a0745c,45,65924,280,102,1
b7582a86-3ec9-4fd5-8d35-9de1b75fdc69,40,34870,198,149,0
520f6f34-3f03-40bc-a964-63e7c3f451d3,78,111875,185,151,1
262eddfc-d9e0-4398-9400-7a4ab3456432,40,102927,171,176,0
f9ae2006-ed30-4a7a-9eae-c21f474f4a2a,28,118818,239,151,0
24c10112-cb07-4545-80d1-2a59c1747cc7,71,51147,221,82,0
f92b324c-11a1-4806-8971-4a2697d78e2f,49,69865,190,165,0
c3afdf2e-80bf-4dc1-abf7-ee9dce63b45b,24,111161,288,121,0
fe81f6c2-20e4-421a-abec-e54889f6be09,68,129186,283,80,0
eb8474ac-afcd-412b-a623-ce3d9cfd4477,33,136282,155,138,0
4c83d1bd-ecd2-4943-8632-4cb1cd482f50,81,38843,236,97,0
037e0832-a4bc-43ba-a33e-d6c35dd4e2ec,78,78303,295,122,1
08efcd29-d3fb-4282-bf66-af96444353b6,44,31290,208,127,1
08fb7280-475c-4d17-99cc-d399d5106237,58,128222,125,87,1
9b083df3-a8e8-4a90-ad0f-fb2ba20582d0,59,44756,143,165,1
b0c5134a-b8ac-43d8-8e28-6202ef411ecb,65,128658,240,131,0
6f335b2b-0bc6-4932-9870-2a2eb038e5ac,23,48721,283,177,1
82b68a68-fef6-43bb-ae47-5abd05234bd2,41,31844,143,126,1
ea1bd26e-5172-46c8-a9c6-ca664983e49e,30,135472,218,140,0
eed0713a-c747-4227-a243-15ec48ed7631,68,82657,209,162,1
3580cde1-5890-43cd-afea-bdf6dc6b3d36,23,80998,171,101,1
0f1721f6-d74d-4c91-9577-f0465599d8a7,55,107608,234,171,1
b706f646-c88a-4e43-942d-b5df67beefbf,71,62992,278,98,0
a6da91b2-db1b-440c-a0e6-adb1e4f3cf80,87,112896,163,180,1
97e54b23-4c00-4ccb-b84b-424d006cddb4,39,81489,129,144,1
cda7a396-1cea-48af-9466-980aba190016,18,62719,184,132,1
261923c6-3a5a-4e8c-9311-418ab2172743,70,77381,176,101,1
3ca7ccbc-369e-43e3-9654-8b841b2cfecf,18,30737,251,137,1
fb166afa-3e42-4c28-9046-e1490eb951e4,22,66175,217,135,0
8a36bc13-e2ec-481c-9700-0e2764efb8f0,90,100974,123,179,1
f054deaf-b353-4160-bdbd-60c586d708c9,80,46548,181,164,0
6d7c8c52-a707-4857-aad1-f26f55cf9a1e,69,44225,253,128,0
976af7d3-425f-48be-ae02-ccd62f711dae,78,108710,206,119,0
6c64a3eb-6b79-4fcb-9807-862d158c4f62,23,81388,221,119,1
37c55837-4e74-47e6-ad75-95df8916e69d,24,46392,167,118,1
dbc22f46-47a5-491d-b5b9-4a272af99e1a,39,119741,177,81,1
8926dea5-5e2b-4381-a565-215bf39486ab,19,123051,143,83,0
437506cf-7979-45e4-8501-b533e132dd57,82,34171,134,155,1
65f7a785-507a-4638-8637-af72f350b77e,22,54202,126,105,1
359fef04-5e97-4e1c-8296-980f0bfe1eef,57,74441,233,121,1
2ac431ff-d714-466f-b64c-c0dd40ee0da6,80,117765,148,150,1
64a5744a-70e2-4bd7-ab12-f389be17993f,71,38883,223,141,0
72663122-4a28-4863-b073-343599e649b4,35,126671,292,116,0
317b7027-3906-4404-8050-1a1b7122518c,52,68333,246,155,1
8ccc4bed-74f5-4eee-9b26-c1054216a15b,58,45039,224,95,1
2c7c82b0-65d7-4bb1-a3c3-c0fa692f6087,74,133605,141,127,0
9f09c3a1-f382-4b6f-9bb1-6df4d92bf4d1,49,40409,208,90,0
0aff56c9-a8ad-41da-bf6e-6ade7414fb42,38,45549,281,133,1
da2469df-99b3-466e-a5f0-a764b384acff,76,143949,189,89,0
fdfaaedc-b87d-4dcc-82ee-4f51e2b15296,82,92348,269,175,0
8592a828-fc0a-4a3a-90b6-caa3dac83d2c,53,85566,248,146,1
76df4c62-bcf8-49fa-bc2e-f6d880cac972,20,112483,168,104,0
ec61e096-e939-4972-a5bf-845d2e34b82e,54,105628,145,141,0
a94d8eea-1165-4b62-89fe-9d143cf311b8,82,103627,123,115,1
3d984004-4646-4bff-bc9a-aaee2b712e99,90,32791,169,132,1
c3f0b0dc-495d-4fef-880c-2e2cde09dfcd,47,96208,180,96,0
bb1b944f-0d7f-48ba-94d6-dcbe439a6d70,28,63445,238,130,1
e9fec691-9a96-4d39-b393-0d79744ad3e0,59,126921,223,90,0
d257891a-95ec-456e-a7de-7929a2608059,78,90648,206,95,0
ae3d1a33-6579-4e24-8b51-acc793ed02cb,86,44852,250,138,0
1b62b2f7-e28b-447e-80cd-f224be0035a9,21,136347,259,130,1
9ef9669f-0c64-488c-88ea-b1dfe6b6d7c2,39,64114,249,109,0
396783a0-4a4b-4a2f-9c8a-89652a31ef9a,52,62573,282,86,0
a025b0ea-aeed-4001-b611-6fcf4c98c86f,25,142354,185,122,1
6828d1d5-01d3-4450-9cf5-029b00af701c,82,123023,269,173,1
f9bb80af-59a7-48b8-b129-0beae7ef9e3a,26,133143,196,151,1
73943310-3abd-4d1b-96b1-a9a1a3b80a87,66,109466,153,85,1
bef6fa43-96d3-483e-8622-d6b15a036b5c,85,139259,146,174,0
2f5d8aac-60b1-49d2-a671-4dfccb74c6bf,68,43832,136,122,1
2a7e9bae-1257-454e-a4c3-567fd363b478,73,101997,292,138,0
5881fe50-15fa-4432-9c0b-4463dcf39088,37,65205,150,80,1
8f85f824-fbfb-42a1-ac31-a0d419b1bd1e,78,77811,271,111,1
63e75c20-39a5-4d75-bbd7-109990644f1b,48,58543,261,159,0
e9cfa51b-fff1-4a1c-8b46-f64e1ef98349,22,54604,199,113,0
2371e41a-865b-4d50-80ae-5c6f6d0e1dc1,44,83103,285,96,1
68db312b-4f39-4712-a72a-5055034e24fd,43,140195,284,89,1
dbf67733-b113-4344-ae20-6b915745652b,56,106240,287,173,0
4b9634ee-ffd0-400b-aaad-1a1df2bcb007,37,71922,209,162,0
6a204657-b3a2-4cde-89bf-0e801c778cfb,51,82010,173,84,1
eeb16ab4-b3dc-49ed-806c-583e4e9d3138,49,93580,127,173,1
50d32e9d-8be2-4977-b727-5a33f9d18cb6,41,59344,272,162,0
f8ab6d9d-c0e4-4f44-ab86-0a7173b5c39b,68,92545,278,116,1
9ee42754-48ca-4f69-bd41-7ee651f21078,40,113506,217,146,0
b7068b99-bd2f-43a8-a2e7-19d425bdf79c,73,59180,132,106,0
580a76bc-ce7c-4dfd-b3cf-cf6ebf8d528b,36,100137,268,105,0
16cf2245-566e-449d-8933-98d0527ee868,81,115004,173,152,1
5d8e8035-cbe5-4257-be34-044da9d49a26,44,92318,219,100,0
a1d456df-37cf-4d66-9e6d-626ae598d551,20,65035,239,115,0
f57a0866-ee62-4a78-87b0-7e0988acbf12,28,96530,146,116,0
71a30cae-fe1b-43c1-b6be-48728084115b,76,125189,131,95,0
86b23b51-06ba-4916-bc24-1d4de515c20c,81,56628,134,163,0
c0ee619e-f282-4de7-bfa7-9c0303845216,33,98961,293,148,1
28048d07-39c1-4134-81ce-719ac9051dea,61,111652,293,167,1
4801f5b9-993b-4de5-add0-0876cffbec0a,59,68579,197,132,0
ef72bbf6-f82c-44a6-9251-c50590ada330,27,76500,197,97,1
a8f6fcc1-bbba-4f21-b76c-6e5fbe9f0d79,50,136663,193,108,1
fc16abf2-a30a-4c80-9714-de11b88f60dc,68,73616,183,115,0
576f6391-3bd2-4ee6-81ad-fcd2d0d570e2,88,101788,218,175,0
dbdc78a8-0e95-4130-a5f3-6b395d66c01e,79,47968,184,103,1
17063295-999c-4a3e-a0d6-065d5be1f767,25,141118,231,150,0
d743c494-af81-4962-944b-8f42681c4499,35,101621,188,92,0
b5ede946-27a0-464f-aa7f-d5749c5224e7,49,121244,234,176,0
23a321c4-2b87-47d8-9df1-5b46199063fe,28,102320,291,145,1
7cf6d6f7-6ce5-4cc6-be6f-33999e77e353,59,72659,157,123,1
979d1f24-266a-41a6-9d39-5b29b188a26d,18,70836,131,114,0
6abb9cfe-bb83-49cb-ae9f-52c4eca6b7c0,26,114145,215,115,0
fab81428-2bd4-487c-b8ec-4c3061cb20d9,21,133182,141,102,1
12d99e8f-cc79-400e-b203-db428292abdd,39,45317,161,140,1
f91c336a-1317-4f9e-8065-7eff8cd7b114,73,131455,262,167,0
bf061126-e067-41a7-9e6a-28ec84c37106,30,129601,195,104,0
01db6855-9c26-423b-874c-f3bd85a34f52,90,43086,219,155,0
9e66dfd6-7e61-4b69-8640-ae7d6c789e54,37,42979,260,137,0
2f9744bb-2513-439b-9fd2-8c28dcea84f1,21,113405,143,158,1
e3e3ae3f-5163-4205-9201-3756c6498607,42,131137,206,157,1
5c01ced7-2bd6-4e54-bcc3-2f4e69ec8ff4,72,77260,126,83,1
397ec319-252a-4c27-9c22-afa208c829d0,25,106876,210,82,1
f153b8b3-776b-4d09-82f2-92d2eed67236,23,149966,160,172,1
424a45fe-aa58-4bf0-b6ae-19ecbe06da97,80,68735,284,95,1
cb793d0a-8a5f-4246-86e6-2670a791d617,61,57003,167,138,0
b7823f9d-8eb8-4506-95a2-ff9c5a2390ff,43,148995,156,156,0
49021ca8-0d4c-44af-8f02-d877ba8c47ac,73,63663,122,130,1
a7019702-51a3-4ea5-96f1-2dc858959cc1,79,86711,144,80,0
a2ad547c-9085-4387-95ff-60dc0a03ebb4,44,83053,159,81,1
d15e4ab4-c1df-4dde-89d6-3554e94d83d7,58,92787,161,147,0
e938317f-09f5-430d-ae41-ab6bafa5f887,18,62246,253,170,0
0646b435-448e-4926-b3fd-519a3324777b,40,111483,280,114,0
eade5919-6ab1-425f-a5aa-7f5ff8c7b7a3,61,113039,274,134,0
95eb4abf-dc31-4243-a05a-cc02c186a917,32,54067,293,174,0
da2fd1ed-0a42-47bb-af77-e4ea5c0e9741,90,87709,282,163,0
49bb491e-fcf1-4928-b752-7406de551d5c,88,36883,202,134,0
2e82a602-ed2d-4775-81a7-e8b19ebcb686,36,56505,190,146,0
c1a613a6-6982-4481-9701-0839fdfb1f79,46,148467,237,177,1
b15fecf8-25ec-4293-90d6-7465b9b0df30,31,90765,177,160,0
9ef7391a-85c0-4683-852f-da21dc57148a,54,104728,229,122,1
8ec40ed7-d4ca-41ff-a2ee-c28468bb9405,27,136655,300,149,0
263b9279-482d-4b59-84d5-391caece4650,46,115649,155,113,1
90813b83-b310-4461-9dc3-98f2342b6541,58,125088,259,173,1
27712a13-19c8-44fa-9038-148b86f6a4a5,62,115446,289,89,1
bf045cc0-d435-4e7f-a32f-2d2b5ec1ad6d,61,89859,217,102,1
635d8070-ecc9-4079-8135-f0094270a207,34,105909,184,114,0
3b87251e-0c71-4c4e-b228-34687e5941e6,75,64619,166,100,1
d4145701-8267-459e-b207-9e3b54ff1f6b,68,136850,150,140,0
a850d857-e257-4be0-a6ee-4b06f5766fec,72,51586,178,151,1
95d731dc-775c-4adc-b7ca-d510eca0dfd5,52,136092,255,169,0
14d7a17a-38b2-4845-8048-ba47dd03af51,83,135406,213,130,0
e0ac3db7-b5e9-438d-ab3d-b73c95b23683,46,47073,160,142,1
ed8417fd-33de-464f-999c-6d5d7421bc3f,76,115220,218,140,1
d7df9ef3-b4d2-4b1a-bbbd-b584d22bfaf2,32,148761,266,80,1
b238da2d-79a3-401d-9667-9f085c922d8c,36,98660,122,151,1
cd9c0fa4-93a9-4644-813b-cc1bbda2562a,56,70841,123,82,1
9410c97b-652f-4d30-b1cd-252c572185d1,58,135533,293,135,1
8bd82066-3f4b-4a66-a273-fac728e30e3c,72,91507,255,180,1
f90e072b-7376-46cc-883c-172302ea6c1e,39,44602,224,159,0
9003a77c-125d-486d-8d09-d4b6323a2c3f,81,59913,283,131,1
9d546dbb-a0c4-4407-9593-daec20aa2451,42,111899,226,112,1
792f9a06-803c-42bc-8712-2680301269bc,56,84644,214,164,1
cbbb80df-b270-4650-9572-2aca45de9610,86,56005,158,166,1
f3f4e069-5f9a-4ada-b180-66fafd2567d2,57,125884,266,117,1
08bdfef0-5d65-4475-b9c5-52cdf89371a8,67,44469,258,90,1
e1eb2387-e70d-4cb7-bae6-a02dacb4eb70,84,56288,173,138,0
ee70e357-abca-4d76-9564-5c45876df7e2,89,85873,253,144,1
580f712c-5ccb-4626-8eb3-4c0b24c0af33,54,34742,251,174,1
4da04f93-48b6-4284-86d2-1aaeca491456,48,76487,137,169,1
7a52b7f0-4d1a-4aa4-b0fc-e8aed76cfc89,32,139195,149,103,1
5aa3e8a7-aec9-4c24-85fc-61e8ba55e068,57,142941,227,105,1
7f1a9c2c-5953-4620-8416-e8c0762fd93c,85,134635,232,180,0
469541ba-8663-4fbb-9f94-9343f9a390ae,53,68877,239,113,1
3ef2c2b0-b773-4c6e-b403-7615dacb486a,43,37784,187,126,1
e7bb6145-4340-41e4-991c-1d2bb225955f,25,127789,271,110,1
1ea9f11b-eaa6-461e-88bc-e1ae0d460f18,46,74798,200,119,1
51bd478c-e8ec-42a7-a8d3-a6119796ce4f,35,119859,157,136,1
b6df0ce9-7d66-48b4-a1d4-b71a9ed6effc,89,44300,140,109,1
d0c7ba2e-83c4-4f3e-9984-0416cf34569e,56,110151,278,121,0
78086341-87ff-40b6-a034-2049069dcba0,28,100367,247,115,1
aba6cd8d-0ce9-46c4-a59a-f7cc0037e13d,22,140448,203,90,1
6e0c47f2-8f41-49ae-b654-3e7a15e5b136,80,42231,157,159,1
47035354-6391-4ece-82ad-95b309a937de,85,78951,137,170,0
1b9a05fb-2002-4c09-8564-89c3c881ef6d,73,148794,147,129,1
8abd6a0b-65b6-4eb2-b1b4-89b79c91288b,27,76760,139,100,0
570373a2-a589-48c7-a817-8c9be7192f1c,25,108965,215,144,0
e2f911f4-091f-4916-a540-af9818b6514d,32,49313,155,133,0
2692532b-7248-4ae8-8c5d-7c1e8673d729,72,117409,143,135,1
ce42a0d2-9a61-4ecf-b783-a940ad0e3df6,73,63091,171,140,0
6bac1202-aa0b-48ca-9d0c-3a7ba89f8b48,79,98667,246,152,0
8a8e8a29-5047-45b3-8f34-9b2ef3a8f71a,25,135574,209,84,0
732e3586-934a-4da3-b151-c5692a9c6a94,29,109326,147,90,1
e7b1165a-5238-46fa-8580-a73659976900,83,86926,255,89,0
db2212ad-518f-45dd-9873-3d81375f0ba6,85,52806,208,95,1
7ede30f2-e2ae-46b5-8b97-b4003a118c0b,70,70962,153,178,0
f0cc3c1d-36c2-46dd-822f-f2ac59e3ae77,25,131913,245,153,1
a1a5df52-9a2e-4dfc-bbf8-342de71f6b67,23,55933,299,147,1
afe94133-0f3a-43dd-9032-d5a72b70becb,22,108756,217,150,0
49ca3912-486f-4e70-92e3-c15a851c6ca3,68,88195,149,83,1
6e3621c5-71fe-49e6-8b89-3e564e95b9f0,79,68505,176,101,0
6855387c-fa7b-4423-bf87-c176590ef32c,64,116000,228,160,1
d8d9a535-b7fc-4f94-ac19-b82977d90b13,37,73456,300,126,1
28a599ce-937b-4619-8be7-c021532da69d,73,64403,288,131,0
f8c5962f-c9b1-498c-ba56-896c03f55640,22,93510,288,155,0
cc21a220-bfe3-4d66-8f7f-f5f3921871c2,78,120926,270,87,0
9d66e49f-ae84-43f3-9f84-0ae39ea1a23a,83,133697,224,160,0
b8d2f25d-7537-4e51-adb9-2284ac084077,70,105575,237,148,1
3e63dae3-65f5-4f99-ba5a-b5fc6daf33fe,82,109438,252,120,0
58b6861c-4d7a-4ab1-b943-4a679c798753,60,124508,249,130,0
bc4714b4-5a4d-4a6a-ab47-f1b023008ec9,52,62309,235,87,0
76ea9681-651e-4822-b342-ca92fcf4c66d,41,60109,144,100,1
32e4185e-f39f-43cf-a419-01eba41da3db,85,88078,279,104,1
81119b59-aadd-44e8-a34c-62fa56bc7cfb,68,105724,121,168,1
634f2e3c-8986-4f2f-a270-9c58008f7bd7,31,107520,197,91,0
87e74862-b12b-4846-9e9a-ab175cc9c57a,87,48448,198,109,1
874dceb3-a3a2-4b07-beb0-b9274837be02,22,123674,300,93,1
a7e67387-5136-4c63-86dc-09caacd9a334,60,73656,136,108,0
cd8e6483-2196-414d-8640-19418ed9ea84,31,135275,206,81,1
0da39035-3040-44b3-9f75-98033c0946f2,66,116923,184,107,0
97353b71-c83c-43ca-abe9-832c766476f6,48,147954,137,153,1
0d282c94-e8c0-42f0-b1b0-842859be71b4,49,105800,160,157,1
b3ad4dec-70fc-4291-bcfc-f84a7e2574d9,67,93299,196,118,1
0a845b40-79b6-4e73-af25-046daf95d467,73,52543,285,151,0
30e9f9e1-a166-47f7-8440-49fdf7e8593f,45,77840,190,142,1
3367aa64-66b7-4205-a711-f8457a36fcab,90,133001,279,171,1
f7275936-5782-449a-b77b-44e6a0211e54,54,75843,252,161,0
c6c60647-8d8f-4ca9-96fd-ad1dac21d7bb,29,36402,268,103,1
d78ef22c-113b-453e-af4f-875d270a7691,18,59416,274,139,0
e03ed6df-d342-4ddc-b697-75be84d47f2b,32,101426,249,159,0
c5c7a783-124e-4edb-8e86-75e32bd0aa34,68,105493,252,110,1
0e89b53a-06a4-410e-8390-aef23be112c6,57,148059,147,137,0
8b049333-144f-413d-8a37-f55d1b981af5,42,142063,249,120,0
87be86da-c667-4388-8649-a49fba46d4c7,53,93781,128,111,0
d1cab51b-dc05-4637-a411-006c89eac3f7,79,96542,253,100,1
f92047f5-1733-4f32-978c-80f52830e0e8,59,126081,238,83,0
bf1efa95-2213-4cbe-b61f-dc0331aec416,22,35837,257,155,0
abae9de4-a302-4dae-b542-87f281864888,21,101422,236,162,1
537b79c1-5bbc-4371-9ea3-32056b403c29,53,86880,186,145,0
f6056f98-fb9b-47d8-b2ab-5bffcbd31caa,47,123971,186,104,1
c9751b2f-3769-40d3-9d99-8be460a63634,80,126043,227,81,1
1575e716-1788-415c-b279-ac6e54da532a,60,108671,205,143,1
7cd7daca-4620-4cfc-91ad-8a99ab35a8d6,73,108874,181,100,1
ab338d0d-8e4b-495f-8ba8-b79b4ad8ba8a,60,112936,208,135,0
901202a9-64c9-4c61-8b39-f177adb36682,43,99616,217,177,0
480eac34-6857-4dd8-aae1-ad3e0da2ede2,65,57337,163,80,0
e1ef9a9e-d033-4587-8a7c-807464ef3e0d,63,64143,235,138,0
6b1e37c9-fdd6-4a67-bd6a-aa48b77ef46c,70,119019,176,180,1
a8cc90ee-c317-4620-ba12-220ec5980ad8,31,104204,168,113,1
916c9ddf-40d7-4b18-b253-93556f1209ae,64,58549,195,162,1
3d53edcc-98cc-40dd-9d57-b3c082e1154a,38,135343,138,163,0
40a149e7-ef51-4279-a4c0-276341606034,75,147677,229,129,1
3a909d18-9300-476e-98cb-86dd0316c10e,76,105130,252,110,1
fafece79-5a25-4076-b8b1-b45979d6e700,63,57334,293,148,1
d38ae092-b365-43ef-add3-a707f9a7c874,87,142594,171,142,1
f50a76f7-9413-471c-8d06-571551d7e324,57,58402,217,128,1
c4ecbc23-2c86-4736-897e-d0bb32b44299,19,81896,211,99,0
e44cb0fd-fa95-4c28-b986-61a60f9e2b20,62,133041,252,155,0
6049a5e6-f97a-4c86-9f1f-e42319f7fa24,74,92481,233,101,1
b3cfbdd1-87dd-40e7-a59b-3934490f70da,25,59158,266,93,0
123deb9b-5d5a-49d4-9d91-3188b07cea2d,25,39612,273,86,0
9b79f21d-b5cf-499f-9414-d44fa59656e7,37,73308,140,125,1
a3cd443d-9cff-492c-b13e-ed5f81725b5e,79,110651,184,92,1
c0590b4c-c404-4e71-a0c0-3f194b5abb4c,56,115757,238,113,0
5210035d-04c4-457c-bb79-9a4aef884980,89,56753,218,104,0
cf110785-e702-44ea-8d50-95bff0f85805,81,49049,207,126,1
d61d035d-8fdb-406a-b260-dbffe2d8d6f9,58,114175,151,158,1
7f7a6c5b-4775-4a4d-9e24-ff7fcce121ae,67,49088,223,125,0
f690cf35-6371-49cf-9f3e-68b6b8336f53,42,37710,254,136,1
23fdb651-19c1-42b2-8ff6-e355b63310aa,24,88363,126,94,0
126e813c-6fc4-4dca-ba2b-70f47039d62c,47,98509,227,91,1
c107c37a-26a7-47d0-96d0-b714ebcd7163,61,59243,284,178,0
ea1c3c22-2876-4686-806b-f57942e560fd,31,55346,223,142,1
d0726e07-6315-444c-9ad5-311abe9b5053,34,58279,292,81,1
78257986-a832-4af3-95cf-7c89f3e2b2e9,19,71139,183,137,1
42ad93bf-1f74-46d5-9256-9cec0f782288,71,31108,120,81,1
b1b45c4b-1e32-4b84-a38c-c1e34cfce226,83,31410,243,87,0
ebb60ab6-00b4-4035-98b3-50c2f4ff0645,78,74454,158,117,0
a0845c5f-fd67-4811-aa8c-aa445d99a034,45,32388,121,146,0
23f3dde7-75bb-4408-96de-937d29365b80,61,68190,152,142,0
978c9441-e16a-4ebe-9b5b-e5e43108a30a,88,99710,289,159,0
5addaa4d-2992-4a73-940f-b192225edb50,61,33738,261,98,0
9ebbcb55-7620-4a8e-bdbc-d7fa26fdd0e8,39,104139,169,99,1
b32093be-965c-4a7b-b5f0-b714e47d95e3,42,104548,228,133,0
4b00a251-e833-43d4-9796-09ebbdc42109,71,98800,181,167,0
55291a87-dc93-4ac6-8002-8d94e788dfbc,50,105199,152,152,1
c1cb1318-8738-49a8-959c-b4203db8447a,79,127109,298,147,1
3a1a701e-9e9d-4890-80ee-b810b4535210,81,38496,267,89,0
72507f18-54aa-480b-8221-d51339ca7b25,20,50259,185,168,1
72204c7d-b230-4b30-83c5-8a4db9dd3b96,70,68045,183,179,0
10549c25-a5c4-4988-8885-c4a0431bf287,45,112574,267,138,1
ad7ac997-5f4a-4f06-90f9-2546e8d95979,55,134737,203,114,0
e38fcda7-6a96-4c1f-bd69-fe87720285d5,37,140240,188,146,1
3a60c235-6331-4a6c-8279-159ce1de728e,44,99860,190,144,1
a60697e9-e184-4913-8487-a4e612935039,42,79214,200,173,0
d013c061-4ab0-488f-a103-38a92be853e0,21,79437,214,91,1
f1f13cc5-532f-44f4-9001-eebd8f5ced8e,75,37178,127,132,0
e49a3675-d5cc-46ff-a534-187a736f866e,28,85812,206,151,1
052b8f8d-6c4a-4150-95b9-f8187300edb7,45,91541,199,115,0
ccfd63db-c8c0-4bc9-89ce-3f4bb651d3da,32,54993,169,164,1
3050e6d9-c66a-452a-8504-151afc7f0c5f,29,122154,184,86,1
2ef4b261-491f-40ee-9d89-09c63ddde519,45,127426,196,90,1
e8a41875-ead3-4462-8463-4a56b727981f,85,66242,186,159,0
b33e7b15-faf9-437b-ac67-61c6a85904e1,86,139681,284,92,0
3fcfda96-6299-4fb6-8ea2-e8ece91e1c47,45,42852,215,122,0
d31539ec-cd84-44f2-b85d-68f8d4245580,54,139280,211,108,1
c0945884-104c-4079-8a90-2121cff9ba74,89,122170,167,149,1
3eb12bd1-0744-47f8-bd38-cacbdfffceda,35,56872,285,81,1
86ff9703-9990-44ac-96e2-db7f87e1e95b,86,108020,124,116,1
a93dc91c-f4f4-4fe6-95fc-8eee418f4b67,25,67289,219,179,0
d5091609-a8ad-4563-9e88-6eb5a39a3466,34,125968,150,117,1
f71a5843-c029-4f46-8f7f-d82e21aba4e8,42,49274,259,140,1
16dee0d9-727d-4e3a-95cd-0e6951722a0b,20,59389,188,179,1
ce473b07-f9d3-4f13-8ea1-fd8bc6a1b06e,77,66864,173,141,1
c71ada28-75b2-4c62-9bdc-a938093000f4,80,53961,130,156,1
4ce1dd1a-475b-4796-8be1-2e41f0baf69a,45,69936,263,176,1
287c7d50-e7d3-4ec3-a244-afae09a0418b,79,102310,191,142,1
0114e07a-6531-49f6-ac47-6347b85faa37,74,105973,167,164,0
c73e40a7-073d-4cae-9e39-32e953fbd55c,76,96472,272,131,1
5a33f366-d7ad-4926-b2c0-936caac4458e,76,52757,123,162,0
3283a49e-390c-4dc2-9e65-c108804977dc,59,54293,204,144,1
c24ded73-b5c8-4e55-95bb-e7b86ec01980,26,140328,149,114,1
bb2648ba-4693-4697-a724-11c0251e1f88,85,60160,142,136,1
55c333e4-3b6a-4d60-acd6-71ac4cea45b9,62,42372,123,113,0
8b27c0ab-bae8-4ab2-b4d0-0f2e25748bcc,83,84479,153,120,0
389179ed-22fe-48c7-8146-e4e713030eb0,88,30825,291,109,0
cdd7f032-c8c3-409a-a385-e5dadb43e6ee,31,71118,200,129,1
f316a83c-677a-47cf-ad26-e5116ed53230,47,132594,300,115,0
92ad9c00-75c2-4c3c-b346-c71c4a68e23c,32,62087,168,143,1
1c4e6a0b-e2fd-4901-b432-50efb48ee6ed,21,114453,257,117,0
9c6bdd92-3ed2-4974-8fdf-f65e55e0f5de,88,88778,136,129,1
af8fe5d4-2d1e-4593-9fe9-64f3a7b50dc8,85,72643,139,94,1
f7e356a1-2667-43d4-8c53-487555ebc233,86,109389,122,119,1
0f6b422e-39d2-47ba-b537-fe1421c237a7,82,101460,282,115,1
acef31eb-dcd2-4a4b-801f-4db474d27d99,65,68188,241,177,0
3aedef09-af50-493a-91f5-726e6227ac35,56,56825,254,125,1
539abbc7-6e42-4bdd-9296-c8d18eb2816a,90,140019,287,82,0
d48fc1a2-8f25-488c-8aed-8c1d538ce608,58,50206,180,111,0
686089d2-d93e-4a6c-8355-242eefedbf66,64,145140,250,153,0
0bb60e93-94d5-467d-99d1-0c588599ccd2,33,86538,210,96,0
65c64008-4eb2-4074-855a-b44de7b13193,72,149610,218,96,1
71ef4869-bd4a-425a-95d9-a74dedc1faf8,77,72382,239,117,0
35af4090-0376-42f8-98c5-657a3971431a,67,97861,205,116,1
a0acc747-8ddf-435a-9354-0d3a1f2c880b,54,103828,124,128,0
